lsbg,restaurant_n,nutrition_score,carbon_score,diversity_score,sustainability_score,hygiene_score,practice_score
11101L,0,,,,,,
11103,0,,,,,,
11104,3,0.3619033115468588,0.4182711662272648,0.1513818549682734,0.5837341719846576,0.4672813295920697,0.0
11105L,5,0.4858985493060437,0.3489051264278058,0.1513818549682734,0.4381491592756607,0.5794105037162816,0.0
11107L,14,0.6656077024189745,0.6747557364647747,0.3553589461922984,0.107055375679781,0.5031079936278734,0.0
11109L,12,0.5269461562407743,0.6803778995404531,0.2508911503117071,0.3030123668070267,0.5095504657894703,0.0
11111,4,,,0.1648508567221603,0.3380673556053178,0.4865316040704909,0.0
11112L,6,,,0.3297017134443207,0.4840630515087312,0.5240066830946959,0.0
11114L,1,0.8458900654829311,0.5913709655450055,-0.0,0.4509330878174691,0.555421208118505,0.0
11116L,7,0.5763032404772349,0.5957851680776982,0.4627948640243697,0.3005233512617861,0.5520908359220298,0.5714285714285714
11118L,1,,,,0.8857289451148507,0.8982622626682613,0.0
11121,5,0.2371686330131784,0.4017179067296665,0.3297017134443207,0.7379284527805645,0.6202193547282286,0.0
11122,5,0.7310403175531428,0.560156247635249,0.1648508567221603,0.4005697789217706,0.5837209263907598,0.0
11123L,4,0.6652292451015945,0.8929950011048119,0.1648508567221603,0.2191111311568694,0.2942442605235026,0.0
11125,1,,,,0.0295450322869673,0.3045113234379371,0.0
11126,0,,,,,,
11127L,8,0.8344112856575989,0.3638818850208708,,0.3433183768502924,0.3887422703851477,0.5
11129L,0,,,,,,
11135L,1,,,,0.2823778656052685,0.0,0.0
11139,0,,,,,,
11144L,0,,,,,,
11150,0,,,,,,
11201L,1,,,,0.2823778656052682,0.2525552362061024,1.0
11203,1,,,,0.5984189072531452,1.0,0.0
11204L,3,0.3309136055939295,0.2896987591242271,0.2508911503117071,0.7066773295194358,0.6943985573751363,0.0
11205,1,,,-0.0,0.2823778656052685,0.3197179831155472,0.0
11206,7,0.2002891133118282,0.4044266219201826,0.2954920697803505,0.5143789621375479,0.5335917447292894,0.0
11208,14,0.2347881118479004,0.5876464821580458,0.3027637099365469,0.2138900561817683,0.2679989588349048,0.0
11209,22,0.6674856782840044,0.5121855772544543,0.4387054282775823,0.2017078648357465,0.4221080862403757,0.0909090909090909
11210L,2,0.7198613179333625,0.6807585668320355,-0.0,0.4425337988727733,0.4151415595090817,0.0
11213L,11,0.5245813912078451,0.3765655513891602,0.3760307573686181,0.456945802838396,0.5624718201415096,0.0
11217L,9,0.4597906481336413,0.562915124218182,0.3168314930005712,0.1975434215672439,0.3867551522164513,0.0
11220L,1,,,-0.0,0.3230117138171386,0.3025478261718718,0.0
11221L,16,0.3774665656244058,0.3305465191201777,0.3827718356894354,0.1921479460398164,0.4143492501746882,0.0
11223,0,,,,,,
11224,5,0.6615435988321292,0.5081317177856548,-0.0,0.2127349477790786,0.7541053092982557,0.4
11225L,6,0.4605823680085305,0.4400268787098222,0.3168314930005712,0.3820185829025849,0.6615002451602051,0.0
11226L,2,0.1000550578559928,0.6029319721782486,-0.0,0.3437270089839735,0.2853047836913832,0.0
11228L,10,,,0.3393972336525825,0.2751317891809929,0.5283409840709904,0.2
11233L,6,0.8944786160525648,0.8455029113557505,-0.0,0.3642287252603498,0.4077553091156674,0.0
11235L,12,1.0,0.8976920209701037,0.3168314930005712,0.3530672287747473,0.5233410524824379,0.0
11237,11,0.0,0.0068044301441105,0.4121271418054009,0.277173636055819,0.4588507337627436,0.0
11238L,9,0.6054970247080897,0.5376911097456514,0.3297017134443207,0.3132633034580301,0.5315896442043531,0.2222222222222222
11239,0,,,,,,
11241L,1,,,-0.0,0.3613881260172378,0.5468674620498489,0.0
11243,3,,,0.1648508567221603,0.5352106989235694,1.0,0.0
11245,1,,,-0.0,0.3636455620290079,0.6553506859999428,0.0
11302,2,0.5552887781215605,0.5743447557760474,,0.1875655531109056,0.6276528415871532,0.0
11303L,20,0.5039144918492445,0.730321329884551,0.2865551220069166,0.3688595294172394,0.5902793790025986,0.0
11305,1,,,-0.0,0.1069750874906971,0.3739217213611338,0.0
11306L,37,0.5175408494752645,0.7060330293335111,0.4126642810846537,0.3150340905223353,0.3787994112309132,0.0
11308L,15,0.4794411254664776,0.345322169826594,0.3827718356894354,0.2944947382431713,0.482330091834336,0.0
11309L,7,0.7579565175617947,0.3000335983872779,0.1513818549682734,0.2994901726826163,0.4796744377680265,0.5714285714285714
11310L,8,0.6337030344860589,0.560156247635249,0.3162327116904337,0.3157054249548797,0.5308488619259208,0.0
11315L,8,0.658286220708032,0.4957371589500147,0.3168314930005712,0.3742837292344769,0.5545712312154897,0.5
11318,5,0.3779876921704713,0.6032781841415971,0.2612824261163803,0.245504339145151,0.5011862172288636,0.4
11319,4,0.960059259685971,0.5523230087658498,-0.0,0.2872483611101158,0.5081738040345599,0.0
11320,5,0.3845558298598253,0.631098788339241,0.3827718356894354,0.4028101637518613,0.4539942922760725,0.4
11321,3,1.0,0.6925823236160342,0.1648508567221603,0.3761921537575854,0.4545141592577915,0.0
11322,1,0.6349816792128342,0.976782441224148,,0.4087942822644189,0.4964954018677653,0.0
11323,1,,,-0.0,0.4720024905939944,0.3881479516647929,0.0
11324L,2,0.2926260337574402,1.0,0.1648508567221603,0.8386100989055308,0.9800671796157688,0.0
11403L,177,0.4133145791458662,0.4925945460454942,0.6281432944460743,0.3728308878004779,0.604212415719436,0.1242937853107344
11419L,29,0.5783048137203167,0.4354089437525437,0.50326966740686,0.5428012844321952,0.7340026472217762,0.0689655172413793
11422L,20,0.5594334242820033,0.5730949908102776,0.4432381046705258,0.363212836241194,0.6135366901026241,0.0
11427,1,0.0832463837350422,0.5680387521579148,-0.0,0.5281875646647278,0.7539218778293698,0.0
11428,1,,,-0.0,0.7071370255800145,0.7900599669440298,0.0
11429L,35,0.2332508392243681,0.6454532439436744,0.6181205261351888,0.5337795188997059,0.7588238676923921,0.0
11501L,8,0.3254025896716476,0.4187966665287758,0.2260023800196072,0.3472406228481813,0.3526163874037303,0.0
11601L,1,,,,0.119842472757789,0.4044408013193752,1.0
11602,4,0.5655141528700084,0.4900045936726616,0.1648508567221603,0.2013951826234739,0.3841198877352476,0.0
11603,8,0.5119074662996466,0.7394832255258956,0.3162327116904338,0.276078009703377,0.489964811998713,0.5
11604,3,,,0.1648508567221603,0.4509330878174691,0.2791668906419201,0.0
11605,4,,,0.3827718356894354,0.4972857739258244,0.3280816459382327,0.0
11606,3,,,-0.0,0.6544907049648647,0.6775183050998693,0.0
12102L,370,0.489545224207745,0.6161760437487451,0.6047722820434928,0.4184504282819198,0.6411573763189616,0.0864864864864864
12201L,47,0.3799850817931933,0.552446884830422,0.5671267692935029,0.4430992318002381,0.6728832045646475,0.0
12215L,30,0.4541593301482823,0.663515588188704,0.5452202923854499,0.4945099088147335,0.7386232551776657,0.0
12222L,10,0.1207966103632307,0.2480090685376836,0.4156946192466096,0.3467599406609645,0.59513955494312,0.0
12301L,196,0.4113250226401996,0.5959711597574466,0.5509029589036619,0.4348892232279921,0.7160597394467055,0.1632653061224489
13101L,66,0.4922386424709349,0.5949751570434483,0.6544992551676649,0.3192402949101123,0.4741581105539343,0.0606060606060606
13108,19,0.2024781172192309,0.5835373103461421,0.3879820877476868,0.198736532305734,0.4276881628763331,0.2105263157894736
13109,7,0.6568493965975052,0.7649279501250609,0.2884889992637806,0.4925596798193103,0.7503813418674922,0.0
13110L,31,0.3624596578459826,0.4617328069532893,0.5119470047404376,0.3209431820076595,0.4750662827548298,0.1290322580645161
13112L,26,0.6089362327087305,0.5971175656163683,0.4996034458241886,0.317187098970548,0.4578561716104171,0.0
13115,19,0.5067601705257369,0.4339509590074865,0.47363970250103,0.3261618773203988,0.4645769918957833,0.0
13116L,13,0.2826715816900313,0.6291231732816616,0.3711829972644872,0.2590681625696576,0.4704900143104297,0.0
13118,14,0.3981130490892915,0.4833212117471001,0.2954920697803505,0.2652822116399557,0.3806024933735765,0.1428571428571428
13119L,27,0.4762341957145556,0.683700086812445,0.5583238362961536,0.3685168608170943,0.664095598209382,0.0
13121,7,0.4361681569693281,0.7286616728883502,0.1648508567221603,0.2320449526959259,0.3714004258936608,0.0
13123,6,0.4709353277769004,0.8380553036343352,,0.3372940140624553,0.4109296536183405,0.0
13124,4,0.263430047210957,0.4870308595249802,0.1513818549682734,0.4694235436270794,0.5599456731209138,0.0
13125L,36,0.3387181925070667,0.4632419806011477,0.58398130699796,0.4342361861156176,0.5702242120110232,0.1111111111111111
13129L,26,0.6156543822180615,0.7722875012495174,0.453339855985941,0.3300279162786365,0.5750586520923004,0.1538461538461538
13131L,10,0.6089052222425672,0.4293673072091712,0.3827718356894354,0.2020286357163597,0.3027716364512861,0.0
13134L,12,0.2717712660737131,0.6370106667312404,0.3553589461922984,0.233643459883526,0.369577373784397,0.0
13147,2,,,0.1648508567221603,0.4215704094799714,0.4499839130689141,0.0
13148L,5,0.3938754242943597,0.9964528729648005,0.2612824261163803,0.3341150935228164,0.4640185054008298,0.0
13151L,7,0.4054069275032717,0.7200134393549111,0.4627948640243697,0.4339509568625262,0.632721258445706,0.0
13159L,7,0.3204045387491361,0.8270353293312193,0.3297017134443207,0.6424413766258528,0.6449758221782957,0.0
13163L,5,0.5658316852176125,0.7545531409905921,0.1513818549682734,0.5075699202540418,0.4814596049400417,0.0
13201L,50,0.4644589643013573,0.7112680080213429,0.5780259303513138,0.2735693717687344,0.4281097155050437,0.12
13207,10,0.6863185872517592,0.6929785123250269,0.3685943744688496,0.2957976342812252,0.4837592757930341,0.2
13208L,33,0.3995717638823351,0.1379406417484596,0.3760307573686181,0.234463896847332,0.3138128817396345,0.0
13210L,30,0.3127163612903194,0.46012726524262,0.499102670015899,0.4801272208495545,0.6587262027140415,0.0666666666666666
13211L,109,0.5230768048090018,0.6109580280027906,0.585925349407938,0.3594133050460683,0.5788623830885276,0.036697247706422
13212L,39,0.2929054648623727,0.262788764517682,0.5346608443609457,0.3295488167927359,0.5526928120328323,0.1025641025641025
13217L,21,0.4453244323570228,0.3753315568444718,0.4116889667236491,0.3460477270102067,0.5683640950891792,0.0952380952380952
13223L,12,0.5307506515280916,0.6100525012637235,0.4156946192466096,0.2888731567614054,0.4891927292195101,0.0
13233,6,0.4423271325435064,0.4180459518123315,0.3168314930005712,0.312295493451321,0.6379347254371538,0.3333333333333333
13236,17,0.3927595521845459,0.4438104808807018,0.4634416073013562,0.394858681932967,0.5958675484980124,0.0
13301L,30,0.6856238637686204,0.8077275242971291,0.4448290175350746,0.4110248511588441,0.5276308090486352,0.0
13304L,46,0.4268023549351287,0.4284428364469238,0.4377180493639902,0.288142830715588,0.5092585694588695,0.0869565217391304
13306,5,0.5461039263711094,0.7377096620082959,0.3297017134443207,0.3985927658057033,0.5185737696568423,0.0
13308L,21,0.3292111996931021,0.4961306046498961,0.3402591974236923,0.4343300692262892,0.5873917199981789,0.0
13310L,28,0.431823547157996,0.4839848157323704,0.4422270504564398,0.2794672241623775,0.3148553299876621,0.0
13312,4,0.6567528579837504,0.2771743352715471,-0.0,0.3066735206819488,0.5296369748710277,0.0
13314,7,0.394674194401376,0.1265038442773917,0.3711829972644872,0.4232356927010233,0.5961499195791874,0.0
13402L,48,0.4518870526011813,0.5794250179614153,0.4115777213111627,0.5010876144638451,0.7659555195906104,0.2916666666666667
13501L,41,0.3898981932214126,0.6570761160341994,0.5317158291817365,0.393820715995251,0.620163086264957,0.0
14001L,0,,,,,,
14002,0,,,,,,
14003L,0,,,,,,
14101L,5,,,0.1648508567221603,0.2994281470118176,0.52439962237618,0.0
14106L,1,,,-0.0,0.0295450322869673,0.6403250579851617,0.0
14109,2,0.942882716810222,0.8364943347584182,-0.0,0.3096407466704975,0.4575513135395562,0.0
14110L,4,,,0.2612824261163803,0.4036818536495268,0.6177573314292963,0.0
14112,0,,,,,,
14114,0,,,,,,
14115,0,,,,,,
14117L,0,,,,,,
14119L,1,,,,1.0,1.0,0.0
14201,0,,,,,,
14202,1,,,-0.0,0.460150951532199,0.8146132913734851,0.0
14203,2,0.956815872932988,0.1959845386880895,0.1648508567221603,0.3117245337582855,0.4948870051710951,1.0
14204L,0,,,,,,
14205,0,,,,,,
14206,0,,,,,,
14207,2,,,0.1648508567221603,0.2004945048146821,0.8168720728028703,0.0
14208L,14,0.6191635537159383,0.8049080130640217,0.4894287688074778,0.4249668622350748,0.7559840715685452,0.1428571428571428
14210,2,,,-0.0,0.4987972745597925,1.0,0.0
14212,0,,,,,,
14213L,0,,,,,,
14214L,0,,,,,,
14219L,0,,,,,,
14221,1,0.6014995519263162,1.0,-0.0,0.4340775655962491,0.4839499076337369,0.0
14301L,7,0.4746953153839336,0.7543709881001563,0.3711829972644872,0.4260074811641217,0.676192256078608,0.0
14303L,1,,,,0.0,0.3197179831155472,0.0
14304,0,,,,,,
14308L,0,,,,,,
14311L,0,,,,,,
14313,0,,,,,,
14401L,29,0.4509037882929418,0.7547218866885848,0.511212801924314,0.5308707704536078,0.7250914651894306,0.0
14402L,29,0.4064635449520378,0.7133510094453188,0.4398664497304099,0.5494084450483331,0.6548277007351699,0.0
14406L,2,,,-0.0,0.6616271155827201,1.0,0.0
14413L,0,,,,,,
14415L,0,,,,,,
14418,4,0.2326441972949831,0.492923120824276,0.2472762850832405,0.7447865181615749,0.8994024166041747,0.0
14424L,4,,,-0.0,0.5927184717740753,0.7908789461188338,0.0
14430L,13,0.7429355627110964,0.6752408136661695,0.3553589461922984,0.3722089454844251,0.5659722978921484,0.1538461538461538
14432L,5,0.5203630380495767,0.6636488952504845,0.1337398938570355,0.3706083712927403,0.4929982282349689,0.4
14434L,0,,,,,,
14435L,3,0.3970017429323126,0.5468276490787414,0.1648508567221603,0.3444573559289584,0.7103390535841583,0.6666666666666666
14437L,11,0.4545120937160505,0.5696152530624479,0.4121271418054009,0.5865140824295175,0.7510789631401316,0.1818181818181818
14444L,7,0.0,0.3780703931616692,0.3168314930005712,0.2249486934658257,0.5011881519968796,0.0
14445,0,,,,,,
14451L,0,,,,,,
14456L,11,0.6712594285490703,0.4061846592925104,0.4277725791315173,0.5566631817505769,0.9109344790662696,0.0
14458,0,,,,,,
14501L,23,0.3890236566943746,0.6469890334377364,0.4390856565370173,0.4570293831470844,0.6487502681519489,0.0869565217391304
14521L,5,0.4513440502297555,0.6578993037163048,0.1648508567221603,0.3602583785131051,0.4147083842185232,0.0
14530,0,,,,,,
14531L,0,,,,,,
14537,1,,,-0.0,0.517695171314169,1.0,0.0
14538,0,,,,,,
14601,29,0.6172685240467611,0.6288368522588239,0.4642707073372448,0.2347473055762352,0.3627723327909658,0.1379310344827586
14602L,28,0.3196335913589337,0.4381333702226808,0.4654043858207723,0.4743112067753992,0.6883681479105805,0.0
14604L,10,0.3185977748165273,0.4293752160765852,0.3553589461922983,0.4089993174725423,0.6866365476725098,0.0
14607L,107,0.2833968217801033,0.3811374040123064,0.398582041794338,0.3993403592183731,0.6220786170180802,0.0
14609,21,0.4696741656377776,0.6346677180465246,0.5446180549495081,0.3030668055821334,0.4560875456925536,0.1904761904761904
14610,17,0.3216548838703508,0.6167283762479195,0.4825928424477388,0.4528124633153668,0.5453956981784208,0.0
14613L,38,0.5626885230627398,0.5297691927003725,0.4867938678104301,0.4503171741141525,0.6480626093193576,0.1052631578947368
14615L,69,0.4011418938152222,0.5133398273187102,0.5731448348397968,0.3702658962449581,0.5069998966322926,0.0289855072463768
14622L,57,0.4211076504517789,0.4569758721079462,0.5126919725673709,0.4500029866567783,0.7118892891566593,0.0350877192982456
14631,14,0.4456485148850561,0.4685138834266191,0.238838498781758,0.3755122483667072,0.4818754477956823,0.0
14632L,23,0.6426611430882344,0.6894881065864589,0.4204258509021245,0.3661670685705374,0.5120190072210056,0.0869565217391304
14635,19,,,0.3578830653973355,0.2986762867950038,0.5567438265767833,0.0
14801L,0,,,,,,
14803L,10,0.4073423521028381,0.5773544393210652,0.3685943744688496,0.274387044498779,0.456119701068183,0.0
14902L,0,,,,,,
14919,0,,,,,,
14920,0,,,,,,
15102L,0,,,,,,
15103,2,,,-0.0,0.2896711204125272,0.618879768696224,0.0
15104L,17,0.316394291051318,0.5156810186471101,0.4202911265479487,0.4800358330056052,0.7886244459652774,0.0
15107,7,,,0.1648508567221603,0.3261721242336171,0.3414417826549904,0.0
15108L,20,0.4330133629007773,0.50669853514517,0.3422088320038488,0.4012818155626055,0.5557619198709193,0.1
15111L,12,0.4097402107977191,0.5097082186901878,0.4354707101939672,0.2455305562273541,0.5363125799972986,0.0
15114,12,1.0,0.702987229585953,0.1648508567221603,0.1053978641326673,0.2934745102177448,0.0
15115,11,0.2415899271530908,0.3775974428903093,0.2472762850832405,0.29100822201458,0.4749810091999891,0.1818181818181818
15117L,6,,,0.2612824261163803,0.5592900163824558,0.5853610600478656,0.0
15119,10,0.3300317530718068,0.1439600088384952,0.1513818549682734,0.2056034929522301,0.3807601317918735,0.2
15121,1,0.2979894911578656,0.7502822567219478,0.1648508567221603,0.6502496380833962,0.8113989448916314,0.0
15122L,6,0.4460597699309254,0.3952255893682709,0.3297017134443207,0.3188493398232426,0.4727769308458088,0.0
15124,1,,,,0.6300230114179323,0.5345120510617906,0.0
15125L,21,0.4275215475026478,0.5497416896189758,0.4216969115073984,0.4176043608194469,0.719607839002084,0.0952380952380952
15127L,29,0.4922087792883386,0.5676358685934229,0.501384990505885,0.3170101592388688,0.5218717261272738,0.0689655172413793
15129L,20,0.5590326951033461,0.7965415826307872,0.477456139880357,0.3611154455282703,0.4826811168945181,0.1
15135,3,,,,0.1053948822824577,0.3296714330863464,0.6666666666666666
15136L,16,0.6832195451368458,0.5863415431471289,0.524556384658117,0.4161002317716159,0.5706592672066951,0.125
15141,16,0.5371281010237826,0.5687465688905622,0.4505233072204731,0.3417831313287787,0.4981121183154373,0.125
15142,0,,,,,,
15201,0,,,,,,
15202L,0,,,,,,
15204,0,,,,,,
15205L,0,,,,,,
15208,6,,,0.1648508567221603,0.3081047153113412,0.5080265059089327,0.0
15303L,7,,,0.3827718356894354,0.2254259799368858,0.3633875946512647,0.0
15307,4,0.4143948622170068,0.6212343969651621,0.3297017134443207,0.3818058220570918,0.6219712512446192,0.0
15308,6,0.2850743601598968,0.7649989950359535,0.3297017134443207,0.4000650213206803,0.5555462097964771,0.0
15309,9,0.1586870499537113,0.7042669773790446,0.2508911503117071,0.2969640760630713,0.4693764395836777,0.2222222222222222
15310L,19,0.6125015925473918,0.7104083937276411,0.0975377644484777,0.2378025804773257,0.3742867367528529,0.2105263157894736
15311L,7,0.9178429344847704,0.1854745326578685,0.2612824261163803,0.2793931984132483,0.4698430506630379,0.0
15315,12,0.7857976241809304,0.7389314502093091,0.3297017134443207,0.1522930222441718,0.3756787210349939,0.0
15316,5,0.9603199115890078,0.7351478480384295,-0.0,0.2647529641229957,0.2949511090898168,0.0
15318,3,0.1317310935905257,0.6824476749440354,-0.0,0.5036065947587819,0.609097096147212,0.0
15321,1,0.0056972236096415,0.1959845386880895,,0.1365127694600945,0.4495594619012955,0.0
15322,4,0.5187281135272449,0.9846291161808016,0.1648508567221603,0.2755698668820234,0.6177059388089026,0.5
15327,14,0.7104185083279542,0.783388775717144,0.3709144276248608,0.3726079106602458,0.530577519137447,0.0
15328,2,1.0,1.0,-0.0,0.5030553603838149,0.5990740465825747,0.0
15329,8,0.8850164264759035,0.6452872964800395,0.3711829972644872,0.381719159098246,0.5513357784749542,0.0
15331,10,0.3262877284911922,0.5158709040442719,0.2472762850832405,0.373571013897558,0.5112546814014547,0.6
15332,5,0.8100651948428388,0.6444990460277729,,0.2699921276168012,0.3976827684138976,0.0
15333,1,,,,0.2823778656052685,1.0,0.0
15334,0,,,,,,
15337,0,,,,,,
15338,9,0.7620246656155665,0.7293503930991785,0.3297017134443207,0.2124745265399291,0.3581101990293705,0.0
15339,0,,,,,,
15340L,4,0.4573101663186913,0.8423499095466842,0.1648508567221603,0.296883518736335,0.5638856348382527,0.0
15342,0,,,,,,
15343L,1,,,-0.0,1.0,1.0,0.0
15349,0,,,,,,
15351L,12,0.6041040335610242,0.8569325429136159,0.3827718356894354,0.3200495881310501,0.4456461769493222,0.3333333333333333
15353L,4,0.6149594492315065,0.3693996381867369,0.2612824261163803,0.1786962640744638,0.5586166287357532,0.0
15355,4,0.5606205801875644,0.6103790621653766,0.1648508567221603,0.1898143066764768,0.313870597108396,0.5
15356,3,,,0.1648508567221603,0.4031506922349925,0.5563263664326482,0.0
15401L,14,0.5612185162413778,0.4415074186897317,0.3387001253739812,0.2476534406435078,0.52417757372199,0.1428571428571428
15409,8,0.8008295670360884,0.5041298308741474,,0.2636158886822665,0.4170229449704588,0.0
15411,1,0.2077176239213282,0.4797547015040578,,0.2424568919234314,0.3881479516647929,0.0
15413L,14,0.7064714603920009,0.3687690378249235,0.4816823497227316,0.1273656459213709,0.4011463249780312,0.0
15418L,2,0.2098263745260144,0.6216397829120421,-0.0,0.3708693572666739,0.5166442259405987,1.0
15501L,19,0.5375280996804902,0.631796086816246,0.5243630430309255,0.296871174176013,0.484460033781771,0.1052631578947368
15502,11,0.2139394841000289,0.7524893579882942,0.3685943744688496,0.2201216568059094,0.3887376849048766,0.0
15503L,19,0.6810273386284049,0.6072881884707747,0.384123096801867,0.2962372302345862,0.4959835769556249,0.1052631578947368
15507,5,0.4998207711892071,0.7283914155904302,0.2612824261163803,0.3532026630385572,0.3840991785256293,0.4
15508L,5,0.5540185797939418,0.4666256019711058,0.1648508567221603,0.4324831744232815,0.5467380169939878,0.0
15513,14,0.3536489687462419,0.7045978169965301,0.4156946192466096,0.4718717384018684,0.4547719944366868,0.0
15514,6,,,0.2612824261163803,0.2152966052947144,0.4281825714532913,0.0
15515L,6,,,-0.0,0.1194937841289687,0.3363113784712327,0.0
15602,14,0.6426811658460568,0.7203529933958875,0.4121271418054009,0.2952924816730606,0.4806311473898484,0.1428571428571428
15603,1,,,-0.0,0.0295450322869673,0.4717845798916487,0.0
15604,3,0.0186179042156116,0.5719800044192476,0.1513818549682734,0.562952079245994,0.6685428703749662,0.0
15605,7,0.5417205287361068,0.3851646472320684,0.2954920697803505,0.401329567385161,0.5493561671160987,0.8571428571428571
15606,3,,,0.1648508567221603,0.224263359045842,0.4325146345703479,0.0
15607,0,,,,,,
15608,1,,,,0.6142209593355387,0.7188927996528139,0.0
15609L,15,0.7617448063005344,0.5856955622886861,0.3827718356894354,0.2012465514401026,0.3300751250326525,0.1333333333333333
15613,0,,,,,,
15614,1,,,-0.0,0.8512517405714461,0.6504628311035684,0.0
15615,1,,,,0.0,0.3653379621483777,0.0
15702,4,0.7440498351062651,0.6689348100480368,0.1513818549682734,0.4324667303200077,0.5120393967189883,0.0
15703,9,0.6239069001615993,0.9858114918592016,0.3162327116904338,0.2916140195222268,0.3956120230696699,0.2222222222222222
15704,0,,,,,,
15705L,0,,,,,,
15708,2,,,0.1648508567221603,0.295291370532816,0.4360667236533152,0.0
15709,9,0.4040976022098259,0.5719800044192476,0.4859313285167251,0.5156078918305085,0.6873813563461607,0.0
15710L,7,0.5310324160305228,0.447078137301007,0.3037164366253038,0.4124243287194626,0.5566839073401055,0.0
15712L,0,,,,,,
15715,3,0.4656458195963631,0.4915784582880566,0.1648508567221603,0.2531440692528399,0.6181064385673196,0.6666666666666666
15716,18,0.3848360439916048,0.5275475710309578,0.350442355354404,0.3019981327030204,0.5544903699849654,0.0
15717L,4,0.3264245265318063,0.6221652832135531,0.3168314930005712,0.5730524552261443,0.7648896279882881,0.0
15719,9,0.4464416972223332,0.4917262552478565,0.3162327116904337,0.3112776070327229,0.5388844421273478,0.0
15720,49,0.5856289595619625,0.6898173835680838,0.5838509709831284,0.2952864882500798,0.5522241937665752,0.0408163265306122
15721,5,0.2829262305007763,0.802306786571542,0.2260023800196072,0.2928037354414317,0.5916578405214385,0.0
15722,0,,,,,,
15723,2,0.3756681656443699,0.5689307197749531,0.1648508567221603,0.4549848960437239,0.6873097372454698,1.0
16101,28,0.5665805848228413,0.7142623640551742,0.3965716603728385,0.1549191061048784,0.3465786608229502,0.0714285714285714
16102,10,0.9231861312612558,0.7885634080979059,0.2472762850832405,0.2557442250954886,0.4305077739642656,0.0
16103L,8,0.3257089936704174,0.6723130262720365,0.1648508567221603,0.2461528303449772,0.4079811099865407,0.25
16104L,2,0.6724939726547038,0.7792898733653579,-0.0,0.3013403281041412,0.1296347371454202,0.0
16107L,6,,,,0.1526505427955211,0.2600299711395876,0.0
16111,2,0.769793106173992,0.8991039421098779,-0.0,0.4245963343468125,0.7046365562050544,0.0
16113,2,,,-0.0,0.1133646128979257,0.851951071831903,0.0
16114L,1,1.0,1.0,,0.0,0.2512880145663015,0.0
16115,3,0.4235252724569956,0.6896263844200345,-0.0,0.3386906330261628,0.494318084686653,0.0
16117L,39,0.6516298306123939,0.6161888306319614,0.4996034458241886,0.2585282651567971,0.4810143821241092,0.1025641025641025
16120L,15,0.5748071178256668,0.5131031950566942,0.3099138324052966,0.2149332524903656,0.3942159801695631,0.1333333333333333
16127L,2,,,-0.0,0.6142209593355387,0.3178171506558458,0.0
16129L,5,0.6728081049694203,0.8836542332454529,0.1648508567221603,0.3530926494734332,0.3602628697854219,0.0
16130L,8,0.5535930376375399,0.4847094186325906,0.3297017134443207,0.3752250511098978,0.5906749485930607,0.25
16131L,0,,,,,,
16144L,4,0.6141506655400931,0.2905745929600789,-0.0,0.2081082208180171,0.2509621575732098,0.0
16146,5,0.1079663158582517,0.3940324648200675,-0.0,0.3436323656773844,0.383316381158134,0.0
16148L,21,0.5414411107964322,0.6884894847292654,0.4981883902445792,0.2298504456632984,0.4594610827774114,0.0952380952380952
16151L,1,,,,0.2823778656052688,0.6390578363453606,0.0
16152L,4,0.7052211948305256,0.9146887796232628,0.1513818549682734,0.2096691552310346,0.4655509120519468,0.0
16159L,0,,,,,,
16163,1,0.6472552617697145,1.0,,0.1875655531109056,0.3482304700110663,1.0
16164L,9,0.5427192064285518,0.2981417973018381,0.3297017134443207,0.2164105688168625,0.6591523509193457,0.4444444444444444
16180L,4,0.1854516617636308,0.5199554745696534,0.2612824261163803,0.3752927642104276,0.4670015738689586,0.0
16191,0,,,,,,
16202L,31,0.4974626288044166,0.6759262488420534,0.5420824003509005,0.3084264670094199,0.5419274032278183,0.0
16305L,17,0.394068018657192,0.62397382321226,0.3297017134443207,0.2530680165957591,0.371942701879659,0.0
16313L,7,0.2842458767456206,0.0,-0.0,0.160788889032827,0.2783922523588092,0.0
16315,0,,,,,,
16316L,4,1.0,0.8581149185920158,-0.0,0.0927532406165425,0.2759988365424178,0.5
16319,12,0.4204006279048389,0.7268016667791364,0.3508166814030639,0.1601205079369482,0.2942643861861513,0.3333333333333333
16321L,11,0.6907712821208497,0.5308333308109322,-0.0,0.1844728297710154,0.271191189933019,0.0
16332,6,0.5484333537984851,0.5979922693440447,0.1337398938570355,0.2033935352015424,0.3725697912185131,0.0
16333,16,0.3531061675757375,0.120837995572009,0.3711829972644872,0.2203945123673154,0.3004248044067522,0.0
16336,0,,,,,,
16402L,0,,,,,,
16502,10,0.4319191217071503,0.5306878076505137,0.3711829972644872,0.2441414838974684,0.3835880030049855,0.0
16503L,0,,,,,,
16504,2,,,,0.061149136451755,0.0,0.0
16508L,0,,,,,,
16523,0,,,,,,
16524,2,,,,0.0,0.1638497214200427,0.0
16526,0,,,,,,
16528,0,,,,,,
16531,0,,,,,,
16532,7,1.0,1.0,0.1648508567221603,0.2776372499805503,0.283187086640023,0.0
16601L,3,,,0.1648508567221603,0.4509330878174691,0.7746505518040514,0.6666666666666666
16603L,2,0.7290607454610166,0.6689348100480368,,0.1283078578019287,0.355358591734946,1.0
16605L,0,,,,,,
16701,13,0.4409495317456866,0.7337465139010667,0.3965716603728385,0.1789472034575722,0.430056287854541,0.1538461538461538
16702L,9,0.7830281152480194,0.1013944844161,0.1648508567221603,0.2146221018351465,0.3889019759695142,0.0
16704,11,0.6049911616433714,0.6074512747712437,0.2472762850832405,0.0791299563212665,0.3444115247965755,0.0
16705,9,,,-0.0,0.2180523404617864,0.4991340754986925,0.0
16706,5,0.6087515832748258,0.6063833225455921,-0.0,0.2768410405841279,0.4485256619606346,0.4
16707,0,,,,,,
16708L,0,,,,,,
17113L,0,,,,,,
17126L,0,,,,,,
17131L,13,0.9891213448287268,0.4561071879360605,0.356236774566878,0.5333745503012864,0.5247420396884892,0.0
17134L,0,,,,,,
17143L,1,,,-0.0,1.0,0.9775417879193086,1.0
17152,6,0.4177537832923391,0.3573131312519826,0.3685943744688496,0.4455340533559844,0.7829990911105607,0.0
17154,0,,,,,,
17201L,2,,,0.1648508567221603,0.553270187017734,0.3588208222865449,0.0
17204,9,,,0.3711829972644872,0.1252868772567652,0.4543268565635052,0.2222222222222222
17205L,0,,,,,,
17206,4,,,-0.0,0.4285468473674111,0.4608547932483665,0.0
17208,11,0.7587159650264687,0.8452162748276536,0.3168314930005712,0.3040225103407156,0.3128040697249361,0.0
17302L,3,,,-0.0,0.0927532406165427,0.3678724054279794,0.0
17306L,4,,,0.1648508567221603,0.0,0.4271150170886688,0.0
17312L,23,0.6997848800139573,0.4897869799874507,0.4068057727137168,0.2983456595371163,0.4689290191832923,0.1739130434782608
17317,3,0.5859509370353649,0.6935282241587541,,0.1875655531109056,0.2056680355334709,0.0
17318L,1,,,-0.0,0.2823778656052685,0.8215377524766828,0.0
17320,2,,,-0.0,0.177030851722643,0.2310124683294878,1.0
17325L,4,1.0,1.0,,0.4435587968456855,0.3325486022185306,0.0
17327L,3,,,0.2612824261163803,0.3907347941702548,0.8001481652378462,0.0
17333L,5,,,-0.0,0.8771096439789998,0.6242831840449553,0.0
17336,23,0.7091144394628319,0.7560133011866624,0.3401628683426242,0.241121057430048,0.4329769559471264,0.3478260869565217
17337L,22,0.6113087558963037,0.5169601228510405,0.3882878190964723,0.1847949120311371,0.3990797309915115,0.0909090909090909
17344,3,,,-0.0,0.3258335088318514,0.3710744029642617,0.0
17362L,1,,,,0.0,0.3197179831155472,0.0
17376,1,,,,0.6616271155827201,0.8063310927990727,0.0
17379,3,0.0,0.4702956960768589,-0.0,0.0516679052023185,0.2009259587655846,0.0
17402L,9,0.352501964648428,0.7871723778880237,0.2472762850832405,0.3313761083028565,0.4553704259453484,0.0
17411,0,,,,,,
17414L,12,0.7888009251664162,0.9564885750348848,0.4157420070338674,0.3611250800546124,0.4264311970597189,0.3333333333333333
17415,0,,,,,,
17417L,7,0.1362557806184273,0.0,0.2612824261163803,0.2643183775111041,0.3599070122635166,0.2857142857142857
17419L,9,0.2425272216944943,0.5138071210419741,0.3168314930005712,0.5238500209480548,0.5067076631265078,0.0
17421,2,0.7081050729922183,0.5396617358763179,-0.0,0.3297840218524498,0.6637686583214774,0.0
17422,2,0.8362988641563484,0.2432795658240841,-0.0,0.2756055575699569,0.4120232428893924,0.0
17423,8,,,0.1513818549682734,0.3153798436081141,0.5475136877458018,0.0
17425L,15,0.515681411012893,0.694936076129314,0.1071567530973445,0.4706570587309789,0.4661334955047884,0.0
17439,1,0.3933831929835136,0.4282556719559747,-0.0,0.6152744294743647,0.71848610991725,0.0
17501L,22,0.7078038789782777,0.6800388598973574,0.4324889659296345,0.3449704095679972,0.4063742194783858,0.0909090909090909
17502L,19,0.3707282683406158,0.5768459350957393,0.3803420133999973,0.354283899280291,0.5034757166025999,0.4210526315789473
17516L,4,0.5316373634099351,0.5175907232128537,0.3297017134443207,0.6142209593355389,0.799505376239236,0.0
17518,0,,,,,,
18101L,24,0.2696321760623837,0.45994990889086,0.4962999340159051,0.3518653699299767,0.6511222615335457,0.0
18206L,0,,,,,,
18215L,0,,,,,,
18301L,1,,,-0.0,0.1626149445597573,0.4615212615953051,0.0
18405L,0,,,,,,
19002L,1,,,-0.0,1.0,0.8671577315095131,0.0
19103L,1,,,-0.0,0.5905178812119476,0.7025999499982313,0.0
19105L,1,0.25526510107343,0.308310228136077,,0.3069588355112145,0.3251117983003405,0.0
19106L,3,0.3107477890311815,0.4561071879360605,0.2612824261163803,0.6179833526884896,0.5936188889753587,0.0
19205,0,,,,,,
19206,4,0.2913919647917649,0.6603357142051287,0.3168314930005712,0.712883454361088,0.8070877123129464,0.0
19207L,1,,,-0.0,0.4509330878174691,0.5465506566398989,0.0
19215L,1,,,-0.0,0.3771901780996314,0.5516195431991022,0.0
19218L,3,,,0.1513818549682734,1.0,0.8671577315095131,0.0
19301L,0,,,,,,
19502L,1,0.5999336897184055,0.7777133724608247,-0.0,0.5857772655872298,0.5895777052405217,0.0
19505L,22,0.4212526418599747,0.6110456968335792,0.5408816140907785,0.4470663041940191,0.5859516858636125,0.0
19513L,0,,,,,,
19519L,5,0.0892139552261197,0.4639896924587263,0.2508911503117071,0.3368773874538801,0.6643008914101931,0.4
19603L,0,,,,,,
19606,0,,,,,,
19607,0,,,,,,
19702L,15,0.5935488531274867,0.6655565938240373,0.3988371864779316,0.3176907022006155,0.4846212074437129,0.0
21105L,20,0.5769736442379327,0.4491604129825369,0.453339855985941,0.2689954504925279,0.5270891631614579,0.2
21107L,20,0.6589115696169956,0.7314680642197997,0.4229163619711345,0.3468046692107993,0.5212280115078013,0.0
21108L,29,0.573376904464716,0.6641867602649723,0.5552246788376927,0.2895916960621067,0.4281676760417038,0.1379310344827586
21110L,8,0.5469278504535898,0.7777133724608247,0.2472762850832405,0.3492580404468269,0.3849153886199043,0.0
21111L,12,0.5153077850888199,0.6456408612460076,0.3553589461922984,0.2737640690511564,0.4858479986740165,0.1666666666666666
21117L,34,0.4269987670957816,0.6326361701146295,0.4855268228541209,0.3401901631199525,0.5653183072067104,0.0
21119L,110,0.58601383638342,0.62188042001011,0.5894276746689636,0.3832541928714478,0.6095688266387628,0.0363636363636363
21120L,151,0.3881349855091191,0.5217803186503839,0.6168469595836845,0.4257356463185915,0.6689717777942038,0.119205298013245
21201L,12,0.4050971148817113,0.4936154223280722,0.4362677932322495,0.3733269655727549,0.583871767995693,0.0
21202L,8,0.5451312569783893,0.7989961346720224,0.3168314930005712,0.3955061930133151,0.5958903299615853,0.0
21205L,74,0.3530830145357734,0.5412763437857055,0.5946097998025357,0.488978725005345,0.6587275968670382,0.1081081081081081
21207L,13,0.6333514918097529,0.4771982135507608,0.4990013727659778,0.3829274386030277,0.6002969579881,0.0
21212L,73,0.4218489257023914,0.5808574964654734,0.6031404037699094,0.469440055835129,0.6581073592632765,0.0821917808219178
21216L,31,0.4299838386856781,0.5246584070432888,0.4195250030788982,0.3301687777612638,0.5077151919483057,0.0
21217L,93,0.2886755932537026,0.4846263477418366,0.5596356348334384,0.4233128650126317,0.5759396076351209,0.0
21221,17,0.1806859078905356,0.5417342577971553,0.3760307573686182,0.485263460565694,0.6330348345149971,0.0
21303L,0,,,,,,
21304L,2,,,-0.0,0.4900619786881587,0.5728002477500594,0.0
21401L,40,0.4650105691620032,0.6443493224781803,0.5870153084534404,0.4011003854868004,0.5351875775117281,0.0
21405L,29,0.3327705626839943,0.4636594602138398,0.4698952994041123,0.3867980330253313,0.6623519428959549,0.1379310344827586
21406L,34,0.4816398629715678,0.7292185089520389,0.5270311062069761,0.4930371314742032,0.6561252664910422,0.0588235294117647
21501L,193,0.4661440591819656,0.5436921162990253,0.6065123856881953,0.4138746598457317,0.6471327215592954,0.0518134715025906
21702,3,0.050267595573056,0.5979922693440447,0.1513818549682734,0.3270544960588226,0.5597337324943878,0.0
21703,0,,,,,,
22025L,33,0.6168154566454321,0.6901998682383814,0.4304906698823361,0.3491409342060906,0.603686260280262,0.0606060606060606
22101,0,,,,,,
22102L,5,0.5377502871591595,0.5790742584896469,0.1513818549682734,0.1655384502081747,0.3933550805847019,0.0
22104L,1,,,,0.2823778656052685,0.3653379621483777,0.0
22106L,7,0.425785128120612,0.708977933023179,0.2472762850832405,0.2912465385423218,0.4217614398438447,0.2857142857142857
22108L,7,0.4953028340071883,0.4881627063282348,0.3168314930005712,0.2442723457265816,0.3449044419657904,0.0
22109L,5,0.3418504545071765,0.3832728461466286,0.2472762850832405,0.3216885090163929,0.4836691693012272,0.0
22110L,4,0.0256398724900912,0.413718467353426,0.2612824261163803,0.2453412517295987,0.3265843558754071,0.0
22111,3,,,-0.0,0.2659601491560281,0.4790176176928497,0.0
22113L,14,0.592636650972878,0.6600596938447391,0.2954920697803505,0.2224618377279037,0.4130956827573204,0.2857142857142857
22114L,2,,,,0.3472494478382535,0.3581348075642465,0.0
22117,4,0.3946532800313662,0.4482246834133947,0.1648508567221603,0.2379345941235359,0.3620709063582661,0.0
22119,4,0.4855293610691916,0.5639989685900485,0.1648508567221603,0.192177464239025,0.2869003210758837,0.0
22121L,4,,,-0.0,0.045347084369361,0.5563716243483555,0.5
22125L,8,0.7071239668454301,0.8023974893633097,-0.0,0.2224092140207706,0.4566630321152192,0.0
22128,0,,,,,,
22129L,2,,,-0.0,0.2424568919234314,0.4777508291431514,0.0
22131,1,,,,0.0,0.1068247476290048,0.0
22132,4,0.0,1.0,0.2612824261163803,0.1962566817562222,0.3689631211965223,0.0
22135L,1,0.1890732142899214,0.7223256406815598,-0.0,0.3497445086933682,0.3637304088136771,0.0
22138L,10,0.964628064684771,0.5349322331627184,0.4261332828385406,0.1491435712809914,0.2436761115348176,0.0
22141,1,0.3310865553489507,0.6198380675925756,,0.2396053938032998,0.1394760494389355,0.0
22142L,38,0.424203220865008,0.522416595104003,0.5297504133411145,0.32005291824821,0.4944982151173798,0.0526315789473684
22146L,2,0.6520279015714148,0.5238967268309862,,0.1125058057195349,0.1973828853558598,0.0
22150,2,0.5377043362640527,0.209227146286168,,0.4720024905939942,0.0,0.0
22153L,11,0.3127291107215496,0.5743447557760474,0.2508911503117071,0.2423612447116567,0.3808902800843493,0.0
22160L,13,0.5262159617227614,0.3943083524783607,0.3827718356894354,0.286015516765969,0.4208869651500914,0.0
22167L,2,0.6514300489490457,0.5152259718560539,0.1648508567221603,0.0959136510330214,0.571008034288055,0.0
22170L,9,0.6230981087682937,0.7867782526618904,0.2472762850832405,0.2509132764521116,0.3051611185175716,0.0
22173L,15,0.5916761185426903,0.8140714245716207,0.2985907505791958,0.2842766465201515,0.3948996058738842,0.0
22177L,13,0.2620006412447836,0.5627359763881215,0.3168314930005712,0.2058444044061452,0.4926344513889811,0.0
22179L,5,,,0.1648508567221603,0.2298156772198018,0.5262802063959898,0.0
22181L,12,0.5142488095414229,0.6185183111210665,0.2508911503117071,0.2001311088911136,0.3043959527148837,0.0
22186L,9,,,0.2472762850832405,0.2747469312164093,0.4197353659019466,0.0
22190L,3,,,,0.1823939724293951,0.3009861432399454,0.0
22197,14,0.5675712758205688,0.6305582737434011,0.2508911503117071,0.3119595236008693,0.3945319277422758,0.0
22198L,6,,,0.2612824261163803,0.214210138764985,0.5650849159986459,0.0
22201L,11,0.7153019162913483,0.8487811980049123,0.2954920697803505,0.2029942828853833,0.4854544258671545,0.0
22203L,4,0.5812086389142435,0.7909559800589032,0.2472762850832405,0.3805184491426264,0.5426027738389808,0.0
22205L,8,0.7763448662896599,0.7682543670336258,0.3168314930005712,0.2463897313338185,0.6207019607354102,0.0
22206L,14,0.5665724191765464,0.4094140975090693,0.3791398904562317,0.4124780970903682,0.5912508044384076,0.0
22213L,41,0.3746220540772558,0.6686552335329472,0.4202469362268184,0.2198727242163462,0.3571638214385651,0.0975609756097561
22216L,41,0.4282048064897771,0.6522661968257167,0.5273215018424097,0.299978433297246,0.5605655265347873,0.0975609756097561
22219L,48,0.6675211906162073,0.7235639935659902,0.5445790666576655,0.3015600693703384,0.3629799462100705,0.125
22220,25,0.6239930224725215,0.7695744120807084,0.5440999940427649,0.236796493743283,0.3719296872650683,0.0
22221,17,0.5355467744483532,0.9251878661666992,0.3685943744688496,0.2412098017212942,0.3852588246870265,0.0
22222,9,0.1913892744543871,0.4636743922778197,0.2612824261163803,0.2414478806262632,0.2870435457590712,0.0
22226L,13,0.6319986817675194,0.6082395252235103,0.1337398938570355,0.2759062885174391,0.3848586767492049,0.0
22506L,15,0.3893654354899269,0.3829288823129123,0.3827718356894354,0.1503488059493825,0.2726369229924141,0.1333333333333333
22507L,4,0.6431129760747368,0.9905409945728012,0.2612824261163803,0.3434902522994877,0.5191728511787649,0.0
22521L,17,0.4903646654045688,0.3599406327595379,0.2272936401355692,0.2304602242630389,0.4309871019177678,0.0
22534L,12,0.4472875421270865,0.6465134638502319,0.3508166814030639,0.1898777148441736,0.3268300057626667,0.0
22541L,10,0.4751621683633836,0.6142827786908873,-0.0,0.1481732947055094,0.0983223010829856,0.0
22548,0,,,,,,
22549,1,,,-0.0,0.5984189072531447,0.8405460770736957,0.0
22550,2,0.4762810770957461,0.5690031997700997,-0.0,0.4145049248486503,0.645130730775483,0.0
22551,8,0.445663007027932,0.4667485690416594,0.3711829972644872,0.2631332236049246,0.4860544007141205,0.0
22552,4,0.5058033068085522,0.6103351178892922,0.2612824261163803,0.3760409379481845,0.7481368190404001,0.5
22553L,9,0.325340747650181,0.4551612873933406,0.3168314930005712,0.2918775399593761,0.5999623453159204,0.2222222222222222
22554,2,0.7156763608668595,0.6925823236160342,-0.0,0.1424276340047374,0.1475747512762578,0.0
22556,6,0.4747217445019958,0.4077504357010945,0.2612824261163803,0.3147864378760689,0.563938996466743,0.0
22557,1,,,,0.4720024905939944,0.3653379621483777,0.0
22558L,4,,,0.1648508567221603,0.214654785252152,0.7670924798809536,0.0
22562L,14,0.4594906493799976,0.5624534346675687,0.3027637099365468,0.3203245625876257,0.4084663355053364,0.0
22565L,14,0.5310896989576283,0.4342866877450975,0.3965716603728385,0.2529281506030876,0.3683267024545076,0.0
22570L,24,0.3875275370801898,0.5610249318071345,0.52798754363074,0.2262779614961865,0.4820439959792721,0.0833333333333333
22573L,11,0.6316672693236262,0.8623714710342554,0.2508911503117071,0.3571410628146509,0.4818248728385245,0.0
22584,2,0.2883545657128578,0.9265981178849362,0.1648508567221603,0.3281367036816981,0.4721515359649501,0.0
22587,0,,,,,,
22601L,13,0.6431520501208832,0.5707020324094028,0.453339855985941,0.2425239174245039,0.4590484193851877,0.0
22604L,1,,,-0.0,1.0,0.692281145216996,0.0
22605L,6,0.6443102266471007,0.5106170250939777,0.3827718356894354,0.2841253457032773,0.5191673298609212,0.0
22610L,29,0.299064222411634,0.501367209920387,0.480002410449678,0.4294486175449776,0.5733064092798089,0.0689655172413793
22701L,71,0.3725361279523068,0.4720529339051754,0.5465612868881109,0.2772580820863035,0.4492526950413502,0.028169014084507
22702L,18,0.5675097872228598,0.5774125413200037,0.2236662875945368,0.2725248607275694,0.3941245552491604,0.0
22704L,12,0.4454883963788978,0.0607207610791445,0.3711829972644872,0.1961375283365095,0.4958593209564825,0.0
22709L,5,0.3135456937514408,0.2221359066338748,0.3297017134443207,0.3502435208643914,0.5581664103655681,0.0
22711L,7,0.5270722087326748,0.6000191990784445,0.2508911503117071,0.2543760156433409,0.3890712192613714,0.0
22713L,24,0.5634714855999463,0.6540313770784385,0.4652391137081021,0.2400110582890182,0.3338396433872294,0.0
22721,27,0.2369985989026427,0.4352146096987349,0.5113477771404046,0.276799793045247,0.3348065473636475,0.074074074074074
22722,19,0.7035624249114778,0.2512174609190714,0.50989510880213,0.221892162607372,0.4165748586450867,0.1052631578947368
22723,13,0.8139248938747238,0.7628051573853482,0.3827718356894353,0.3331238649160977,0.5313400990547206,0.0
22724,5,0.1014167307436871,0.7989961346720224,0.1648508567221603,0.2510680065482218,0.4457040008499007,0.0
22825,1,,,,0.0690501624929519,0.3211436074603231,0.0
22826L,7,0.568487671724575,0.945610718793606,,0.2733481215581862,0.2727984553602678,0.0
22828L,21,0.484820972163576,0.7028295794954997,0.2482449908538959,0.2586899078599617,0.4489045641465452,0.0
22834,0,,,,,,
22837L,4,0.9572889508545472,0.8316297033958587,0.1648508567221603,0.2832557573876236,0.437149219207669,0.0
22901L,2,1.0,1.0,,0.1085552926989363,0.0,0.0
22904L,77,0.550727841378816,0.5661511873512971,0.5706434122872497,0.2655544093029182,0.5656564125927985,0.0519480519480519
22907L,40,0.21358631337646,0.3667195866490305,0.5340974478520647,0.3126370489622674,0.5099006395871487,0.05
22908,1,,,,0.2402390600522183,0.4058890546220047,0.0
22913,4,0.1769255245668659,0.5132250284003004,,0.1888823907844382,0.1982231083996409,0.0
22917L,31,0.3741139023667595,0.598211155420046,0.4417684226953086,0.1946840182787924,0.3326887301485818,0.0
22918,13,0.5466527316541406,0.8915367377681187,0.3141462320117583,0.2376974034666323,0.3712728443601472,0.0
22919L,2,,,,0.1591218593625966,0.2711652911448917,1.0
23101L,16,0.375066378037636,0.4970346894674042,0.3168314930005712,0.2447529483804372,0.4508472011411673,0.125
23102,0,,,,,,
23103,0,,,,,,
23104L,2,0.6145792040071067,0.0068044301441105,-0.0,0.290458460420129,0.3605472277074799,0.0
23201L,0,,,,,,
23207L,0,,,,,,
23301L,0,,,,,,
23303L,6,0.0806792147451622,1.0,0.2612824261163803,0.2852509659838853,0.4511346272612578,0.0
23401L,0,,,,,,
23412L,0,,,,,,
23416,0,,,,,,
23421,1,,,,0.2112686312344962,0.353729306769488,0.0
23422,0,,,,,,
23423L,0,,,,,,
23425L,0,,,,,,
23501,7,0.1663860333238952,0.0,0.2566161918475437,0.26685382288393,0.6297520015789474,0.0
23502L,8,0.6156496061186257,0.9495519710549388,0.2612824261163803,0.3255932881953815,0.4912174926087362,0.0
23504,8,0.298835547187022,0.4950848137481389,0.4156946192466096,0.2704223656745098,0.451883576465858,0.0
23505,11,0.2191976990267508,0.669432652438942,0.2889366153298247,0.3099837562680711,0.3633732107001023,0.0
23506,3,0.3790359246894276,0.7446068534656285,-0.0,0.3153825134042319,0.4958270312414066,0.0
23507,10,0.5779885552121312,0.5303012617556523,0.2472762850832405,0.2272707922379971,0.5562294628518665,0.0
23510L,0,,,,,,
23608,0,,,,,,
23609L,8,0.4014062663747024,0.7327200366454485,-0.0,0.3388543089313526,0.5017883346174417,0.25
23620L,6,0.124736916901451,0.5199554745696534,0.1337398938570355,0.5560709146124865,0.7559226951020589,0.0
23623,0,,,,,,
23624,2,0.1556692779739,0.8108198914560211,,0.2349717093580871,0.7593867975250874,0.0
23701L,0,,,,,,
23703L,12,0.5751462725065131,0.7280535939680303,0.3711829972644872,0.1343653111001798,0.5433675165684945,0.1666666666666666
24101L,3,,,0.1648508567221603,0.2386588548439791,0.4414979827004086,0.0
24104,0,,,,,,
24105,2,1.0,0.7229862696320308,,0.2696146696925659,0.3409926848760499,0.0
24106,12,0.3723464964079013,0.6594758046208379,0.3162327116904338,0.2877683053220308,0.3216995965754106,0.0
24107,10,0.4620046084667382,0.7792898733653579,-0.0,0.1446629817072061,0.4880701258550067,0.4
24108,7,0.4840084582532939,0.6137572783893763,0.2472762850832405,0.1708605266238033,0.4150505498444426,0.2857142857142857
24109,1,,,,0.0656640084752959,0.5087150391087021,0.0
24110,3,,,0.2612824261163803,0.1470229144348648,0.1986791161866904,0.0
24111,6,0.0,0.0,0.2612824261163803,0.2669050229412578,0.4200660967172766,0.0
24112L,8,0.4659622789854616,0.4225952829939843,0.2954920697803505,0.4206735440939668,0.5164821441915078,0.0
24113,1,0.9832979000241614,0.5743447557760474,,0.2880666043549299,0.4695443410587308,0.0
24115,2,,,0.1648508567221603,0.1785358090638234,0.5521626381875882,0.0
24117,0,,,,,,
24118L,2,0.5842030982051778,0.630047787736219,-0.0,0.3312978318838723,0.6372177027373135,0.0
24119L,9,0.4060361596658749,0.4943070175459024,0.3685943744688496,0.2522741923544457,0.4826811652905248,0.0
24123L,2,0.7675973183905428,0.960587477386671,-0.0,0.2558095802359688,0.2996584871098244,0.0
24126L,0,,,,,,
24128L,2,0.924149123171292,0.8376490704858944,-0.0,0.4137844039746485,0.7526346037276535,0.0
24132,2,0.9203137531019348,0.685488069545635,,0.2697362239393532,0.3508916354546478,0.0
24201,2,0.6371783403891759,0.737965424123127,0.2612824261163803,0.5857772655872298,0.8409669756897721,0.0
24202L,2,,,-0.0,0.0927532406165425,0.0,0.0
24203L,4,0.3529212776336933,0.5349322331627184,,0.1947795334093899,0.5209459461073049,0.0
24209L,1,,,,0.2823778656052685,0.3197179831155472,0.0
24211L,0,,,,,,
24213L,0,,,,,,
24228L,17,0.4117180446006359,0.5252356728046994,0.1337398938570355,0.3365517147701163,0.3579392942171728,0.0
24238,1,,,,0.0,0.3653379621483777,0.0
24239,1,0.0,1.0,,0.4720024905939944,0.3273213129543523,0.0
24240,5,0.991638190426538,0.5585797467307159,0.3297017134443207,0.0,0.4669041499725654,0.0
24241L,21,0.5084905232202882,0.4107039618855056,0.4816823497227316,0.2428087886630383,0.4562091385051091,0.0952380952380952
24243L,22,0.3264922254352899,0.649645857804337,0.4364578337346698,0.3579291867411585,0.5623548846673321,0.0
24245L,9,0.9860834697487558,0.4432699662848619,0.3168314930005712,0.3848198557717367,0.5339264410615799,0.0
24250,10,1.0,0.9337869620096072,0.2612824261163803,0.0887810214804464,0.2832125177146355,0.0
24301L,2,0.6630973897703308,1.0,-0.0,0.2849174811185103,0.4384129594693384,0.0
24303L,1,,,,0.2281994013227752,0.4044408013193752,0.0
24304L,0,,,,,,
24305L,4,,,,0.1547909265696443,0.2611021922428413,0.0
24310L,4,0.6162085666737583,0.6027217720576442,0.1513818549682734,0.3039430190353587,0.4164621024003012,0.0
24319L,4,,,0.1648508567221603,0.246070769749292,0.4100527828670646,0.5
24324L,2,0.8084593507755367,0.6973118263296336,,0.0,0.2750484203125672,0.0
24326L,8,0.4466262861718853,0.5486322480654925,-0.0,0.1454267475578553,0.2696199073923983,0.0
24327L,3,,,0.1648508567221603,0.1807932450755937,0.5073354713487341,0.0
24330,1,,,,0.0,0.4109579411812081,0.0
24334L,4,0.8462944283149031,0.7994690849433823,0.1648508567221603,0.3443245655753248,0.5990325343630376,0.0
24341L,15,0.607403922539096,0.7164153078786826,0.4627948640243697,0.2582880251423234,0.4284836453635354,0.1333333333333333
24346L,15,0.3870444680313259,0.4722527316824864,0.3988371864779316,0.2659425690161232,0.4178704399354807,0.1333333333333333
24401L,27,0.4860951064327254,0.0960403304007042,0.453339855985941,0.2091475001920149,0.3516543344519713,0.0
24403,0,,,,,,
24404L,0,,,,,,
24409L,2,,,-0.0,0.3771901780996314,0.3938504490438968,0.0
24416L,4,0.1322963301361768,0.0,0.1513818549682734,0.2354642408515643,0.3531825088606256,0.0
24418L,6,0.5405108586716024,0.6465771608564757,0.3162327116904337,0.3189791999157705,0.4613824843999908,0.0
24421L,1,,,,0.1559614489461176,0.3627706040209888,0.0
24428,23,0.5659514108527837,0.6020579822031039,0.5030591442130473,0.255729187188526,0.5118323362335011,0.0869565217391304
24429,18,0.6453760563340212,0.6834871260898814,0.3711829972644872,0.3336619272820265,0.3949938200826737,0.0
24501L,4,0.2247620465393938,0.4434987636563964,0.1648508567221603,0.2425092624865208,0.1305120729519403,0.0
24506L,23,0.6080871448779365,0.777747644219619,0.4955810629000207,0.2385514939274304,0.5179134390393556,0.0869565217391304
24508,27,0.5645303407340156,0.7372343933532528,0.4505233072204731,0.2847828104866361,0.5220275964473491,0.074074074074074
24509,26,0.3670774482118334,0.7212746400785377,0.3810161789402761,0.3179848159997668,0.5447493847374999,0.0
24510,4,0.0599468565409006,0.6647308076359484,-0.0,0.2023050500904964,0.5842562695824108,0.0
24511,4,0.3549539288891668,0.2287272497822396,0.2612824261163803,0.3466395440736698,0.7350913879933025,0.0
24512,3,0.0,0.4779811379864581,0.2472762850832405,0.4066235451039527,0.7547982584840026,0.0
24513,3,,,0.1648508567221603,0.3197281705272902,0.5863457362034172,0.0
24514,3,,,0.1648508567221603,0.252519104490573,0.4900353344669428,0.0
24515,4,,,0.238838498781758,0.1905252092178725,0.4876737457782781,0.0
24516,1,0.5327459763630047,0.7682543670336258,-0.0,0.3947480137467359,0.5849897130471915,0.0
24517,10,,,0.4492978048006894,0.2920897213986101,0.5768791846784487,0.0
24518L,8,0.4297159746687573,0.6338013613184408,0.3760307573686181,0.6631772993042097,0.8731608499626192,0.0
24520,12,0.3375361428294257,0.4956856580130245,0.3168314930005712,0.2611322034501872,0.4266306258137839,0.0
24601L,0,,,,,,
24604L,3,,,-0.0,0.2086349558874305,0.403354611342403,0.0
24610,0,,,,,,
24611,2,,,,0.0,0.3963848923234985,0.0
24612,1,,,-0.0,0.0,0.9583976895751742,0.0
24613,0,,,,,,
24614,0,,,,,,
24615,0,,,,,,
24701L,2,0.3788662639158831,0.5577914962784492,-0.0,0.2909971667411197,0.5579885662458935,1.0
24708L,9,0.3856638212889454,0.5317792313536521,0.3711829972644872,0.2621513859551746,0.3945971667576812,0.0
25101L,62,0.4482479870949016,0.6355003594317126,0.5958071547539051,0.5032855470790535,0.7032729613106857,0.0967741935483871
25301L,40,0.5899487141759943,0.6282133139563986,0.5795138499962709,0.2678249264658155,0.4731257355116839,0.0
25303L,14,0.349727372946146,0.532268490255059,0.2985907505791958,0.4585893515658149,0.6214389794945311,0.0
25306L,6,0.5778161109384194,0.3991712514223438,0.1337398938570355,0.2121771385706056,0.3181483173194407,0.3333333333333333
25314,4,,,0.1513818549682734,0.3230630191810423,0.7094750388297489,0.0
25401L,0,,,,,,
25409L,0,,,,,,
25411L,9,0.4887654512032119,0.541533830700451,0.3162327116904338,0.5271371348437629,0.5410385920925668,0.2222222222222222
25413L,0,,,,,,
25415L,1,,,-0.0,1.0,1.0,1.0
25501L,17,0.3108780623909242,0.4084180355739325,0.4126642810846537,0.280250201984549,0.4498047935305851,0.1176470588235294
25503L,7,0.7619887514581588,0.596100468258605,0.3297017134443207,0.3760800697812983,0.570096646927449,0.0
25506L,4,0.2516798365866622,0.2676027226368814,-0.0,0.140159396863724,0.3790239558582268,1.0
25514L,7,0.4442407786742886,0.2905745929600789,0.1648508567221603,0.1306781656142877,0.2766738260281078,0.2857142857142857
26003L,17,0.6499675866525005,0.6590028543494779,0.3393972336525825,0.2656328079632434,0.5171119279540769,0.1176470588235294
26004L,0,,,,,,
26005,12,0.5054924794020255,0.5308333308109322,0.3037164366253038,0.1600225264779132,0.3711319049026532,0.1666666666666666
26007L,25,0.3901612112393548,0.4798860765794357,0.4536084256255674,0.2994246714847152,0.4315878029539518,0.24
26008L,10,0.4399775831642561,0.527750395708734,0.4261332828385406,0.4016561601014,0.5224120192645978,0.6
26011L,1,0.6947914287697838,0.2905745929600789,,0.0,0.502197899246869,0.0
26101L,1,,,,0.0,0.8671577315095131,0.0
26106L,30,0.6392784909040994,0.6752408136661695,0.3777755521683986,0.3494782612189246,0.5301218833119364,0.2
26117L,6,0.4037980349396199,0.5738469133851423,-0.0,0.4270616457371479,0.5102251701235091,0.0
26123,5,0.2206330668391782,0.4416697585998095,-0.0,0.0402218440165379,0.2861405244773983,0.4
26124,3,0.1695089006661792,0.4653257101744323,-0.0,0.4647092357867357,0.3894151733045938,0.0
26125,4,,,-0.0,0.1329090435553316,0.5210464900237388,0.0
26202,1,,,,0.3519068947678019,0.4748259118271709,0.0
26203L,1,,,-0.0,0.2823778656052685,0.3881479516647929,0.0
26206L,1,,,-0.0,0.4720024905939944,0.775917773443852,0.0
26302L,5,0.8879031719498076,0.5979922693440447,0.1513818549682734,0.1752249029132266,0.2491762105918419,0.4
26310L,16,0.3095961683648577,0.6887584703582303,0.3168314930005712,0.2729134653010042,0.4552550225879302,0.125
26312,3,,,0.1648508567221603,0.2007339298462335,0.5221566400737326,0.6666666666666666
26314L,7,0.1707639716864684,0.361517133664071,0.1190104649339787,0.3320414578642204,0.4225463255776847,0.0
26315,2,,,-0.0,0.1027334840370018,0.3608814649940541,0.0
26317,6,0.6424175599598236,0.85100010146634,0.3297017134443207,0.6459624726488689,0.6413558651530309,0.0
26318,0,,,,,,
26319,0,,,,,,
26320,0,,,,,,
26321,0,,,,,,
26401L,32,0.4018544088441945,0.5042403547934526,0.479879566821102,0.279497904836129,0.5043169326385913,0.125
26406L,4,,,0.2612824261163803,0.1311296528166419,0.4044408013193752,0.0
26408,1,0.6519571586794906,0.8659974231146815,,0.5668148030883572,1.0,0.0
26417L,9,0.6167749538797794,0.477592643120698,0.1513818549682734,0.2678132228922893,0.5648061101316065,0.4444444444444444
26420L,1,,,-0.0,0.6170095567618432,0.6591842976833744,0.0
26421L,7,0.8884893889102111,0.8116798010403119,0.1648508567221603,0.1410971010532287,0.3337662076760165,0.0
26424L,10,0.6602791776330613,0.5034022150720553,-0.0,0.1769255047087601,0.5314327024770749,0.0
26428L,21,0.5512285952036439,0.5034562665316392,0.3711829972644872,0.1324443893366389,0.4258145556882424,0.1904761904761904
26440,9,0.707156371468335,0.6691712851837168,0.2472762850832405,0.1084047969648182,0.2640244430498432,0.0
26441L,6,0.3877224775143919,0.5268029719767344,0.1513818549682734,0.2072539801435882,0.3878800315419577,0.0
26443L,2,0.865966659898112,0.1013944844161,-0.0,0.092753240616543,0.0307914492409538,0.0
26445,4,0.5352030470156103,0.7792898733653579,0.2612824261163803,0.1927079158224641,0.6086124423270275,0.0
26446,17,0.7562963041302763,0.7799713285950594,0.4156946192466096,0.324919213389699,0.4482191457629866,0.0
26447,3,0.8096453491402962,0.6878528209024347,,0.1017829846636249,0.1486430617424328,0.0
26448,2,,,-0.0,0.4562004385116004,0.5123809302809833,0.0
26449,5,0.9409493632712276,0.9243279565824084,-0.0,0.1702284445405076,0.3663644116766165,0.0
26450L,6,0.6969690567980349,0.7646376884879321,0.3168314930005712,0.2148716964405511,0.3877802616684825,0.0
26452L,4,0.1688714821327121,1.0,-0.0,0.2082155978453523,0.4228703937618217,0.0
26466,6,0.2806486087912374,0.5554267449216495,,0.3114737075347555,0.3255411682698703,0.3333333333333333
26503L,8,0.6659451830505302,0.5965283756469782,0.1648508567221603,0.2656196918680998,0.4769284344920371,0.0
26508,3,0.0,0.3851646472320684,-0.0,0.4250015151694381,0.5109665412929039,0.0
26509L,2,,,,0.0927532406165425,0.1030230827096023,0.0
26511,2,,,,0.0,0.2969079935991318,0.0
26518L,42,0.5267885424314667,0.5791215535167828,0.566006656881053,0.2584254611628598,0.4619009110182191,0.0476190476190476
26520,0,,,,,,
26601L,3,,,-0.0,0.1699337897347608,0.1296880938460433,0.0
26602,1,,,,0.2191696572756931,0.0650064335155768,0.0
26603L,3,,,-0.0,0.2156580901462721,0.3340798283666233,0.0
26605,7,0.2370982142789848,0.650016799193639,0.1337398938570355,0.2349037597791373,0.3081914853693289,0.0
26606L,9,0.5771346888038,0.7775889118630984,0.2612824261163803,0.29707547008925,0.2763762295097871,0.0
26608,5,0.2425460019774234,0.7067708317568326,0.2612824261163803,0.3365563298877614,0.499591043302136,0.4
26609,9,0.6441348030576546,0.931561313673796,0.3827718356894354,0.2430792981716027,0.3135717806804907,0.0
26610,6,,,0.2472762850832405,0.2047201207348345,0.4753431485794681,0.0
26611,13,0.7568388856149397,0.8856765033712679,0.453339855985941,0.3029178657859122,0.3868868906233179,0.0
26612,7,0.3884034986726384,0.1776229399176445,0.1337398938570355,0.3076785166382237,0.4273257666825111,0.2857142857142857
26615,3,0.8025048718287648,1.0,0.1648508567221603,0.330686996257158,0.5068866193141323,0.0
26616,5,,,0.1648508567221603,0.2101399132286111,0.2794565413024457,0.0
26617L,5,0.0232128280140649,0.5104964691424545,0.1648508567221603,0.1005769139552383,0.2213479094458038,0.0
26619,3,0.5399372899422016,0.7044777395320572,-0.0,0.213983342746087,0.1996173285602424,0.0
26620,6,0.0508758965948468,0.775348621104025,-0.0,0.2143379521276927,0.2228064936131083,0.3333333333333333
26621,4,0.0809976923094182,0.0,,0.2922928786765745,0.4028141785842526,0.0
26622L,24,0.6335170236038405,0.6169102801984426,0.3508166814030639,0.1463293453089981,0.2712238558634163,0.0833333333333333
26624L,19,0.7193398098953214,0.6229225753920571,0.3685943744688496,0.2754021068415789,0.36398469305422,0.2105263157894736
26626,0,,,,,,
26628,2,,,-0.0,0.0690501624929519,0.1838084622469061,0.0
26629,0,,,,,,
26630L,7,0.5936624071460576,0.7635248643200263,-0.0,0.1436555452382783,0.2739144123761713,0.0
26632L,0,,,,,,
26634,4,0.2972742745777265,0.3639457972197032,0.1337398938570355,0.1137473955260087,0.3777476826352845,0.0
26635,3,0.1100371926998864,0.913117283483506,-0.0,0.2636495075816905,0.0,0.0
26636,2,1.0,1.0,,0.4463775412711934,0.456980716414254,0.0
26637L,7,0.7089489682804732,0.78034087396838,0.2612824261163803,0.0441273341922361,0.2772663278195401,0.0
26639,2,0.5960125703806023,0.7067708317568326,0.1648508567221603,0.2718431642170056,0.448633415318364,0.0
26640L,0,,,,,,
26703,2,0.277118044718172,0.4527965360365409,,0.2413779466887873,0.5406426638597459,0.0
26704L,2,0.0887326359634876,0.6829176876360701,-0.0,0.2081275849741743,0.1796598371706389,0.0
26706L,1,,,,0.0,0.2436846847274962,0.0
26708L,0,,,,,,
26710,1,0.3339221638672284,0.5814390098464466,,0.280402609094969,0.3251828764371882,0.0
26711L,12,0.6353567683837901,0.8072164608170882,0.2472762850832405,0.2539320446691436,0.3744595569577211,0.0
26715L,4,0.2924699303918417,0.6462331970227594,-0.0,0.4013721062863249,0.4147884065924243,0.0
26717L,1,0.5261275420832808,0.5682639665728481,,0.3115508848343032,0.221305653177653,0.0
26719L,1,,,,0.0927532406165425,0.5979998552158132,1.0
26721,2,,,,0.0,0.3311229778737548,0.0
26722,1,0.241939488713066,0.5539332177489339,,0.2884458536049074,0.2826866249287323,0.0
26723L,3,,,-0.0,0.3297840218524501,0.4337679306976235,0.0
26724,4,0.504735454462318,0.4630195380559366,0.1513818549682734,0.280442114225175,0.5836991620294127,0.0
26725L,1,,,,0.155961448946118,0.3653379621483777,0.0
26728L,0,,,,,,
26729,2,,,,0.1875655531109056,1.0,0.0
26730L,2,0.8050600473381958,0.798217862073582,,0.4327442674517969,0.5599107367842616,1.0
26734,3,0.6348786022200283,0.3284106146688748,0.1648508567221603,0.6638845515944908,0.580584609251693,0.0
26735,1,,,,0.3613881260172378,0.3814950380558384,0.0
26737,8,0.0,0.0,0.2612824261163803,0.1662140003187504,0.4125233153015937,0.0
26738L,9,0.7183798023663378,0.7073620195960326,-0.0,0.52136509138471,0.4574455115001113,0.0
26802L,38,0.5207564097654397,0.6837795401095943,0.5158064666718003,0.2764141189863651,0.6133633194979567,0.0526315789473684
26807,1,,,,0.0927532406165425,0.4337679306976235,0.0
26808L,4,,,0.3297017134443207,0.5589896398099665,0.7232323947545646,0.0
26812L,2,0.3847812974639464,0.8581149185920158,-0.0,0.2302310937333688,0.4401907435351404,0.0
26819L,2,,,0.1648508567221603,0.0927532406165425,0.7074878048946062,0.0
26821L,0,,,,,,
26832,0,,,,,,
26833,3,,,,0.2030164484803575,0.359158748057158,0.6666666666666666
26834,0,,,,,,
26835,2,0.4721484147066244,0.717685068788216,-0.0,0.3907347941702546,0.5852914324852393,0.0
27101L,0,,,,,,
27102,0,,,,,,
27104,0,,,,,,
27105L,0,,,,,,
27107L,2,,,-0.0,0.1310108403949696,0.3749421682605524,0.0
27126L,1,,,-0.0,1.0,1.0,0.0
27132L,0,,,,,,
27138L,0,,,,,,
27145,0,,,,,,
27146,1,0.7597726773395252,1.0,,0.1757140140491102,0.3614655215522838,0.0
27152,0,,,,,,
27201L,0,,,,,,
27203L,4,0.9333948541820906,0.4324596743680632,0.1513818549682734,0.2554501410811242,0.5197021812845798,0.0
27204,0,,,,,,
27205L,1,,,-0.0,0.0737907781176699,0.2485001269587396,0.0
27207,0,,,,,,
27210L,11,,,0.3297017134443207,0.4499753876912638,0.5887721776387178,0.0
28002L,15,0.3797948799148486,0.7095125724603686,0.3988371864779316,0.3469651510384984,0.4131838768083586,0.0
28009,0,,,,,,
28010L,7,0.0,0.7635248643200263,0.2472762850832405,0.039942919371486,0.335300812482152,0.2857142857142857
28017L,128,0.3522923344334328,0.4810098713814268,0.5147137931490722,0.3129164940847795,0.5127129073811243,0.078125
28102L,1,0.6883181397863135,0.9905409945728012,,0.0,0.0,0.0
28103L,1,,,,0.2823778656052685,0.3653379621483777,0.0
28109,0,,,,,,
28110,25,0.5373712460713962,0.7310720164315876,0.4867748294501999,0.1383663085988595,0.4497177390656656,0.16
28111,0,,,,,,
28112L,5,,,0.2612824261163803,0.2232685523262788,0.587355337022448,0.0
28113,36,0.5148928538044896,0.6664937763894049,0.4583907316436486,0.3176765177690008,0.4468031950836941,0.0
28116L,21,0.0209504899992705,0.5459677394944505,0.3975546917061867,0.2093890604544497,0.4195566476328239,0.0
28120,2,0.3161981086704037,0.7477598552746947,0.1648508567221603,0.6616271155827201,0.8443477419930979,0.0
28121,3,0.6840720586582487,0.6292069872538013,0.1648508567221603,0.2439890271518932,0.4614029215076007,0.0
28122,4,0.6165591778639088,0.3466529822784727,-0.0,0.2221441611970849,0.4356096113779845,0.0
28123L,1,,,,0.8512517405714461,0.0,0.0
28128L,7,0.6841998460395661,0.6419090802560399,0.1648508567221603,0.0,0.3294936929082964,0.2857142857142857
28129L,7,0.4468524289609821,0.5649827657891273,0.1648508567221603,0.7448297571594059,0.7731806080717744,0.0
28130,2,0.6995802854682702,0.3851646472320684,-0.0,0.1042456421310108,0.4373103911907029,1.0
28131,1,0.0,0.8723034267328142,-0.0,0.1117157031154151,0.4497349233591142,0.0
28132,36,0.5387647845337193,0.6187926222784552,0.5227148030295741,0.2315797563990485,0.5571675264062821,0.1666666666666666
28135,10,1.0,0.9527049728640052,0.3297017134443207,0.3525882300004447,0.3663319905515461,0.0
28136,0,,,,,,
28137,0,,,,,,
28139L,22,0.4586227369655252,0.4439793916919019,0.4156946192466096,0.2079050347992015,0.3773224691435232,0.0909090909090909
28141,0,,,,,,
28143,0,,,,,,
28207,0,,,,,,
28209,5,0.6765505757357316,0.541238236780851,0.2260023800196072,0.2570945822734385,0.3249214365441198,0.0
28210,12,0.7260485537815629,0.7304183453248301,0.3663301850230432,0.242270131221391,0.4496448754099543,0.0
28213L,2,,,0.1648508567221603,0.3297840218524498,0.5010573997710482,0.0
28215L,1,,,,0.155961448946118,0.3197179831155472,0.0
28218L,1,,,,0.1765408656115608,0.4337679306976235,1.0
28220,0,,,,,,
28221,0,,,,,,
28222,0,,,,,,
28223L,16,0.4573075434869367,0.5519584429316766,0.4261332828385407,0.2940844717322707,0.4335068645659408,0.25
28302L,0,,,,,,
28307L,0,,,,,,
28317L,7,0.8083476304602595,0.725231148800237,-0.0,0.0017540241922171,0.1114827380091045,0.0
28321,14,0.4533677989022178,0.4207935676745178,0.4156946192466096,0.2326270164646312,0.5093822081947744,0.2857142857142857
28322,1,,,,0.0,0.1321858543939666,0.0
28323,0,,,,,,
28325,1,,,-0.0,0.2823778656052682,0.2632361043129951,0.0
28326,4,,,-0.0,0.0272465519840738,0.2052417882546287,0.0
28327,0,,,,,,
28329L,1,,,-0.0,0.2324766485029721,0.2815679421699639,0.0
28331,0,,,,,,
28401L,18,0.101125592931181,0.4839587039161463,0.2954920697803505,0.167646351388964,0.344577236777196,0.1111111111111111
28403L,23,0.6245436373783749,0.6928605296580106,0.2228196903665031,0.2374095237142727,0.4144782759166609,0.0
28407L,16,0.8648813549202319,0.0,0.4859313285167251,0.2414618378919272,0.4049431641837249,0.125
28418L,6,1.0,0.631098788339241,0.3297017134443207,0.3787591761787346,0.6066749936716396,0.0
28420,15,0.5777471707740288,0.7462518978877499,0.2612824261163803,0.2433680767349131,0.4585209172246616,0.0
28421L,15,0.5338965046335192,0.469690759683259,0.3168314930005712,0.2746445572086701,0.4755113905340821,0.0
28422L,19,0.4097324002207069,0.4120045751317455,0.4032976218878175,0.2569338260238732,0.5026800853668035,0.0
28427,1,,,-0.0,1.0,0.4337679306976235,0.0
28502L,14,0.426748929431248,0.481331202408591,0.4328677837154842,0.2473432653451502,0.5112598095982206,0.2857142857142857
28505L,28,0.3508031307663213,0.5668205469135027,0.452489642926946,0.236919742637251,0.4738400379645846,0.0714285714285714
28508L,21,0.3970631085689658,0.5142024227613198,0.3422088320038488,0.3462531187676317,0.5112527375545951,0.0
28510,13,0.3730848032029039,0.5127817330586895,0.3965716603728385,0.3816692826083548,0.5221393596873894,0.0
28511,8,0.4160790279986501,0.556724044413752,0.4156946192466096,0.5150295581336836,0.5734246890576722,0.5
28512L,15,0.8089645909356846,0.8723034267328142,0.3878521576261759,0.3875698302931027,0.5533602494193798,0.0
28516L,18,0.6611240821273424,0.5779877511094956,0.47363970250103,0.2870263385366386,0.4809697054959542,0.0
28518,11,0.8282347654156297,0.9368438357147388,0.3553589461922983,0.2748850802306495,0.5894829389879345,0.0
28519L,17,0.4068357157120925,0.5232929605271226,0.4818972054344327,0.333209512618799,0.4530451883298568,0.0
28521L,43,0.5204088019341905,0.7482999528068033,0.3004802234077605,0.3022062703820002,0.4517540741361466,0.0930232558139534
28701,6,0.5075631317940167,0.6578065683689793,-0.0,0.2090375319761965,0.3745792425569028,0.0
28804L,1,,,-0.0,0.0,0.4109579411812081,0.0
28806L,3,,,0.1513818549682734,0.155961448946118,0.5858345274737248,0.0
28808,0,,,,,,
28809,14,0.3559621166390122,0.930633960200541,0.2732803086892609,0.394340640387191,0.4640925427295495,0.0
28810,1,,,,0.2823778656052685,0.4109579411812081,0.0
28811L,16,0.4095018684936205,0.5498626240821207,-0.0,0.235691267086839,0.1333484102325536,0.125
28813L,0,,,,,,
28815,0,,,,,,
28817,0,,,,,,
28818,0,,,,,,
28819,0,,,,,,
28821,0,,,,,,
29001L,18,0.5632237008826547,0.613540509515003,0.3977996960911246,0.1646186422788392,0.4530027578799053,0.3333333333333333
29003L,0,,,,,,
29006,11,0.3711559536393347,0.2905745929600789,0.4261332828385406,0.2978273577510925,0.4625398436426532,0.0
29007L,5,0.553290938523968,0.7263194429730438,0.3297017134443207,0.3203027906030136,0.4587503001679827,0.0
29008,1,1.0,1.0,,0.4087942822644189,0.0003781298857334,0.0
29009,3,0.6431240445066314,0.0,0.2612824261163803,0.3443466973009306,0.383552770348551,0.0
29101L,6,0.5575701721992651,0.4662418366080594,0.2612824261163803,0.2207678008299496,0.554977876708915,0.0
29105,1,,,,0.6616271155827201,0.2284780250498861,0.0
29106,55,0.506115786747604,0.5990817440762846,0.5485282568326825,0.2075054116292252,0.4286782677605888,0.0727272727272727
29107L,6,,,0.1513818549682734,0.1293790677228853,0.3798482887355794,0.0
29117,1,,,,0.7564394280770832,0.5706278677961151,0.0
29201L,1,,,,0.0,0.3197179831155472,0.0
29209,1,,,,0.4720024905939944,0.0,0.0
29210,3,0.6985357233014796,0.4986727123584558,,0.2918706734496368,0.5181008345507435,0.6666666666666666
29211L,0,,,,,,
29212,0,,,,,,
29301,2,,,,0.163515600673311,0.230026508078033,0.0
29302,5,,,0.1648508567221603,0.21880846751381,0.4811258136936094,0.0
29303,2,,,0.1648508567221603,0.3023383524461869,0.6989340588259509,0.0
29305L,3,,,0.1648508567221603,0.0,0.5196855578761208,0.6666666666666666
29307,0,,,,,,
29401,0,,,,,,
29403L,2,,,0.1648508567221603,0.4375252860505896,0.6255792061765699,0.0
29405,0,,,,,,
29406,3,,,-0.0,0.1085552926989365,0.3897772366302509,0.6666666666666666
29407L,3,0.8151596198499055,1.0,,0.0927532406165423,0.125072739242137,0.0
29408,5,0.6235513049144568,0.4419186797952621,-0.0,0.298157016162905,0.3698538792647588,0.0
29409,0,,,,,,
29410,5,0.7153938192242684,0.7871723778880237,,0.3220045500580407,0.4728607434996028,0.0
29411,1,0.06860391553197,0.0,-0.0,0.2081769253922889,0.3851727356409128,0.0
29412,1,,,,0.0295450322869673,0.3045113234379369,0.0
29415,0,,,,,,
29416,0,,,,,,
29419L,5,0.8753812027876576,0.8959509403008116,0.1648508567221603,0.1521853741627928,0.2897154410607088,0.4
29420L,11,0.5493860118549038,0.4892137069312569,0.3168314930005712,0.2968283332269656,0.4579493081540009,0.3636363636363636
29422L,3,0.2470490341509328,0.5707976287408478,0.2612824261163803,0.1454267475578555,0.5313439969622887,0.0
29424L,4,0.4408687748195909,0.9178248903512092,0.2612824261163803,0.3837541074261643,0.5158254058041122,0.0
29427L,24,0.3797508511761249,0.6530089335634672,0.4506129909273674,0.2115831616726833,0.3764343516385807,0.1666666666666666
29431L,5,0.0963517446598575,0.8328909041194852,,0.2149557767203882,0.3356342869114458,0.0
29432,0,,,,,,
29433,17,0.2940871227119374,0.5849093592401917,0.3168314930005712,0.2959252731068473,0.3125103417276139,0.0
29434L,7,1.0,0.8581149185920158,0.3168314930005712,0.2064957665238957,0.2831655744359335,0.0
29436L,10,0.4206525253047237,1.0,0.3297017134443207,0.170158056951283,0.2996256374924751,0.0
29438L,0,,,,,,
29440L,1,0.6425013194256358,0.7383008498474958,,0.2823778656052685,0.8443477419930979,1.0
29441L,186,0.4582472313149052,0.4569217484835296,0.5329054773431905,0.2682542085296291,0.4792978396371409,0.075268817204301
29449L,3,,,-0.0,0.155961448946118,0.0,0.0
29452,3,0.0,0.0068044301441105,-0.0,0.1032879420048048,0.211635117650555,0.6666666666666666
29453,7,0.6664354646853794,0.6626288064299042,0.3297017134443207,0.1713120138261576,0.3725068159963937,0.2857142857142857
29454L,0,,,,,,
29455,1,,,-0.0,0.2613084628287431,0.3121146532767421,0.0
29456,1,,,,0.1875655531109056,0.2969079935991318,0.0
29457,0,,,,,,
29458,5,0.2003008108388692,0.3851646472320684,-0.0,0.1561926984887872,0.3816326105000978,0.0
29702,0,,,,,,
29703L,3,,,-0.0,0.4160180775020847,0.4789534337396649,0.0
29706,11,0.556059371329328,0.5043481156147751,0.4261332828385406,0.2192156948529547,0.5338360542802587,0.0
29707L,4,0.7143543747201984,0.7497417421261079,-0.0,0.1807500679288816,0.4120307681646757,0.0
29711,0,,,,,,
29712L,2,,,,0.0,0.479387909730454,0.0
29717,1,,,,0.0,0.775917773443852,0.0
29719L,0,,,,,,
29721,7,0.8157438291820294,0.4245771698453973,-0.0,0.0946123055674124,0.4681107020283606,0.2857142857142857
29722L,0,,,,,,
29723,0,,,,,,
29725,0,,,,,,
29726,6,,,0.2472762850832405,0.1932777023080965,0.3444770092089425,0.0
29727,0,,,,,,
29728,0,,,,,,
29729,4,,,-0.0,0.5715554187130755,0.2915856627119683,0.5
29802L,15,0.4240948389360398,0.2551033226080829,0.3162327116904338,0.1898439612149444,0.4834151093065325,0.1333333333333333
29809,4,0.3291989914376536,0.4118218443450836,-0.0,0.3006408930119696,0.463971180665692,0.0
29818L,1,,,,0.0927532406165425,0.2740980040827167,0.0
29822,0,,,,,,
29823,0,,,,,,
29824,4,1.0,1.0,0.1648508567221603,0.2507737614404806,0.6143470143692443,0.0
29825L,24,0.3304965749495918,0.5172913875980689,-0.0,0.3671321890509758,0.5580446520388115,0.25
31001L,2,0.7042488207843404,0.96292069872538,-0.0,0.4869606688432676,0.1785963891331569,0.0
32001L,12,1.0,0.0,0.2612824261163803,0.2699619675405306,0.3804088480788665,0.0
32105L,0,,,,,,
32108L,0,,,,,,
32109L,3,0.5765359836397673,1.0,-0.0,0.343922700031434,0.3501313024707674,0.0
32112,0,,,,,,
32202L,0,,,,,,
32303L,1,,,,0.0,0.2284780250498861,0.0
32307L,29,0.3965772410231551,0.4832059602410088,0.5427683548635911,0.3142661395828984,0.5230002945945742,0.0689655172413793
32319L,2,,,-0.0,0.0137429802045733,0.4622804175931423,0.0
32325,0,,,,,,
32327L,1,,,,0.2823778656052685,0.3653379621483777,0.0
32330L,8,0.0927092772250766,0.2685035802966147,0.1513818549682734,0.2461836415498807,0.6242494463259738,0.25
32332L,0,,,,,,
32333,10,,,0.3168314930005712,0.1853927709495763,0.3864845042726396,0.0
32334,0,,,,,,
32335L,1,,,-0.0,0.3094670977465148,0.5949074084578455,0.0
32337L,0,,,,,,
32404L,27,0.5667065707275507,0.6277205721152415,0.4536084256255674,0.23904604301725,0.3945115923048254,0.0
32406,47,0.5699561123948863,0.6828476072683116,0.5249154141663547,0.2495447779860662,0.3730317779214503,0.0
32407,14,0.3327420991012088,0.3550413530254502,0.3162327116904337,0.2888276827817556,0.4722694861313685,0.0
32408L,1,,,-0.0,0.4214359239303342,0.534833730401125,0.0
32410,30,0.4834628736765802,0.5734448365097097,0.3988371864779316,0.1975397166999395,0.2877468932918282,0.2
32411,11,0.7125445610681239,0.4614672910114732,0.1337398938570355,0.165946862465537,0.30167401255917,0.3636363636363636
32412,35,0.5874120869332987,0.5907680838804148,0.3468534094566275,0.2185107812466636,0.4320920903673547,0.0
32415,33,0.4623314470172424,0.5506221707364056,0.564880590821376,0.2626452630730931,0.4848164385030872,0.0
32417L,49,0.5403118375653936,0.537062431945917,0.5305524170091577,0.2887178457479258,0.4310172719488119,0.0
32422,51,0.4713907508522705,0.5005158273865498,0.4826406081925738,0.2709229063487686,0.4410690506118425,0.0392156862745098
32425L,10,0.6334746101543858,0.7642342897270662,0.3827718356894354,0.3570087001544028,0.5379318965914618,0.0
32426L,0,,,,,,
32433,25,0.7549145085750849,0.8119327156239269,0.3773842349878806,0.2233004411821589,0.3752926845626333,0.16
32434L,33,0.4926667608115956,0.5180080322758184,0.4859313285167251,0.2606955489739583,0.4162595344530861,0.0606060606060606
32435,15,0.6175379822348174,0.5868961283621382,0.4894287688074778,0.4066931743084138,0.584817166298792,0.1333333333333333
32437,3,0.6117768083444546,0.7364991345280294,,0.1085552926989365,0.3561940883553048,0.0
32438L,22,0.6786102528668744,0.6338965223388351,0.5202098029144587,0.2997139376620775,0.4518130197261641,0.0
32440,22,0.505404934559967,0.5325674818059187,0.47363970250103,0.3638419509482911,0.3968248761942704,0.0
32441,6,,,0.1513818549682734,0.0883534535661505,0.3148056357000842,0.0
32443,9,0.8156455369495074,0.5270497286400526,0.2612824261163803,0.2065280156097781,0.4599994186415008,0.2222222222222222
32451,4,,,-0.0,0.1155584748718155,0.5564240823870161,0.0
32452L,12,0.5275292281362896,0.6581575815240687,0.4277725791315174,0.5214479118002254,0.525551332991957,0.1666666666666666
32454,3,0.4417259005831995,0.584592011655513,-0.0,0.5826168551707511,0.7008348912856517,0.0
32503L,0,,,,,,
32505,1,,,,0.4720024905939939,0.5934378573125303,0.0
32508L,1,,,-0.0,0.0,0.3653379621483777,0.0
32509L,1,,,,0.0,0.3197179831155472,0.0
32511,2,,,-0.0,0.5141412961470446,0.3247868696747504,0.0
32516,12,0.2287910694722572,0.3112865531196352,0.1337398938570355,0.2051359300691863,0.3444831145905123,0.0
32601,2,0.4824872450423061,0.6746102133043562,,0.4617919338638321,0.3195106195744889,1.0
32602L,6,0.6061945389925456,0.8427440347728175,0.2612824261163803,0.4837001135640779,0.4178782879284322,0.6666666666666666
32603,3,0.8145285896758369,0.5270497286400526,0.1648508567221603,0.1124180165412995,0.0182881957282523,0.0
32604,21,0.2424013357044601,0.5664622512533816,0.3711829972644872,0.2567466830439189,0.3943248741039755,0.0
32605,1,,,-0.0,0.2349717093580866,1.0,0.0
32608,0,,,,,,
32609,10,0.3908103756120248,0.6121807774848431,0.1337398938570355,0.1610606786788228,0.4323213391284023,0.0
32610,7,0.4429999130871531,0.0856294753707683,0.2612824261163803,0.3090571058714503,0.5099191438151089,0.0
32611,4,,,,0.0,0.3738917082170334,0.0
32612L,1,,,,0.2823778656052685,0.2284780250498861,0.0
32613,43,0.4339201235548711,0.4963582748603113,0.5093945505223101,0.2580361802854559,0.4411294408343316,0.1395348837209302
32615,9,0.7291853313965588,1.0,0.2612824261163803,0.3195001466877173,0.5869508893945021,0.4444444444444444
32617L,86,0.5705064719760267,0.6491328008050801,0.5425821054726337,0.2565210765033518,0.4332356343673309,0.0697674418604651
32621,0,,,,,,
32625L,9,0.1622996196737227,0.7482449324760896,0.2954920697803505,0.1296845585753392,0.3976246063550681,0.0
32630,1,,,,0.2823778656052685,0.3653379621483777,0.0
32702L,9,1.0,0.5270497286400526,-0.0,0.1096087628377627,0.3442859912243212,0.4444444444444444
32704,43,0.5225927667734125,0.5749753561378605,0.4023026930694972,0.226003117600952,0.3305547906228367,0.0930232558139534
32706,0,,,,,,
32707,0,,,,,,
32708L,1,,,,0.6616271155827201,0.3197179831155472,0.0
32710,32,0.4978985261490027,0.6663073085404816,0.434952402403936,0.3094696919948172,0.4373219279944867,0.0
32714L,20,0.5006779392584582,0.3626995093424709,0.453339855985941,0.2165048566745259,0.3365030331752249,0.0
32716,4,,,0.1648508567221603,0.1322583708225272,0.3909992003543446,0.0
32717,3,,,-0.0,0.0295450322869673,0.0,0.0
32719L,3,1.0,0.1486895115520947,-0.0,0.3708693572666739,0.655785161990732,0.6666666666666666
32722,0,,,,,,
32802L,8,,,0.2612824261163803,0.3865021016481847,0.5640004117647459,0.0
32804L,0,,,,,,
32805L,5,1.0,0.9716229837184032,-0.0,0.4429267147623898,0.4109579411812081,0.4
32806,4,0.7876862100495112,0.8675739240192147,-0.0,0.1819219630814792,0.1858574115216491,0.5
32816,0,,,,,,
32817L,3,0.0,1.0,-0.0,0.1601753295014228,0.4025942783585224,0.0
32820,5,,,-0.0,0.2950195072711835,0.504064171116394,0.0
33101L,3,0.4495210147075856,0.7313011858313685,0.1337398938570355,0.551636233333024,0.3773894985595448,0.0
33501L,11,0.1503826832313443,0.1378723414007784,0.3297017134443207,0.2677938938408079,0.4709457569030373,0.0
33503L,1,,,,0.0,0.775917773443852,1.0
33504,3,0.1550546184026812,0.0109218795653617,0.2612824261163803,0.4602522467378558,0.821607380039309,0.0
33505,10,0.4065414986422792,0.3924738786985403,0.3711829972644872,0.2932635872931908,0.5147044060307476,0.4
33506L,0,,,,,,
33601L,2,,,,0.3771901780996315,0.1714530512588478,0.0
33603,4,0.6639279185911084,0.6258437853241305,0.1513818549682734,0.3020450066408178,0.4461486097527637,0.0
35001L,1,,,,0.1559614489461176,0.6314545065065555,0.0
35002,0,,,,,,
35003L,7,0.5841189653394805,0.5595256472734358,-0.0,0.2165897304050982,0.385665231717428,0.0
35004L,9,0.3778465826100988,0.5994702389420445,0.4261332828385406,0.3399826841600014,0.6436517383153628,0.4444444444444444
35007L,3,0.7757700168460258,0.6090277756757768,-0.0,0.354615817981926,0.7943830030523786,0.0
35008L,4,0.3154025380193286,0.6673583091435037,-0.0,0.2049478104015389,0.4184187085855357,0.0
35010L,6,,,0.2612824261163803,0.2985024085464867,0.6595144142450026,0.3333333333333333
35018L,10,0.8305948038663867,0.4206359175840645,0.3168314930005712,0.1888436091914157,0.4572339700984399,0.0
35038L,6,0.4582165341271521,0.0,-0.0,0.1571585741038751,0.0991638168065727,0.0
35041,0,,,,,,
35043L,7,0.7367768542940597,0.8168392585460568,-0.0,0.333313910483654,0.5396031716325892,0.0
35045L,1,,,,0.0927532406165425,0.3197179831155472,0.0
35050,1,0.0341665058798476,0.7162298371840317,,0.3771901780996314,0.3083129883573396,0.0
35051L,1,,,,0.7374769655782106,0.9492736937686084,0.0
35053,28,0.5180647124800205,0.7153132319529385,0.4428585414758871,0.266227748336137,0.5522845708925034,0.0714285714285714
35055,1,,,-0.0,0.3455860739348438,0.3387263077125598,0.0
35101L,0,,,,,,
35103,0,,,,,,
35104,13,0.4824201927733037,0.7247429420685106,0.4156946192466096,0.2012559465051836,0.5218615917779454,0.1538461538461538
35105,0,,,,,,
35106,0,,,,,,
35107L,3,,,-0.0,0.029545032286967,0.4172940493802123,0.0
35118,2,0.972208078257682,1.0,,0.1920804251344466,0.3914065215957094,1.0
35119L,0,,,,,,
41101L,2,0.6763733981623203,0.4797547015040578,-0.0,0.4266786114439574,0.4733215504620545,0.0
42101L,16,0.6150953638827341,0.6121807774848431,0.1513818549682734,0.2883670048498664,0.3786585239004431,0.0
42203,5,0.6448728580678009,0.9385164647232068,0.3168314930005712,0.2871776332966052,0.6003493944975525,0.4
42204,10,0.3829009290307161,0.7327830966816298,0.3168314930005712,0.322768605323563,0.3434417647638714,0.0
42205L,1,1.0,0.9054099457280104,,0.0927532406165423,0.3653379621483775,0.0
42209,3,0.9301868451068216,0.9716229837184032,0.1648508567221603,0.2261927915345347,0.0924629023779284,0.0
42210L,4,,,0.1648508567221603,0.1333870888284122,0.4826464796613705,0.5
42224,0,,,,,,
42225,13,0.7648836994864872,0.6371181554292767,0.4126642810846537,0.3195511543471411,0.4614431519138008,0.3076923076923077
42226,0,,,,,,
42303L,8,1.0,0.8770329294464136,0.1648508567221603,0.1883556557150252,0.612921390024468,0.0
42304L,4,0.3367167217880459,0.9148689511552096,0.1648508567221603,0.1138226433930678,0.3723076811672823,0.0
42309L,12,0.8385038578756125,0.8864919348736127,0.3553589461922984,0.1541113643685222,0.4254266708390238,0.0
42317L,12,0.8555907010205833,0.7398773507520289,0.3711829972644872,0.2761659006796417,0.5189177678007455,0.0
42328,5,,,,0.2785744279611943,0.3072248234895,0.0
42334L,5,,,0.1648508567221603,0.0801115989506272,0.0,0.4
42336L,4,,,0.2612824261163803,0.0575372388329218,0.2164213163054951,0.0
42338,2,1.0,0.8108198914560211,0.1648508567221603,0.0548283156187973,0.3737016249710632,0.0
42340L,1,,,-0.0,0.1485251891426386,0.5273559759193858,0.0
42341L,3,,,0.1648508567221603,0.3406949625760074,0.5271350108015217,0.0
42343,1,0.3838530354470179,0.4955197105493895,,0.8735605199818844,0.8265693678111861,0.0
42344L,4,0.3749187473895111,0.8139728932650874,,0.1889200147179678,0.2172359587882245,0.0
42346L,6,0.5261825465550016,0.6292069872538013,-0.0,0.3014680214543018,0.4689189204065595,0.3333333333333333
42358,1,0.768948397045887,0.2752037091408806,-0.0,0.541611530146817,0.7280989736105103,0.0
42360L,3,,,-0.0,0.0295450322869673,0.7790282265597268,0.6666666666666666
42362,26,0.6518325101139355,0.619397083238174,0.5307419955783057,0.2704955879695476,0.5138816928906143,0.0
42363L,2,0.5312506834282672,0.505766966428855,-0.0,0.4136564521359249,0.3337548997410335,0.0
42365L,2,,,-0.0,0.1243573447813301,0.4337679306976232,0.0
42404L,5,1.0,1.0,0.1513818549682734,0.124056353313094,0.3808178994596657,0.0
42405L,12,0.3360654216782449,0.3130896903853836,0.3685943744688496,0.2513589443852432,0.1699798819004859,0.0
42411,9,0.553325321220073,0.6594758046208379,0.2612824261163803,0.1622663081103054,0.380511021252205,0.0
42412,10,0.7318718049456688,0.7294724447821102,0.3162327116904337,0.1774376049567849,0.3374340337386212,0.2
42413L,17,0.5615190822579843,0.6743906292497963,0.3078810469699462,0.2625638441610031,0.4466914910020015,0.1176470588235294
42418,11,0.3291243466666481,0.5878056481147536,0.4121271418054009,0.2090134510572322,0.4263630053609222,0.0
42419L,13,1.0,0.1959845386880895,0.3685943744688496,0.166901331157006,0.5060617413141463,0.1538461538461538
42421,9,0.3471367072473169,0.5496530662842682,0.3711829972644872,0.3800037532007189,0.5967111392508295,0.0
42422,8,0.2059626619773459,0.4293066725589968,0.3297017134443207,0.253182540333761,0.3387437974627115,0.0
42423,3,,,0.1648508567221603,0.2191696572756931,0.4482833785717057,0.0
42424L,2,,,,0.1875655531109056,0.1814324216722797,0.0
42426L,3,0.7162072453935265,0.5191672241173868,0.1513818549682734,0.3082689201710367,0.4493900508385741,0.0
42430L,11,0.7625745061405412,1.0,0.1513818549682734,0.2622416626115527,0.3993838314381722,0.1818181818181818
42431,63,0.5519494282034081,0.4839337879535746,0.5396827033632356,0.2806527104103953,0.4872474296060151,0.0952380952380952
42502L,0,,,,,,
42504L,23,0.5341145094473588,0.5372627127607239,0.4390856565370173,0.4313768247470135,0.5858307496846373,0.0
42506L,1,,,-0.0,0.4949872936229306,0.4848507126938182,0.0
42507L,2,0.4807528403999077,0.8533854158784163,0.1648508567221603,0.6142209593355387,1.0,0.0
42510L,0,,,,,,
42511,0,,,,,,
42512L,1,,,,0.8512517405714458,1.0,0.0
42513,10,0.3390067866052039,0.5727682548715143,0.1337398938570355,0.3682993531917348,0.3986542568121537,0.2
42514,1,,,,0.0,0.3501313024707674,1.0
42516L,0,,,,,,
42520L,0,,,,,,
42523,0,,,,,,
42527L,9,0.9083871060432878,0.7635248643200263,0.1648508567221603,0.0836917982269801,0.4807161279336883,0.4444444444444444
42529L,4,,,-0.0,0.1464237817963875,0.4212869289934776,0.0
42539,0,,,,,,
42540,1,,,,0.4245963343468129,0.403354611342403,0.0
42547,0,,,,,,
42601L,15,0.4360332260014728,0.3212690655713396,0.4818972054344328,0.5924618991302648,0.6195633764773513,0.4
42609,0,,,,,,
42610L,1,0.3740825504016791,1.0,-0.0,0.6300230114179323,0.8329427472348901,0.0
42612L,1,,,-0.0,0.0,0.0095021256922997,0.0
42623,0,,,,,,
42625L,0,,,,,,
42631,0,,,,,,
42708L,0,,,,,,
42715,0,,,,,,
42718,0,,,,,,
43101L,2,0.3192873061300779,0.6689348100480368,,0.7869148142359854,0.5146438260663418,1.0
44101,0,,,,,,
44102L,0,,,,,,
44104L,7,0.3084779160225054,0.3497836345654463,0.2472762850832405,0.3117349821975939,0.3964170249575287,0.0
44110L,0,,,,,,
44114L,4,,,0.1513818549682734,0.009792467183975,0.3962264896185233,0.0
44201L,0,,,,,,
44203L,0,,,,,,
44206L,0,,,,,,
51001L,5,,,0.1648508567221603,0.3194901136387761,0.518845570960596,0.0
51002L,0,,,,,,
51004,5,0.0639295860708021,0.5270497286400526,0.2472762850832405,0.582904165208613,0.3718156041928662,0.0
51005,26,0.575881684268463,0.631477148556329,0.4990013727659778,0.1904437539697813,0.4660172024660108,0.1538461538461538
51008,8,0.7792426218098811,0.8959509403008116,0.1337398938570355,0.1779056081772041,0.6134250584056173,0.0
51009L,23,0.5759789994373945,0.85319158379999,0.5073811865404698,0.2284033697122969,0.5129116664660509,0.1739130434782608
51010L,0,,,,,,
51013,0,,,,,,
51014,5,,,0.2612824261163803,0.1179236521477841,0.5015054531365496,0.0
51017L,3,0.4036848865974616,0.2965302630438708,-0.0,0.210660860000558,0.5917881381710838,0.0
51021,0,,,,,,
51022,0,,,,,,
51023L,0,,,,,,
51025,0,,,,,,
51026,4,0.1462679102286341,0.3040874578560775,0.2612824261163803,0.1314769506646066,0.6099256641424665,0.0
51027,1,0.6522972469874048,0.4679309447200592,-0.0,0.0927532406165423,0.2969079935991318,0.0
51028,0,,,,,,
51029L,8,0.9988688567482455,0.8675739240192147,0.3297017134443207,0.0642171972132067,0.2718558857950236,0.25
51031L,1,,,-0.0,0.155961448946118,0.137238066984225,0.0
51033L,0,,,,,,
51037,4,,,-0.0,0.1686030906120329,0.250400959418441,0.0
51038L,0,,,,,,
51101L,0,,,,,,
51103L,0,,,,,,
51105L,3,,,,0.0611491364517548,0.5402145484408944,0.0
51108L,0,,,,,,
51201L,0,,,,,,
51203L,0,,,,,,
51205L,0,,,,,,
51207,4,0.4377208401874697,0.3939192586380931,-0.0,0.4299378730788896,0.512998605215071,0.5
51301L,20,0.378648172809664,0.4424978025765191,-0.0,0.2040294443876593,0.3350153796393347,0.1
51401L,1,,,-0.0,0.0,0.1079109376059769,0.0
51501L,0,,,,,,
51503L,0,,,,,,
51507L,1,0.6489651706018701,0.9014686934666776,,0.3060809437288592,0.7160415509632622,0.0
51509L,0,,,,,,
51510,3,0.4234970078335325,0.0,-0.0,0.1391059267248978,0.5048771678567335,0.0
51514L,0,,,,,,
51521L,0,,,,,,
51601L,0,,,,,,
51603,0,,,,,,
51848L,0,,,,,,
51850L,0,,,,,,
51901L,1,,,,0.4087942822644189,0.491553237472542,0.0
51902L,0,,,,,,
51904L,6,0.8288185782252834,0.5270497286400526,0.1648508567221603,0.3976120205209558,0.5395467397356619,0.0
51912L,3,0.4607746976900041,0.7553270596164539,-0.0,0.2428727353992839,0.4406018759694066,0.0
52101L,1,,,,0.1686030906120329,0.0,0.0
52106L,4,,,0.1648508567221603,0.4860487591116778,0.3984969283898331,0.0
52109L,1,,,-0.0,0.3771901780996314,1.0,0.0
52110L,3,0.7191210637978779,0.5175907232128537,-0.0,0.3902036327557203,0.2729798673417159,0.0
52113L,0,,,,,,
52201L,1,,,,0.5478523405894846,0.4246439348910573,0.0
52202L,1,,,,0.7880435322418707,0.3501313024707674,0.0
52205L,1,0.637931534565038,0.6342517901483073,-0.0,0.5181273993750355,0.5987122392727823,0.0
52206,0,,,,,,
52208,0,,,,,,
52209L,1,,,-0.0,0.3771901780996314,0.442102349944006,0.0
52211,0,,,,,,
52212L,0,,,,,,
52302L,0,,,,,,
52309,0,,,,,,
52310L,0,,,,,,
52313L,0,,,,,,
52401L,11,1.0,1.0,0.3508166814030639,0.2852509659838858,0.4059266468428982,0.0
52402L,8,0.4791018704814213,0.5565732910340373,0.1513818549682734,0.3128474634667046,0.4413429347779963,0.0
52405,8,0.6112847761625971,0.3425991228096732,0.1513818549682734,0.3063956456135511,0.440632640955636,0.5
52406,22,0.387220208824823,0.0,0.4444707232554537,0.2738871244421328,0.424810143982653,0.0
52408,10,0.6015660889878256,0.6275516613040415,0.453339855985941,0.1818742792726741,0.4198637337092558,0.0
52409,12,0.1888050348495205,0.2629858271307487,0.3483765681551737,0.2800906979757824,0.4330585438365599,0.0
52410,23,0.5704369799352975,0.6421342946709732,0.3709144276248608,0.1172357438801129,0.3872981574485784,0.0869565217391304
52411L,49,0.4389665440669832,0.5090690967018636,0.5716482790893649,0.2593536096446188,0.4520840433321495,0.0
52412,15,0.8358655367368258,0.7108900760557741,0.2141074586800439,0.2574537043352755,0.5078629366929126,0.0
52413,9,0.3868219186055829,0.7605378099745951,0.2472762850832405,0.2637623934167342,0.4357170748356942,0.0
52415,4,0.3175195068545353,0.4849141590098028,-0.0,0.2970571403028604,0.611655835781562,0.0
52417,4,0.2650125739263949,0.3488000263675036,0.1648508567221603,0.377754537102574,0.5418887203555379,0.0
52418,12,0.6765517388107004,0.8552044553836469,0.453339855985941,0.3482052785382443,0.5405940015356769,0.0
52419L,27,0.379164009396678,0.358805552108274,0.4816823497227316,0.3669068144707916,0.6764259677071506,0.0
52423L,8,0.3519141999512659,0.6567732316416381,0.3685943744688496,0.3788510476235647,0.5326725769853005,0.0
52425,18,0.4867531879404014,0.6359363939720086,0.4487121783782995,0.2238468747264218,0.4029582272400253,0.0
52426,1,0.0,0.0,,0.2823778656052685,0.4109579411812081,0.0
52427,0,,,,,,
52428L,3,,,-0.0,0.1735794828868692,0.3410081094653668,0.0
52430,1,0.2436655332792466,0.6689348100480368,-0.0,0.2134234565184593,0.0719185515508541,0.0
52431L,0,,,,,,
52439,38,0.5196387776095948,0.4189666813322058,0.5496093041015911,0.2772824671753998,0.4645425730709043,0.1052631578947368
52440,0,,,,,,
52501L,3,0.4491124209899724,0.07749804965265,0.1513818549682734,0.2839985888957707,0.7690917070804715,0.0
52601L,1,,,,0.155961448946118,0.0003781298857336,0.0
52701L,0,,,,,,
52702,0,,,,,,
52704,35,0.5214370002305142,0.5672141209155435,0.4615897542165394,0.3017820516810052,0.4598507372196942,0.0571428571428571
52705L,19,0.4719815196641604,0.5028458029881023,0.4803716169829101,0.3317669934282884,0.4595135712253627,0.0
52707L,3,0.2091740236047192,0.4734486978859252,0.3297017134443207,0.3492786069548839,0.4368385855484873,0.0
52710,0,,,,,,
52711,14,0.8958870804242764,0.675503563816925,0.2472762850832405,0.3828068938908224,0.4823781648753921,0.0
52712L,2,,,,0.7248353239122952,0.3577346323095727,0.0
52713,12,0.5548714238627986,0.6873798706310748,0.3711829972644872,0.3892560949167862,0.4977645648699074,0.0
52714,28,0.3644980608568734,0.5984494788229631,0.5046025456168224,0.4293690978255994,0.62763533900376,0.0714285714285714
52716L,0,,,,,,
52719L,0,,,,,,
52722,0,,,,,,
52723,0,,,,,,
52801L,0,,,,,,
52901L,2,0.0,0.5743447557760474,-0.0,0.5303453302560959,0.6748166027719634,0.0
52902,0,,,,,,
52903L,0,,,,,,
52904,0,,,,,,
52907,0,,,,,,
52908,0,,,,,,
53101L,4,,,-0.0,0.1779927157624406,0.3675406452284913,0.0
53103L,0,,,,,,
53108,0,,,,,,
53109L,1,0.581142858605822,0.6210833708280892,-0.0,0.6663677312074382,0.5235008001702353,0.0
53111L,2,0.0703837202462413,0.8344674050240184,,1.0,0.3893385829857048,0.0
53124L,0,,,,,,
53201L,0,,,,,,
53203L,0,,,,,,
53206L,0,,,,,,
53207L,0,,,,,,
53213L,1,,,,0.3771901780996314,0.2512880145663013,0.0
53219L,1,0.399703921528749,0.6086336504496436,-0.0,0.6328961117965494,0.6720631999638099,0.0
53301L,0,,,,,,
53304,0,,,,,,
53306L,1,0.5355330744900532,0.7614228631139821,,0.6288737712664854,0.6186625661949144,0.0
54101L,4,0.6729963805234613,0.9530388201143768,0.2472762850832405,0.5084573494112206,0.5810167609181243,0.0
54102L,2,0.8574436322610861,0.4797547015040578,-0.0,0.3519068947678013,0.5888758594092469,0.0
54104L,12,0.0659478975381776,0.7398773507520289,0.3711829972644872,0.2871394653846349,0.4756737407005951,0.0
54201L,1,,,,0.0,0.2969079935991318,0.0
54205L,5,,,-0.0,0.0,0.3866272856970321,0.0
54206L,1,0.972233250968756,0.9527049728640052,,0.2823778656052685,0.3197179831155472,0.0
54208L,0,,,,,,
54209,5,,,,0.0,0.3105939873089809,0.0
54301L,3,,,,0.155961448946118,0.1980647056946659,0.0
54308L,0,,,,,,
54401L,0,,,,,,
54405L,0,,,,,,
54501L,0,,,,,,
54502L,0,,,,,,
61001L,0,,,,,,
62001L,2,,,,0.8868063577568319,0.1956886651200392,0.0
62103L,6,0.4363259565424377,0.6547463019072384,0.1513818549682734,0.2286508885251294,0.2249298044584436,0.0
62104,0,,,,,,
62106,1,,,-0.0,0.3376850478936468,0.5915370248528287,0.0
62111L,0,,,,,,
62114L,1,,,-0.0,0.2349717093580871,1.0,0.0
62122,0,,,,,,
62306L,0,,,,,,
62401L,12,0.4792360627419378,0.5152259718560539,0.3168314930005712,0.1728175660121367,0.5274778976506426,0.1666666666666666
62403L,8,0.716458754317396,0.6058747738667105,0.1648508567221603,0.1743410672340107,0.4237230317635586,0.0
62408L,24,0.3514746056197305,0.6930409420609893,0.3215953035419961,0.3997094188404999,0.5343059300429752,0.0
62412L,20,0.6058282846207176,0.295553016869131,0.4492978048006893,0.2496327793029446,0.4397753166500823,0.0
62418L,13,0.4820097251954466,0.5807524691299564,0.4328677837154843,0.2003026397780861,0.6705514038486742,0.0
62419L,22,0.4057620786490334,0.6619122151096619,0.3711829972644872,0.2549985331344393,0.3632936221418567,0.0
62422L,2,0.6571603853517747,0.6689348100480368,-0.0,0.2883976949699898,0.4683449782979038,0.0
62424L,4,0.0,0.9337869620096072,-0.0,0.3985229484108632,0.6407685855590918,0.0
62428,2,,,-0.0,0.0,0.0,1.0
62434L,4,0.2514496083346235,0.5378600205568514,0.1648508567221603,0.2044944728417977,0.4645613156178599,0.0
62435L,3,1.0,1.0,0.1648508567221603,0.1090820277683493,0.3985889528184375,0.0
62438L,0,,,,,,
62439,0,,,,,,
62441L,0,,,,,,
62501L,1,,,,0.3771901780996314,0.5592228730379073,0.0
62511,16,0.3332060210744145,0.475813449242725,0.1513818549682734,0.1405398446480563,0.5151747901226704,0.375
62513L,14,0.4270295578452719,0.6459041881383351,0.3297017134443207,0.1795391522812778,0.3125845447519897,0.0
62515L,2,,,0.1648508567221603,0.3329444322689287,0.6896199797734143,0.0
62521L,0,,,,,,
62525,3,0.7086828142260594,0.4009296562773999,,0.177030851722643,0.3247868696747504,0.0
62526L,17,0.5077275699222886,0.2823767882565066,0.3988371864779316,0.1962245664716363,0.4855067056822469,0.0
62527,4,0.192995784920582,0.2946284524288786,0.3297017134443207,0.1463673458960928,0.3286790504255675,0.0
62528,1,,,-0.0,0.8038455843242645,0.9583976895751742,0.0
62529L,18,0.5174498526692922,0.6401636685403067,0.4121271418054009,0.3055931921293982,0.5046031414412085,0.3333333333333333
62536L,14,0.639699830312712,0.6571110532640382,0.3168314930005712,0.3420034659716101,0.5539545182933939,0.0
62542,0,,,,,,
62544L,6,0.3148642734022949,0.5554267449216495,0.2472762850832405,0.2974890054537568,0.6261876877761409,0.6666666666666666
62545L,0,,,,,,
62601L,0,,,,,,
62603L,0,,,,,,
62607,12,0.7192723002432434,0.0,0.1648508567221603,0.1220685554916183,0.4974216805425724,0.0
62608,0,,,,,,
62701L,1,,,,0.0,0.8215377524766828,0.0
62702,1,0.5652540353011302,0.889644936682679,-0.0,0.6470406059682027,0.5715051750852078,0.0
62704,0,,,,,,
62705,3,0.6777128803402303,0.7887488787925568,,0.550150820892378,0.770802806097747,0.0
62801,0,,,,,,
62802L,0,,,,,,
62806,3,,,,0.3771901780996314,0.3204421097668617,0.0
62810,7,0.6640238833067266,0.7083473326613658,0.2472762850832405,0.3701340014690756,0.4255387160450046,0.5714285714285714
62811,1,,,-0.0,0.1686030906120329,0.2877839977925659,0.0
62812,0,,,,,,
62813,17,1.0,0.8074416752320215,0.4816823497227316,0.24035813953194,0.4621935715323812,0.0
62814,1,0.8891466021238411,0.7020413290432332,-0.0,0.9776681572305967,0.6770744855393859,0.0
62815,3,0.053629006966047,0.3362931191915406,-0.0,0.0830289008735308,0.9345774674228337,1.0
62816L,2,0.6142633880599043,0.9479754701504058,-0.0,0.4056338718479403,0.3470899705352455,0.0
62822,0,,,,,,
62823,0,,,,,,
63101L,0,,,,,,
63103,1,0.0006190873915543,0.3378696200960737,-0.0,0.1254471414766684,0.1359795848040092,0.0
63104L,1,,,-0.0,0.0,0.8443477419930979,0.0
63105L,0,,,,,,
63108,0,,,,,,
63401L,0,,,,,,
63402L,0,,,,,,
63407L,0,,,,,,
63411L,3,,,,0.1875655531109056,0.3260540913145514,0.0
63414L,0,,,,,,
63421,0,,,,,,
63422L,1,,,-0.0,1.0,0.9685354626935808,0.0
63428L,0,,,,,,
63434L,0,,,,,,
64101L,0,,,,,,
64106L,6,,,0.3297017134443207,0.3645485364337164,0.4839499076337367,0.0
64201L,1,0.0,0.9527049728640052,-0.0,0.5910691155869152,0.4024316887187478,0.0
64202L,0,,,,,,
65101L,0,,,,,,
65201L,1,0.0,0.5743447557760474,,0.0927532406165425,0.7987277629602676,0.0
65212L,6,0.3219934402275107,0.7706191183904255,-0.0,0.1988527331697582,0.4842757646268285,0.0
65238,0,,,,,,
71101L,7,0.3267095085933209,0.5446164530048507,0.2508911503117071,0.5969174028921912,0.6599885370671321,0.2857142857142857
72001L,0,,,,,,
72203L,5,0.6085551665111242,0.9590109764821378,0.1648508567221603,0.0,0.1422568664558975,0.0
72206L,3,0.2947407018720439,1.0,-0.0,0.2095926560136362,0.3090042001608673,0.6666666666666666
72210L,0,,,,,,
72213,0,,,,,,
72214L,0,,,,,,
72215,0,,,,,,
72225,0,,,,,,
72231L,37,0.4536975313091621,0.4770220999362005,0.4719835896782623,0.2646355327339624,0.4790125672733406,0.3243243243243243
72301L,4,,,-0.0,0.3171132519799316,0.4144792990097791,0.0
72303L,2,0.5401632170031682,0.4797547015040578,-0.0,0.3710552637617607,0.5337508015723849,0.0
72306L,4,1.0,0.4797547015040578,-0.0,0.061149136451755,0.3396767239424104,0.5
72312,3,,,-0.0,0.2462588894169395,0.5840242108454383,0.0
72313L,8,0.7594681825492194,0.758119718361627,0.2612824261163803,0.3723931265746191,0.5583318578224223,0.0
72317L,67,0.6310275058948154,0.7194813702996312,0.4224028490127535,0.2292124707281255,0.3895041008478296,0.0
72318L,12,0.6050064135181741,0.6318264041413333,-0.0,0.2809516560319407,0.4131678876340579,0.0
72325L,14,0.338570032078682,0.6668143297105109,0.4156946192466096,0.1665849302544946,0.4158831894334651,0.0
72328L,3,,,0.2612824261163803,0.2152463891724781,0.623277077033735,0.0
72330L,3,,,-0.0,0.2560411121346121,0.3935789015496534,0.0
72336L,9,0.6984270425902689,0.5743447557760474,0.1513818549682734,0.1125109697888427,0.3245504044602648,0.2222222222222222
72340,0,,,,,,
72341L,0,,,,,,
72342,14,0.478244027928134,0.6434366215051528,0.4692379645766816,0.1677240391655792,0.4882577522044966,0.1428571428571428
72350,0,,,,,,
72351,0,,,,,,
72353L,2,0.5490852652115034,0.1329245025067631,-0.0,0.1757140140491102,0.1785811729827277,1.0
72355,2,0.8751379496368928,0.5743447557760474,,0.3771901780996315,0.5041530412054192,0.0
72356,0,,,,,,
72358,0,,,,,,
72359,1,,,,0.3582277156007588,0.3790239558582268,0.0
72403L,0,,,,,,
72411L,3,0.3179755544497479,0.7446068534656285,-0.0,0.3344969145787779,0.4347906007929014,0.0
72416L,0,,,,,,
72420L,0,,,,,,
72424L,0,,,,,,
72503L,0,,,,,,
72508L,1,,,-0.0,0.3582277156007588,1.0,0.0
72601,4,0.0,0.2432795658240841,0.2612824261163803,0.2885858146376373,0.501111709269897,0.5
72602L,7,0.8106217179750849,0.6210485950728422,0.2472762850832405,0.2934312716581591,0.498030450192929,0.2857142857142857
72604,14,0.314775164609946,0.2650764044171949,0.3168314930005712,0.2085895842208093,0.3806714603613934,0.1428571428571428
72605L,6,0.503516269555962,0.5132553457253874,0.2612824261163803,0.3704753175529116,0.5717604579331068,0.0
72608L,5,0.3073317158581909,0.3342315410856126,0.1513818549682734,0.3358194197413907,0.4478212466521242,0.4
72611,12,0.6065130394080133,0.6264611206297892,0.4492978048006894,0.1539172152243478,0.3499642253319485,0.0
72614,10,0.5520470475329231,0.3560048167082207,0.3027637099365468,0.3573693882638392,0.5374273306919113,0.4
72615,18,0.6354314317768306,0.5205466624088533,0.4448764888993436,0.1441997132147632,0.4242935280161997,0.0
72616L,20,0.5709730242206653,0.79115304267197,0.2954920697803505,0.2210023617597973,0.3798784210796132,0.0
72618,0,,,,,,
72620,0,,,,,,
72621L,9,0.5836696432046522,0.2640893777639219,0.3162327116904338,0.2770682716892375,0.4343607161008086,0.0
72623,18,0.519992252236868,0.4733053796218768,0.3210204688798187,0.290827967513116,0.4324485954564941,0.1111111111111111
72624L,0,,,,,,
72625L,0,,,,,,
72627L,0,,,,,,
72628,6,0.5425311201331593,0.5646368291533959,0.1648508567221603,0.3960363484403218,0.4364258046564266,0.3333333333333333
72631,2,,,-0.0,0.2081769253922885,0.576928615495112,0.0
72634,0,,,,,,
72635,0,,,,,,
72807,1,,,,0.2651392633335663,0.3259388893472968,0.0
72808L,0,,,,,,
72813L,0,,,,,,
72816L,1,,,,0.0927532406165425,0.3653379621483777,0.0
72820L,0,,,,,,
72823L,2,0.2707269944292207,0.0,0.1648508567221603,0.5113931131761933,0.3685650483118457,0.0
72904L,1,0.4174360884753297,0.0,-0.0,0.5738379373471988,0.9142123010779676,0.0
72917L,11,0.270947744091731,0.5283544190438042,0.4032976218878175,0.4878553690221524,0.5952823514579967,0.3636363636363636
72918,0,,,,,,
72925L,0,,,,,,
72928L,0,,,,,,
72930L,0,,,,,,
73101L,0,,,,,,
73201L,18,0.2958822047589566,0.2695545808996369,0.362203662761896,0.0950037662495417,0.4667581686895303,0.0
74105L,0,,,,,,
74106L,1,,,,1.0,0.3995529464230005,0.0
74108L,6,0.8096631397793546,0.7855958769834905,-0.0,0.0400797336752298,0.1824778795251152,0.0
74122,0,,,,,,
75302L,0,,,,,,
75312,2,,,,0.0927532406165427,0.2817013339215217,0.0
75313,5,0.1097655448412514,0.5270497286400526,0.2472762850832405,0.2727461386217141,0.4174161541374079,0.4
75314,5,0.0379969136873195,0.7398773507520289,0.3168314930005712,0.5066926425772257,0.8055247564749912,0.0
75315L,15,0.4581265329857469,0.6398010733322641,0.3250442245771505,0.4796263367705286,0.584778746000039,0.1333333333333333
75318L,0,,,,,,
75334L,0,,,,,,
75337L,0,,,,,,
75347L,1,,,-0.0,0.243750627181639,0.269076937208034,0.0
75401,1,0.7651281885743214,0.9508131717785656,,0.2214270932874632,0.2948945682759641,0.0
75402L,25,0.4774235715168923,0.5582954596823573,0.2527022791538806,0.2153539926881507,0.4322270847588999,0.16
75407,15,0.4295252016030459,0.6607204105981009,0.2472762850832405,0.3546007684085144,0.4806484935426179,0.0
75409,6,0.3632572998016187,0.6397695433141735,0.2472762850832405,0.2031167789697693,0.3483813297300902,0.0
75410,13,0.7517196563102351,0.7907195049232233,0.4156946192466096,0.2290422217461615,0.4806207040385714,0.0
75411,5,0.415532422737292,0.4687191951723258,0.1648508567221603,0.1169328885648403,0.4769427754045144,0.4
75413,7,,,0.2612824261163803,0.2182666828709848,0.5433644993741138,0.2857142857142857
75416,4,0.2589789708224208,0.5604715478161556,-0.0,0.3849052976457412,0.4804710502435871,0.0
75417,0,,,,,,
75430L,6,0.1341889801262676,0.3396886596013042,0.2612824261163803,0.2593753084583431,0.5775258630925502,0.0
75438,0,,,,,,
75440L,0,,,,,,
75442L,1,,,,0.0,0.0,0.0
75446,0,,,,,,
75501L,3,0.3259955674722382,0.4979450965563636,-0.0,0.3508534246289751,0.4635476392329434,0.0
75502L,2,,,-0.0,0.272896634355832,0.3074941682208528,0.0
75504,6,,,0.1648508567221603,0.2953068173090452,0.3408604241559516,0.0
75506,12,0.4657745652496468,0.29110009326159,0.1648508567221603,0.207594967310522,0.2673605915013051,0.0
75507L,1,,,-0.0,0.2823778656052685,0.6460762946581041,0.0
75511L,11,0.9393656637011978,0.9621639782912044,0.3168314930005712,0.259227019762243,0.2792027603453607,0.3636363636363636
75513,22,0.5660742616542817,0.5192460491626135,0.5113477771404046,0.3310472179371099,0.5906075819596383,0.0909090909090909
75514,5,0.5114582002365996,0.6925823236160342,0.1648508567221603,0.1749239114449906,0.5284419201520195,0.0
75515L,0,,,,,,
75516L,6,0.0,0.2905745929600789,0.2612824261163803,0.296424134122952,0.2821237411347886,0.0
75519L,6,,,,0.1629845832049594,0.445172925455831,0.0
75601L,2,,,-0.0,0.3650672297463445,0.7406874146137098,0.0
75603,8,1.0,0.0,-0.0,0.0,0.4909558329852073,0.0
75604,0,,,,,,
75610L,9,0.2309448436032305,0.9027073727488109,0.1513818549682734,0.2604109907384248,0.4793819170815363,0.2222222222222222
75614L,2,,,,0.6616271155827201,0.6618678258617757,0.0
75617L,24,0.5076953233344926,0.5662651886403149,0.4482780322360823,0.2096964321447911,0.4630113616283628,0.25
75618L,8,0.5877683042855573,0.1892281062400902,0.2612824261163803,0.2203531010030758,0.4389246224537175,0.0
75620,0,,,,,,
75625,3,,,0.1648508567221603,0.2465598808851758,0.6436198342486436,0.6666666666666666
75626,0,,,,,,
75627,0,,,,,,
75628,0,,,,,,
75706L,3,0.8623122734558953,0.8628444213056152,,0.193886373943863,0.3475968591911659,0.0
75708,11,0.0717176703554712,0.8875429354766347,-0.0,0.1838305226187034,0.4142411972479651,0.0
75710,0,,,,,,
75711,0,,,,,,
75712,0,,,,,,
75713,0,,,,,,
75714L,8,0.3882491475491852,0.5648857503488485,-0.0,0.1129196689883592,0.3628940347001903,0.5
75716,6,0.4724364679002361,0.3504365844493523,0.2472762850832405,0.3204330272960005,0.5196352539629154,0.3333333333333333
75717L,0,,,,,,
75719,2,,,,0.3152235595765298,0.4749089734136452,0.0
75720,10,0.6280453807792002,0.7771221846216247,0.4261332828385406,0.2431158284694959,0.4883470632647087,0.6
75721,4,0.6755170434567781,0.7562487062991041,-0.0,0.1688426956624051,0.3575674237657948,0.0
75722,37,0.6673544505236725,0.6193232917870137,0.4721042339100029,0.1707105348043109,0.4112126985748214,0.0
75723,2,0.7171482218149346,0.5648857503488485,-0.0,0.3593491515549932,0.7673333687871368,0.0
75724,0,,,,,,
75725,4,0.776484046071288,0.1238596223056974,-0.0,0.1547198591396438,0.3592672299096566,0.0
75726,4,0.7706144673840959,0.82027889688322,,0.0952883291859105,0.2553811937074647,0.0
75727,11,0.509960899080073,0.4974903366800559,0.3965716603728385,0.3026004189357802,0.6954756720705423,0.1818181818181818
75728,3,,,-0.0,0.3489323908464095,0.5087874517738334,0.0
75730L,0,,,,,,
75731,0,,,,,,
75732L,1,,,,0.2191696572756931,0.5326112186020894,0.0
75733,1,,,,0.0295450322869673,0.3045113234379369,1.0
75736,4,0.1226977240256718,0.6689348100480368,-0.0,0.1801912621391217,0.2798638625438106,0.0
75737,2,0.6649258520249978,0.2874215911510126,0.1648508567221603,0.3179324827906543,0.5036235235916454,0.0
75738L,2,,,-0.0,0.1125058057195349,0.5026731073617945,1.0
75740,0,,,,,,
75741,0,,,,,,
75802L,95,0.4194990449600781,0.5260119245034747,0.49923227149483,0.3106624053280757,0.5767133703456518,0.0210526315789473
75804,12,0.4542442189957266,0.6395211904319524,0.3709144276248608,0.2179116568394837,0.5011134356230729,0.1666666666666666
75805,10,0.8589792366804996,0.7414538516565621,0.2472762850832405,0.147746943841469,0.4658730716783399,0.0
75807,16,0.5500164082939654,0.7270750761652165,0.3685943744688496,0.2348408200968751,0.4345888065630232,0.125
75810L,11,0.6724423936594838,0.5312059582974582,0.3297017134443207,0.2677245584189232,0.4113788996926528,0.0
75816L,32,0.5001094962515933,0.558009781019077,0.4955516200020607,0.2926617166185113,0.4759988786618395,0.125
75820L,1,0.3680598722796984,0.4410428459594103,-0.0,0.1066962277480667,0.0410642573724101,0.0
75824,9,0.6235254495766793,0.6549519324600037,0.3711829972644872,0.1283218317071417,0.3205090158706792,0.4444444444444444
75901L,7,0.4770273667658664,0.9214902549542489,0.3297017134443207,0.1351523631150942,0.1911687273723961,0.2857142857142857
75909,0,,,,,,
75910,0,,,,,,
75911L,2,0.5132187277378643,0.8175763239040204,-0.0,0.6142209593355389,1.0,0.0
75913,0,,,,,,
75914L,0,,,,,,
75916,5,,,-0.0,0.0471686017029966,0.4979954676807906,0.0
75917,4,0.4458721030539866,0.6996765776864334,-0.0,0.3509877958201516,0.446570551735983,0.0
75918,0,,,,,,
75919L,12,0.5963459973098346,0.6121807774848431,0.2954920697803505,0.3010372318004626,0.3030505256653465,0.0
75921,0,,,,,,
75923,2,,,-0.0,0.4056338718479401,0.4519711169742055,0.0
75927,2,,,,0.1062978566871657,0.0,0.0
75929L,0,,,,,,
75932L,0,,,,,,
75938,0,,,,,,
75939,5,0.5917851284831723,0.3142221065280763,,0.1622822697790755,0.0014425960631664,0.4
75940L,0,,,,,,
75943,15,0.1120675844683509,0.993063396020054,0.1513818549682734,0.3118449303455801,0.2804244572597033,0.0
75944,0,,,,,,
75945,12,0.6123182998421411,0.7790376332206326,0.2612824261163803,0.1867358463662287,0.3280676902465783,0.1666666666666666
75947,2,,,-0.0,0.3188441396415616,0.8408385128367264,0.0
81101L,7,0.6076469267767346,0.7956854827725027,0.1513818549682734,0.5132930474638336,0.5371139697793559,0.0
82001L,0,,,,,,
82006L,0,,,,,,
82009,1,,,-0.0,0.4298636850409441,0.2395940043463853,0.0
82010L,0,,,,,,
82101L,4,0.4982387271584374,0.6216397829120421,0.1648508567221603,0.4548263470261749,0.422482058573322,0.0
82201L,0,,,,,,
82209,0,,,,,,
82210L,0,,,,,,
82214L,1,,,-0.0,0.3013403281041414,0.1691720523072067,0.0
82301L,0,,,,,,
82304L,2,0.0,0.5270497286400526,0.1648508567221603,1.0,0.5801320300946209,0.0
82502,4,0.5205626710545385,0.6509905203405565,0.1648508567221603,0.3810374283098592,0.53398645461443,0.0
82503L,0,,,,,,
82601L,62,0.5063162148624153,0.5186507841659018,0.5026072452509096,0.3770354717372773,0.5196644206592406,0.0
82602,27,0.4661265550584325,0.6498805253866369,0.3771431062272966,0.2914928330237984,0.4350540271594362,0.074074074074074
82603,0,,,,,,
82701L,1,,,,0.0,0.0916180879513947,0.0
82901,0,,,,,,
82902L,4,0.1159944815717905,0.0,0.3297017134443207,0.7191541099493397,0.7644790798862466,0.0
83102,2,,,,0.0859809325812309,0.469035161512438,1.0
83105L,1,,,,0.2493996699550554,0.2234091384906827,0.0
83106,2,,,,0.2349717093580868,0.5592228730379073,0.0
83108L,0,,,,,,
83109,0,,,,,,
83110L,0,,,,,,
83113L,0,,,,,,
83121,0,,,,,,
83122,0,,,,,,
83125L,1,,,,0.2112686312344962,0.5038271842123272,0.0
83126,0,,,,,,
83201L,23,0.4424057523147285,0.561071635257236,0.5307419955783058,0.379748460280361,0.5174360165569458,0.0
83208L,0,,,,,,
83304L,14,0.5184264374272092,0.661737740701255,0.4121271418054009,0.2055532136956045,0.4217393288821821,0.1428571428571428
83305L,0,,,,,,
83312,1,,,,0.2823778656052682,0.6086445169901404,0.0
83313,11,0.6370460375687368,0.9006804430144111,0.3508166814030639,0.2946769453029639,0.3498664961905423,0.1818181818181818
83501,2,,,-0.0,0.2634154031063958,0.3191477333776367,1.0
83502L,3,0.0,0.9337869620096072,-0.0,0.4087942822644189,0.5072667858060725,0.0
83601L,5,,,0.1513818549682734,0.2516767358451889,0.6268925086032726,0.0
83609L,0,,,,,,
83613,7,0.0,0.2905745929600789,0.2612824261163803,0.2796689423911441,0.5852293644865548,0.2857142857142857
83614L,8,0.5316940486414702,0.3898941499456679,0.1648508567221603,0.148748454837695,0.2580308160260215,0.0
83616L,45,0.594175919474259,0.5909926053279175,0.4937603802721027,0.2591935465884919,0.4318426458149024,0.0888888888888888
83618,9,0.5413854482417543,0.8360235639813963,0.3037164366253038,0.1246653558069807,0.5573630496818621,0.2222222222222222
83619,0,,,,,,
83620,3,0.8900061553329532,1.0,-0.0,0.0,0.6758072638995852,0.0
83622L,0,,,,,,
83624,2,0.5758168361823974,0.4811059879936578,,0.2191696572756933,0.6808761504587886,1.0
83701L,12,0.3453254340177553,0.6491568896093481,0.3711829972644872,0.3140219287554041,0.5440585529844114,0.1666666666666666
83702L,1,0.4729852785251701,0.2149025495424873,-0.0,0.2011101691815286,0.2201958264754734,1.0
83705L,3,,,-0.0,0.5668148030883574,0.446017739882365,0.0
83709,2,0.9348128027093364,0.7635248643200263,,0.1717635010285118,0.2588913444051066,0.0
83710,4,,,0.1648508567221603,0.1020735912452303,0.3511879416910132,0.0
83711,9,0.5593030246637143,0.8098662376301641,0.1337398938570355,0.2017102928216896,0.4088821006274098,0.0
83712,30,0.3408799854800006,0.5772111210570168,0.4607010193553461,0.2752285320686363,0.5588734099247322,0.1333333333333333
83714,13,1.0,0.7130768353749652,0.3508166814030639,0.1809784705945084,0.2292162038092947,0.1538461538461538
83715,11,0.6495256987126511,0.7540658588928274,0.4156946192466096,0.320450048420182,0.4429094662897946,0.3636363636363636
83801,3,0.5439317024464223,0.7428332899480286,-0.0,0.1255176353188488,0.5075813757935755,0.0
83802L,1,,,,0.0,0.0,0.0
83804,1,,,-0.0,0.1875655531109056,0.5478178782796995,0.0
83805L,32,0.501350676328211,0.6080818751330569,0.5084303284941387,0.2090030437377529,0.5016912460160982,0.0
83808,2,,,,0.0,0.2626930093245091,0.0
83809,12,0.7093690237717045,0.6937646992944341,0.4121271418054009,0.2220384822073183,0.4219148825739148,0.1666666666666666
83810L,6,1.0,0.9527049728640052,-0.0,0.2783144807840816,0.26213738137475,0.0
83901L,1,,,-0.0,0.0,0.3653379621483777,0.0
91101L,15,0.5235416673419153,0.6379604439155288,0.1519806362784108,0.3550151460546524,0.4562330970039757,0.6666666666666666
91208L,2,0.9148965971103752,1.0,-0.0,0.7564394280770832,0.4907929044886614,0.0
91211L,0,,,,,,
91217,28,0.4809306487580639,0.6780676428742979,0.382523781319239,0.3600544964209871,0.4724188807192785,0.2142857142857142
92001L,1,,,,0.0295450322869673,0.5427489917204962,0.0
92004,69,0.6560276676757526,0.7226126310819136,0.4580144190013897,0.2247543498503769,0.456655149649704,0.0869565217391304
92005,0,,,,,,
92006L,2,0.7826556157580236,0.2905745929600789,,0.0827729971960835,0.505499345097929,0.0
92010,0,,,,,,
92011L,6,0.6737754858398776,0.5270497286400526,0.2612824261163803,0.3087146190759246,0.6172616241407859,0.0
92013,0,,,,,,
93101L,1,,,,0.155961448946118,0.3805446218259878,0.0
93115,3,,,0.2612824261163803,0.889176665569191,0.7029258069913236,0.0
93117L,0,,,,,,
93201L,2,,,-0.0,0.2823778656052685,0.3767429569065853,0.0
94101L,15,0.5713494575811386,0.7606144011116573,0.4487121783782995,0.2894602837206908,0.4826345673596545,0.0
94401L,30,0.6247727229011578,0.7324395003306419,0.1071567530973445,0.3088363829774393,0.4803640888092737,0.0
94411,1,,,-0.0,1.0,1.0,0.0
95001L,90,0.4394916079182688,0.6336026427170289,0.621448567731663,0.3353095658297854,0.5935101016928258,0.1333333333333333
95006L,8,1.0,0.8108198914560211,0.3297017134443207,0.2560917597374402,0.4594687965374085,0.5
95014L,42,0.5591690775641491,0.6538004013645186,0.6078107048106435,0.3062499402278989,0.4565993319778313,0.1428571428571428
96101L,1,,,-0.0,0.2823778656052685,0.3197179831155472,0.0
96201,18,0.5579017376233989,0.1567972304896939,0.3789633110932831,0.3019586807520434,0.4118175987095085,0.0
96202L,1,,,-0.0,0.0716838378400173,0.6137134035493438,0.0
96301L,0,,,,,,
97101L,2,,,0.1648508567221603,0.4459291046580445,0.6824782806748226,0.0
97106L,15,0.4460337197850881,0.5825138968268101,0.5481065070469971,0.6307680252032272,0.6821167695781819,0.0
97107,5,0.4464467984584886,0.4470265427259495,0.2472762850832405,0.224549852722294,0.5488216235505319,0.0
97501,2,0.2846484097797898,0.5999457595953142,0.1648508567221603,0.4002526324901521,0.9420608051917956,0.0
97502L,8,0.2907001024553792,0.1743639548544919,0.3297017134443207,0.4939567872807499,0.5449298242168575,0.0
97601L,16,0.4727647030826127,0.7211313218144892,0.3037164366253038,0.2443118508567876,0.391153899168577,0.0
97602L,0,,,,,,
97605L,1,,,-0.0,0.4720024905939944,0.9379271861630069,0.0
