lsbg,restaurant_n,nutrition_score,carbon_score,diversity_score,sustainability_score,hygiene_score,practice_score
11101L,0,,,,,,
11103,0,,,,,,
11104,10,0.3450824302617443,0.4622656246674947,0.3827718356894353,0.8897476279512262,0.7980315601379809,0.0
11105L,12,0.3820538585289172,0.5819965528492693,0.4536084256255674,0.6384266239925525,0.8143636626547812,0.1666666666666666
11107L,19,0.582932367854896,0.610317640052213,0.5403173830636957,0.2916802606963348,0.4812688301713819,0.0
11109L,16,0.4704589245733792,0.6391887271914507,0.4707132474575525,0.4521942555493042,0.4960818786800666,0.0
11111,2,,,-0.0,0.4411630018525484,0.5841006139934598,0.0
11112L,4,0.0,0.5471501151728504,0.2472762850832405,0.2479519664257676,0.5699557877478636,0.0
11114L,1,1.0,0.7096085333849923,-0.0,0.3733976855998568,0.4693515143432312,0.0
11116L,8,0.3851141556774087,0.5237880026306737,0.4627948640243697,0.3115628216902251,0.4952240509378495,0.75
11118L,1,,,,1.0,0.7739342960945986,0.0
11121,12,0.3979013472307438,0.4786692418648711,0.4354707101939672,0.6455596057470903,0.7333000984522148,0.0
11122,11,0.5416927034183812,0.1483576166248247,0.3037164366253038,0.4057306824267309,0.5929971427781145,0.3636363636363636
11123L,5,0.4185910775241561,0.8713575261900943,0.2612824261163803,0.3954881215705733,0.3568228316250045,0.0
11125,1,0.351710561006412,0.1959845386880895,,0.0,0.2855029988409243,0.0
11126,1,,,-0.0,0.4720024905939944,0.3577346323095725,0.0
11127L,9,0.1241657680943482,0.6698807105907567,,0.3129284996312299,0.3652632637299279,0.4444444444444444
11129L,0,,,,,,
11135L,2,,,-0.0,0.5478523405894846,0.6656694907811785,0.0
11139,0,,,,,,
11144L,0,,,,,,
11150,0,,,,,,
11201L,4,0.3269652474585197,0.1896785350699569,0.1513818549682734,0.6853301937063112,0.631682536774157,0.5
11203,2,,,,0.3692891520584345,0.9821580953214404,0.0
11204L,9,0.3750413488041869,0.4503219926524612,0.3249128940529034,0.6270488743891192,0.5621283593719479,0.0
11205,2,0.7171886978104248,0.6925823236160342,0.1648508567221603,0.2086349558874305,0.319717983115547,0.0
11206,10,0.4812045532804986,0.5042368331979845,0.3709144276248608,0.3566073692226501,0.509523868267708,0.2
11208,19,0.4217572327734779,0.4512494530914702,0.4707132474575525,0.2993654942847322,0.3411797025351124,0.0
11209,30,0.4060352388361697,0.6849033195775583,0.5478229384134334,0.423204495308144,0.6061136650725206,0.1333333333333333
11213L,5,0.1931106616760593,0.4926189488850485,-0.0,0.3821983572475292,0.536625173317316,0.0
11217L,11,0.5537462934610559,0.6394449695985343,0.3168314930005712,0.2661071998768988,0.4647516618031914,0.0
11220L,5,0.4113715739151162,0.109718409192035,0.3297017134443207,0.4960655512944349,0.6375068790367979,0.4
11221L,27,0.5079455657569001,0.4001337870475279,0.4599170912048114,0.3692751414714754,0.5744313222709858,0.074074074074074
11223,2,,,-0.0,0.1875655531109053,0.35393296739017,0.0
11224,7,0.4574435512927564,0.802306786571542,0.2612824261163803,0.1361491281839906,0.6081402652099811,0.2857142857142857
11225L,5,0.3082229891394376,0.6905553938816344,0.3168314930005712,0.3605073839368876,0.7077409182003783,0.0
11226L,3,0.0312274303301391,0.5573185460070893,-0.0,0.6497074642274663,0.6728877381820266,0.0
11228L,10,0.4507307331038148,0.0,0.362203662761896,0.5090936531289251,0.7121721696726908,0.2
11233L,11,0.4846326292216811,0.5729653174845808,0.1648508567221603,0.5748914074860254,0.616537979441021,0.0
11235L,13,0.8964548391828707,0.7614816691001036,0.3709144276248608,0.4292737455163635,0.6101272107437994,0.0
11237,11,0.391494474346337,0.6956092053527378,0.3760307573686181,0.4881192155749985,0.6473068780510467,0.0
11238L,12,0.4137888913928442,0.5564058349570964,0.4121271418054009,0.4447134348439913,0.6960341416720814,0.1666666666666666
11239,2,,,0.1648508567221603,0.4178240263115013,0.683048530412733,0.0
11241L,1,0.2753648588711351,0.8018113148586887,-0.0,0.9460640530658092,0.9078898556459694,0.0
11243,2,0.2574656447836152,0.6878528209024347,0.1648508567221603,0.1333870888284122,0.6602385408963174,0.0
11245,2,0.7306119932095787,0.5375597346702736,-0.0,0.6047397280861024,1.0,0.0
11302L,7,0.2475982261215093,0.5693663318669953,0.2260023800196072,0.3415583689533564,0.4044225875128428,0.0
11303L,43,0.4884884996770679,0.7630740451705498,0.5209842521298735,0.5543658384378732,0.6882738332701708,0.0930232558139534
11305,4,0.1617395665351866,0.6167526301079893,0.3297017134443207,1.0,0.7415407026804173,0.0
11306L,39,0.4862172971047818,0.6688957232487509,0.4801260907522471,0.3922792360261949,0.4132198971961049,0.0512820512820512
11309L,4,0.4885161843126546,0.6876951708119814,0.3297017134443207,0.2498256383155369,0.5196274793435842,1.0
11310L,11,0.5360830346248492,0.6761416713259027,0.453339855985941,0.468669220566824,0.5345169973314997,0.0
11315L,11,0.4510094824751941,0.5547511016768496,0.3162327116904338,0.40467525657589,0.5589995393998406,0.5454545454545454
11318,10,0.3469290243172495,0.5659367509518705,0.453339855985941,0.4056120996677512,0.6470493942169572,0.2
11319,6,0.5086156610085835,0.6364273613965632,0.1513818549682734,0.5792996337945702,0.7218872063532304,0.0
11320L,10,0.6778009525838056,0.6241775648559247,0.3965716603728385,0.5561124898839767,0.5502332577469952,0.2
11321,6,0.6875842069965242,0.7919018806016231,0.2260023800196072,0.8288838746005538,0.7685903902329179,0.0
11323,0,,,,,,
11324L,2,0.9627172853674218,0.9369399638186736,0.1648508567221603,0.8512517405714458,1.0,0.0
11403L,218,0.4597250719942538,0.5254454046249611,0.5991752424627035,0.4934159238216866,0.64919855058539,0.1926605504587156
11419L,86,0.3905920532115881,0.5367887820730288,0.6252195309993458,0.6934742268958071,0.7676437521873322,0.0465116279069767
11427,5,0.3990812882073002,0.7721653019698715,0.1513818549682734,0.882569744424847,0.7662239943307532,0.4
11428,3,0.6465985445675327,0.6686195098671303,0.2612824261163803,0.662543176573004,0.921838178307547,0.0
11601L,3,0.6460360465271091,0.6015227432006753,-0.0,0.4799732315708488,0.5647520592221559,0.6666666666666666
11602,4,0.6192356824822397,0.5106694997295373,0.2612824261163803,0.3453734317230719,0.4238072213917978,0.0
11603,8,0.4329585511457148,0.6271890660959989,0.3168314930005712,0.3918792799970848,0.5095101424618679,0.5
11604,3,0.3916109003185813,0.579449615847869,0.1648508567221603,0.5556318123838939,0.5831893988300518,0.0
11605,5,0.2887439122524651,0.8613142880747449,0.3711829972644872,0.569080921546327,0.6304162202926703,0.0
11606,4,0.3602105940662159,0.5436029881376507,0.1648508567221603,0.7768504120168417,0.7397227553570407,0.0
12102L,388,0.4154425175842213,0.6148930540813735,0.6054920810997282,0.5144540467893117,0.6713119806198612,0.1134020618556701
12201L,53,0.3824153030384074,0.561809517279481,0.6275702096348423,0.5327445005716568,0.735481307884652,0.0377358490566037
12215L,26,0.3082670976836643,0.5537103931304238,0.567892977431358,0.5449610921509654,0.7874735795514682,0.0
12222L,244,0.40387164100821,0.5669843909547179,0.5689850980424834,0.5916529918918569,0.7416664584675706,0.221311475409836
13101L,64,0.50572059834485,0.656235456140034,0.6551186609322763,0.3974876332443082,0.4776970807328478,0.0625
13108,21,0.3231269841258217,0.6345259642186609,0.4204258509021245,0.358155906805244,0.4925358836128345,0.2857142857142857
13109L,20,0.4240257237569326,0.5299734212266414,0.4904209957680206,0.5384289026462857,0.6713852395273693,0.0
13110L,34,0.1939119339771881,0.5775717669523361,0.566860643278657,0.3763620930303378,0.4954423094948863,0.1176470588235294
13112L,23,0.4899555203260062,0.6479580744830133,0.4652391137081021,0.4335579981576412,0.5013313528286187,0.0
13115L,26,0.4385694122373185,0.358967706487026,0.5009096043057567,0.4227627384239596,0.5453119712480677,0.0
13117,5,0.7208147968537165,0.7238381676363438,0.2612824261163803,0.1597256128371172,0.4121633990772205,0.0
13118,15,0.4843754367354208,0.7506687537178979,0.3297017134443207,0.3272971913762934,0.4146259211568819,0.1333333333333333
13121,12,0.386434792098423,0.518896966819467,0.4121271418054009,0.4937278054459807,0.5472302491299501,0.0
13123L,18,0.2178278327920588,0.5503782969383468,0.4091127734966245,0.4519969314933229,0.5963753335255747,0.0
13125L,43,0.5650335365518252,0.6123525561133836,0.581497604899534,0.5166808894951396,0.6022126926928572,0.1395348837209302
13129L,39,0.4862782718605665,0.604837702187343,0.4936210203770055,0.6389760593016657,0.665698853097729,0.1025641025641025
13131L,16,0.5138917077395602,0.4967985367489673,0.4126642810846537,0.4014061545308101,0.4633379229889007,0.0
13134L,12,0.1180642376730612,0.6136598219698235,0.3483765681551738,0.3445747746922363,0.3898726050398192,0.0
13144L,14,0.3020284044279962,0.6087295187478923,0.4536084256255674,0.5220372931740925,0.717332406584923,0.0
13147L,12,0.2622135655815817,0.4764467834211356,0.4492978048006894,0.5893476678243007,0.7149144195925107,0.0
13151L,5,0.1852920182213309,0.7056959447764691,0.3827718356894354,0.7153540926628588,0.7330691810309206,0.4
13159L,4,0.3563600729571538,0.5958424953833177,0.1648508567221603,0.3957199653629146,0.4085366426908745,0.5
13163L,7,0.2592233416090926,0.5845698074174208,0.3168314930005712,0.7356660791097115,0.760679111241716,0.0
13201L,52,0.4077750036723471,0.5547423333289615,0.5561732099569077,0.4718255300531117,0.5402850365850073,0.1923076923076923
13207,14,0.5855598729698321,0.7025377961789149,0.3685943744688496,0.4608827855576302,0.4356704877537496,0.1428571428571428
13208L,24,0.4116726443818298,0.3983056291520035,0.2472762850832405,0.370455916548613,0.333251233570524,0.0
13210L,185,0.4381890635916054,0.5507634689659474,0.5767198008656583,0.604551831044723,0.6877291430192569,0.1081081081081081
13212L,47,0.420835634796999,0.5610289804326387,0.5151122366748502,0.4445297492812753,0.6191730364565351,0.0851063829787234
13217L,22,0.3185392942739828,0.5190207288824182,0.3681875625662872,0.4807841319966421,0.4960333510876111,0.0909090909090909
13223L,14,0.5562342481590933,0.6905813801602806,0.3988371864779316,0.362131922241629,0.437762722451773,0.0
13233,9,0.4085824021843832,0.5533247437156052,0.4121271418054009,0.604788365184086,0.6842764377486218,0.2222222222222222
13236,16,0.4018673026110257,0.6033569254906619,0.4482780322360823,0.5104301017054358,0.6366511828310512,0.0
13304L,51,0.3397587793798635,0.5261625744298084,0.4814093408960245,0.5495401883382124,0.6458590737066308,0.1176470588235294
13306L,19,0.3998236693705699,0.645143978215991,0.420345786462206,0.6140883385228503,0.5857259486556993,0.1052631578947368
13308L,19,0.3051001155709294,0.5501581279090906,0.3621429825722457,0.4480056984573445,0.5819505279313512,0.0
13310L,34,0.2858072855390867,0.4275611549430685,0.5136479194972218,0.4813739214278111,0.4842695729012969,0.0
13312,6,0.5275973762128171,0.4389663235558636,0.2612824261163803,0.5669554077984937,0.5427590322858676,0.0
13314,9,0.4272049014594906,0.2960866752593818,0.3553589461922984,0.4289408247979947,0.544512955910293,0.4444444444444444
13402L,54,0.4638752439625685,0.6183616463436784,0.4313347108992722,0.6467773545876643,0.7983149982047559,0.3703703703703703
13501L,41,0.3669205849424272,0.7504604698676776,0.564755519273543,0.5427178066410617,0.6350489693536546,0.0
14001L,0,,,,,,
14002,0,,,,,,
14101L,11,0.3385863214654039,0.8060903887424216,0.2317208036506781,0.4059747179177019,0.6464019975348516,0.1818181818181818
14106L,1,,,-0.0,0.0169033906210519,0.6603471598940149,0.0
14109,3,0.0876297349462431,0.0857063778539164,0.1648508567221603,0.3687603749844879,0.6712885317545736,0.0
14110L,2,0.8855375277307102,0.9369399638186736,0.1648508567221603,0.692752369684405,0.5656494970683256,0.0
14112L,0,,,,,,
14115,0,,,,,,
14117L,0,,,,,,
14201,0,,,,,,
14202,0,,,,,,
14203,2,0.0810493269165265,0.631098788339241,0.1648508567221603,0.3179324827906548,0.4881817609519139,1.0
14204L,0,,,,,,
14205,0,,,,,,
14206,0,,,,,,
14207,2,,,0.1648508567221603,0.2112686312344962,0.7388515404796774,0.0
14208L,12,0.623892187942934,0.6347368673497021,0.4690585395774101,0.4557834399149819,0.5194146389640405,0.1666666666666666
14210,3,0.7172221095636465,1.0,0.1513818549682734,0.5615474523942261,0.8987477566731198,0.0
14212,0,,,,,,
14213L,0,,,,,,
14214L,0,,,,,,
14219L,0,,,,,,
14221,2,0.5921185492393313,0.9936939963818674,-0.0,0.7133429223978274,0.0,0.0
14301L,7,0.4875940915143162,0.724309404319764,0.3711829972644872,0.4914523864227109,0.6499462900932081,0.0
14303L,1,,,,0.0,0.3197179831155472,0.0
14304,1,0.4615160608056237,0.7805510740889844,0.1648508567221603,0.7564394280770832,0.7417027891692295,0.0
14308L,0,,,,,,
14311L,0,,,,,,
14401L,21,0.275514774540607,0.5612524598211941,0.4419407250385659,0.587315461356011,0.6945507090558608,0.0
14402L,31,0.390907890546972,0.6738729672931187,0.4350897760002163,0.4991086469447316,0.7630665291807558,0.0
14406L,3,0.3179376483084708,0.3973262256384671,0.1648508567221603,0.532050288507091,0.7045478506902684,0.0
14413L,1,,,,0.4720024905939939,0.2740980040827167,0.0
14415L,0,,,,,,
14418,5,0.4252261731130629,0.5837706877576967,0.2508911503117071,0.7195525505148332,0.9370257796811632,0.0
14424L,6,0.4876182663425911,0.7554671930301902,0.3168314930005712,0.9006832552336772,0.8630189332139813,0.0
14430L,11,0.4129303828473067,0.5429273448928509,0.3214941296910895,0.3616021883113489,0.5367970325239326,0.1818181818181818
14432L,4,0.531597820749881,0.6591802107012379,0.1513818549682734,0.4399925251688902,0.5382839811615865,0.5
14434L,0,,,,,,
14435L,2,,,0.1648508567221603,0.3854862554428879,0.8514351315928411,1.0
14437L,12,0.664584672220719,0.7469716048224282,0.4492978048006894,0.5604273891393363,0.7676799261572901,0.1666666666666666
14444L,6,0.0,0.9527049728640052,0.3168314930005712,0.1712569544112362,0.5657361096732466,0.0
14445,0,,,,,,
14451L,0,,,,,,
14456L,11,0.3496715932385228,0.2346313322906452,0.4277725791315173,0.5631779368590912,0.8595762900444865,0.0
14458,0,,,,,,
14501L,32,0.3819037210399182,0.5205303639972464,0.5454412003647369,0.5815393544129633,0.6137738305730409,0.0625
14521L,10,0.2312220874596945,0.5494972191314651,0.3141462320117583,0.6431003692116153,0.6866793138809646,0.0
14530,0,,,,,,
14531L,0,,,,,,
14537,1,,,-0.0,0.5148937748176344,1.0,0.0
14538,0,,,,,,
14601,28,0.3681139088930765,0.3915182100953657,0.4381311654114213,0.4199098740264008,0.4632947206000479,0.2142857142857142
14602L,22,0.3915747631932417,0.6053708325519283,0.4753005770291031,0.6679942644902269,0.7123038681630379,0.0
14604L,9,0.3845027823175588,0.374380504277501,0.3988371864779316,0.6484124763184017,0.6733626912737938,0.4444444444444444
14607L,119,0.348991467202727,0.4288171540896001,0.4224581023566224,0.5328881308047371,0.6679155622338756,0.0336134453781512
14609,20,0.4298671683260328,0.5966971623795505,0.5351783072655457,0.4207486868821796,0.4935008400116272,0.2
14610L,44,0.5154071675792412,0.6935772653495,0.5545631811615008,0.5343538405745664,0.6316665533739069,0.1363636363636363
14615L,84,0.4072285296988597,0.5706142587185192,0.5921666485847835,0.4719350604704697,0.5431577079131117,0.119047619047619
14622L,58,0.3736585222668546,0.5410853622495894,0.57180010341093,0.5827848330175713,0.742806386205096,0.0344827586206896
14631,16,0.3815426642522869,0.6469850666849214,0.3498016643450033,0.479851131196041,0.5858377087187225,0.125
14632L,32,0.381517863524223,0.6052671270578772,0.5198690028228218,0.540672099314814,0.6460168534651881,0.0625
14635,6,0.251827388447061,0.4687822552085071,0.2612824261163803,0.3613976430744773,0.3677630791660879,0.0
14801L,1,0.8784200882093531,0.1013944844161,,0.6142209593355387,0.4565779202140386,0.0
14803L,11,0.2719041952659031,0.4369759617953939,0.3827718356894353,0.67334711766086,0.7341894496375666,0.0
14902L,1,0.2374748520621004,0.4429866320209136,-0.0,1.0,0.8785627262677209,0.0
14919,0,,,,,,
14920,1,,,-0.0,1.0,1.0,0.0
15102L,1,,,-0.0,0.155961448946118,0.3805446218259878,0.0
15103,2,,,-0.0,0.2349717093580868,1.0,0.0
15104L,21,0.4377081672613321,0.6132561170491985,0.3711805746859231,0.4110264130135727,0.6341646096468496,0.0952380952380952
15107,4,,,,0.1638624749873147,0.1571968078110882,0.0
15108L,23,0.4042951097706402,0.4252880284350777,0.3690879782238473,0.4687981577170966,0.6359453732240797,0.0869565217391304
15111,0,,,,,,
15112L,6,0.2976419292596569,0.2669270793920816,0.1648508567221603,0.1796913405064999,0.5775368907559147,0.0
15114,16,0.8519443283574195,0.744748032651109,0.3711829972644872,0.2351848870498134,0.3914604567197458,0.0
15115,9,0.6097617543039666,0.6022239296667391,0.2508911503117071,0.358093281700922,0.5848219651145465,0.2222222222222222
15117L,8,0.299573191274521,0.4713965286050243,0.3297017134443207,0.5566392392474219,0.6535387236292669,0.0
15119,9,0.3403809257852832,0.6201462557393265,0.2508911503117071,0.1391903968894684,0.3704017358876709,0.2222222222222222
15121,1,0.5522729117849076,0.3142221065280763,0.1648508567221603,0.6560499207301106,0.787912331210951,0.0
15122L,16,0.3171393259812214,0.4719098608255276,0.4032976218878175,0.4871411696205612,0.4397471555656687,0.0
15125L,25,0.2383233151159588,0.536980994906729,0.5196744028407493,0.5606875137287398,0.6933528592459542,0.08
15127L,31,0.3635106973403679,0.5526957906901604,0.4805725570901554,0.3863589597785139,0.5506758312350761,0.064516129032258
15129L,21,0.3757890085986708,0.3492036803315962,0.4505233072204731,0.4428049753698505,0.6031978365096189,0.0952380952380952
15135,5,0.7482543682596571,0.7439312102208284,0.1648508567221603,0.3632795435269925,0.4916031905944777,0.8
15136L,20,0.3302310559301312,0.4236511829983137,0.5425889354459987,0.6192980374035417,0.5985746829206153,0.2
15141,19,0.5410772594490277,0.5398383039776256,0.4651906866066417,0.3629444938565412,0.5300725462769339,0.1052631578947368
15142,0,,,,,,
15201,0,,,,,,
15202L,0,,,,,,
15204,0,,,,,,
15205L,0,,,,,,
15208,6,0.8205398863794848,0.4638095209267796,0.1513818549682734,0.44102062840681,0.6522437300866454,0.0
15303L,24,0.4088054040538598,0.5383732495601129,0.4362677932322495,0.2677501140265223,0.4090174345185234,0.0833333333333333
15307,6,0.5117840795622355,0.6383229738028711,0.2612824261163803,0.4149905110827371,0.5480308768297132,0.0
15308,11,0.3316779431677782,0.4990146041208847,0.3711829972644872,0.5141705956406581,0.6364792408589676,0.0
15309,8,0.4087504686137755,0.594855862281342,0.3711829972644872,0.3531290510487881,0.5972898745278652,0.25
15312,5,0.6996121323458196,0.4371891770816626,0.2612824261163803,0.3082430561577615,0.4644656762217607,0.0
15315,12,0.6404448211248384,0.6841086312541684,0.3168314930005712,0.2031494991837907,0.5341392189411889,0.0
15316,4,0.9297833802477676,0.7635248643200263,-0.0,0.436447873408608,0.4136191066247899,0.0
15317,3,0.4988401553687236,0.7766219487576864,0.1513818549682734,0.3553741086186223,0.4009712094166527,0.6666666666666666
15318,5,0.4606649621084277,0.5115474697454765,-0.0,0.4887769766506891,0.5254747688162625,0.0
15321,1,0.2057942027296627,0.4324596743680632,,0.1306781656142882,0.3949909485197174,0.0
15322,1,0.6849735610613521,0.8855460343308927,,0.1513137865689428,0.3945213310884973,1.0
15327,11,0.4911064126652198,0.1942362789301441,0.3709144276248608,0.376637816970419,0.489405719878027,0.0
15328,4,0.7561753345317846,0.6347923047441473,0.2612824261163803,0.4561758015852769,0.5609254502018579,0.0
15329,5,0.2454968303682104,0.7721239601629344,0.2612824261163803,0.3655425364840603,0.6129551211726644,0.0
15331,12,0.3723069602639113,0.2266546471944618,0.3508166814030639,0.4448811444321419,0.5952853368853511,0.6666666666666666
15332,4,0.3645935250967303,0.9763524864320028,,0.3356291956327603,0.3843712701056085,0.0
15333,3,0.6408814876970437,0.6447494314655516,-0.0,0.6975531485221794,0.7951535480787778,0.0
15334,0,,,,,,
15337,0,,,,,,
15338,14,0.4786311755918144,0.631671501558466,0.4492978048006894,0.3995305535192957,0.4875502683944362,0.1428571428571428
15339,0,,,,,,
15340L,4,0.4490564378667437,0.4878624204416569,0.1648508567221603,0.2564868110395001,0.5174228361596689,0.0
15342,0,,,,,,
15343L,1,0.7265582802262298,0.4647779429109928,-0.0,0.1022344718659788,0.5656857034008914,0.0
15349,0,,,,,,
15351L,9,0.5930797757262553,0.7464986545510682,0.2612824261163803,0.2147305324543831,0.4713890551577424,0.4444444444444444
15353L,4,0.9326253774014688,0.559210347092529,0.1648508567221603,0.3660401137450343,0.4312051077493999,0.0
15355,4,0.3019138952024834,0.5731623800976475,0.1648508567221603,0.194553044808416,0.3058996922122255,0.5
15356,2,0.9986373381259512,0.9054099457280104,-0.0,0.1559614489461178,0.5174045589244793,0.0
15401L,15,0.3388105380633794,0.466827394086886,0.3975546917061868,0.3457368642503151,0.582160239026797,0.1333333333333333
15409,10,0.3830827555232587,0.5714124640936157,0.1648508567221603,0.3108060022432322,0.488785352271069,0.0
15411,1,0.6883932225904913,0.7256888426112305,,0.2655223433840482,0.4170406050522519,0.0
15413L,11,0.4072220553899657,0.4799236123152579,0.4859313285167251,0.2704446196740377,0.4657118250781853,0.0
15418L,4,0.2213290800729637,0.0,-0.0,0.4806849367931118,0.6683849657236091,0.5
15501L,26,0.3746071765431442,0.6122344110207705,0.5073811865404698,0.4226731892629344,0.5577611025935912,0.1538461538461538
15502,24,0.5035036909579342,0.3722817482910805,0.5483533630176767,0.3706777231591983,0.5042288893288012,0.0833333333333333
15503L,27,0.5703944670464148,0.5036649652228109,0.4831958449516785,0.3412747729542865,0.5414784916024759,0.074074074074074
15507,3,0.4535170363405512,0.7912262373568233,0.1648508567221603,0.1959550062164672,0.3504926393997842,0.6666666666666666
15508L,4,0.5493991812381335,0.7174122128624314,-0.0,0.4302868744460938,0.4826623958430723,0.0
15513,15,0.5754279468969543,0.5461462112949637,0.4816823497227316,0.4779380949234461,0.5396928880159292,0.0
15514,6,0.2031995957993418,1.0,0.2612824261163803,0.2513004965098938,0.5058004293371605,0.0
15515L,2,,,-0.0,0.2939067674875228,0.4468987300593484,0.0
15602,19,0.574131830399035,0.6484557731446103,0.4640670985425301,0.3595128702983295,0.4210934952628904,0.2105263157894736
15603,2,0.7358961845441071,0.909613948140099,-0.0,0.4720024905939944,0.4273216293125496,0.0
15604,4,0.6170011022169245,0.1959845386880895,0.2612824261163803,0.4734932502244088,0.7550086163871385,0.0
15605,9,0.4774594214649716,0.6263692856256415,0.3965716603728385,0.602606858868472,0.5433806400509196,0.8888888888888888
15606,1,,,,0.3094670977465148,0.2056680355334709,0.0
15607,0,,,,,,
15608,1,,,,0.5478523405894846,0.6390578363453606,0.0
15609L,13,0.6586419504893039,0.4896436617234023,0.3827718356894354,0.2691193250055648,0.3810104155318343,0.1538461538461538
15613,0,,,,,,
15614,1,,,-0.0,0.5288898780906122,0.3425279726319624,0.0
15615,5,0.5283911498474833,0.5206577340634909,-0.0,0.5715854497622815,0.6324060017774571,0.0
15702,4,0.5844147342894259,0.9148689511552096,0.2472762850832405,0.3252718519581977,0.3741743858630881,0.0
15703,7,0.3903353849257567,0.3348183280227836,0.3168314930005712,0.3190802035540425,0.3860587091226027,0.2857142857142857
15704,0,,,,,,
15705L,2,0.4692865329111294,0.5900196790554055,0.1648508567221603,0.5194086468411759,0.6238511766677505,1.0
15708,4,0.6112908470615528,0.5799341680739376,0.2612824261163803,0.6476925787464273,0.674259469726632,0.0
15709,8,0.1295884862745533,0.1160076825964868,0.453339855985941,0.5532082785452902,0.6964487549188734,0.0
15710L,5,0.4123388317535375,0.3047631011008773,0.2260023800196072,0.4500337840404222,0.5298039215986703,0.0
15712L,0,,,,,,
15715,4,0.6017696288753904,0.7059109221725418,0.2612824261163803,0.3570989975948737,0.624281213901422,0.5
15716,25,0.4020688576683627,0.3801130660396372,0.2566364589389689,0.4362917031368772,0.61341071299533,0.0
15717L,7,0.3094602875759519,0.5493155897299198,0.453339855985941,0.6488736474080969,0.7658901587162577,0.2857142857142857
15719,9,0.2665948987335608,0.1784178143232914,0.3685943744688496,0.3850913229961172,0.6024471529832462,0.0
15720,57,0.4612139754203508,0.7115578709997946,0.582622258508687,0.4846553352245675,0.6131013859111915,0.0701754385964912
15721,6,0.6687815948213998,0.4978844619061892,0.2954920697803505,0.3798350115329135,0.5863377254996334,0.0
15722,0,,,,,,
15723,4,0.5881095572462921,0.740552993996829,0.3297017134443207,0.5627514182671705,0.6894301832291724,0.5
16101,33,0.663568701150081,0.6977622551595003,0.5146525210671637,0.2041522331954613,0.2884479715311767,0.1212121212121212
16102,6,0.5804523808106571,0.7488634059078679,0.2612824261163803,0.3059458834546504,0.4398248608690803,0.0
16103L,10,0.2887552199638987,0.7625789637773064,0.1648508567221603,0.2611438330455015,0.4569762566918774,0.4
16104L,3,1.0,0.9432459674368064,0.1648508567221603,0.7047236212619761,0.2507120047300282,0.0
16107L,2,0.4510045705811312,0.4378648203264625,,0.2488925647640051,0.2755782041493748,0.0
16109L,4,0.6665186838667713,0.5419138800256509,-0.0,0.4245963343468126,0.4850904071095579,0.0
16110,4,0.4570504628733879,0.667043008962597,0.1648508567221603,0.2752669421681911,0.4850904071095579,0.0
16111,4,0.7340626997509172,0.9621639782912044,-0.0,0.5289593376602049,0.1828789342858438,0.0
16113,2,0.6841533178744482,0.2376041625677648,-0.0,0.2191696572756933,0.4280654333185196,0.0
16114L,5,0.459851708734224,0.5098515369542365,-0.0,0.3003922049791976,0.4370645172777342,0.0
16117L,46,0.6213612834432181,0.6559686300058216,0.4724211715395544,0.2483743196008954,0.4921651082795078,0.0869565217391304
16120L,19,0.6498337437069924,0.5278207268182695,0.2838613216561391,0.3397388062644563,0.4722806891200487,0.1052631578947368
16127L,4,0.5124972093882058,0.5614295752889102,0.1513818549682734,0.3871291239611095,0.721241830189847,0.0
16129L,5,0.6015780222549557,0.7802172268386127,0.1648508567221603,0.348699283416531,0.304900810614139,0.0
16130L,6,0.6642907116323347,0.8072727644208214,0.2612824261163803,0.3567645346673772,0.5171553018825483,0.3333333333333333
16131L,0,,,,,,
16144L,7,0.4608276201913927,0.8410887088230576,-0.0,0.1953053337226901,0.3247587260969156,0.0
16146,10,0.3210691068117015,0.2709997067287922,0.3711829972644872,0.4012275304018883,0.4658503271703431,0.2
16148L,24,0.3434939445284425,0.5499972758064373,0.5010062622692372,0.4256018216968196,0.5212095497390957,0.1666666666666666
16151L,1,,,,0.2823778656052688,0.6390578363453606,0.0
16152L,3,0.6477016397636153,0.2497339459979376,0.1648508567221603,0.3669536286374515,0.1974368662160006,0.0
16159L,0,,,,,,
16163,1,,,,0.1559614489461176,0.3501313024707674,1.0
16164L,7,0.75386516992962,0.46738523286849,-0.0,0.3304161039357458,0.513114108515439,0.5714285714285714
16180L,5,0.7614346629464354,0.6560361662836747,0.2612824261163803,0.2885920701832124,0.2524456902390472,0.0
16191,0,,,,,,
16202L,27,0.5693627538376446,0.6239229911186073,0.4854921523694248,0.3268080788365994,0.5239316260446756,0.2222222222222222
16305L,13,0.5830773986945563,0.4419186797952621,0.2472762850832405,0.4090241386032695,0.4319608036882481,0.0
16313L,13,0.6223118902957921,0.1519254870929786,0.2612824261163803,0.2017984503711314,0.3083832910963309,0.0
16315,0,,,,,,
16316L,2,0.93427359237127,0.55069724220805,-0.0,0.5478523405894846,0.5217764735817924,1.0
16319,14,0.3779887643052621,0.7615279631742844,0.3553589461922984,0.2403307213207656,0.4453445083688375,0.2857142857142857
16321L,12,0.5237310348827977,0.4494858841370213,-0.0,0.2226307183930739,0.3177728419318349,0.0
16332,5,0.6013608896322897,0.5735565053237808,-0.0,0.3525320308941376,0.3746900578501079,0.0
16333,15,0.6047367801236249,0.2303599486552271,0.3168314930005712,0.2456635951797617,0.3288435852792145,0.1333333333333333
16336,0,,,,,,
16402L,0,,,,,,
16502,10,0.5281095356843617,0.6781573403395558,0.3827718356894354,0.2689595498557746,0.4141739344640007,0.0
16503L,0,,,,,,
16504,3,0.0,0.4797547015040578,-0.0,0.155961448946118,0.1068247476290048,0.0
16508L,0,,,,,,
16523,0,,,,,,
16524,2,,,,0.0,0.1638497214200427,0.0
16526,0,,,,,,
16528,0,,,,,,
16531,0,,,,,,
16532,10,0.2951009308632938,0.6539709735935336,0.3297017134443207,0.36072178773712,0.2151041400543992,0.0
16601L,4,0.3605651629418338,0.870560978364646,0.2612824261163803,0.7090332718299015,0.7654631949154952,0.5
16603L,4,0.4226424120928919,0.0270737274881082,-0.0,0.3534870999760405,0.3014224706909223,0.5
16605L,0,,,,,,
16701,13,0.329292016386871,0.4213314326890056,0.3977996960911246,0.3056633507214322,0.4885737829945796,0.4615384615384615
16702L,9,0.4571297569068135,0.667583523558437,0.1648508567221603,0.2415378434400106,0.5800598894771392,0.4444444444444444
16704,12,0.4370441597173705,0.5561543607237416,0.3168314930005712,0.2484285362504748,0.5303151336785458,0.0
16705,5,0.0,0.4324596743680632,,0.3702673743302018,0.4143251301098217,0.0
16706,9,0.5315765053721169,0.6149324881545737,0.3297017134443207,0.378171616092213,0.5516391416608671,0.2222222222222222
16707,0,,,,,,
16708L,0,,,,,,
17113L,1,0.0345265459118416,0.0068044301441105,,0.3771901780996314,0.8215377524766828,0.0
17126L,13,0.2648708075046426,0.2977564304140634,0.255320172860584,0.3857081552873257,0.5753248080646984,0.0
17134L,0,,,,,,
17143L,2,0.0524964538772876,0.0,0.1648508567221603,0.8275486624478551,1.0,1.0
17152,13,0.3279414797911191,0.4781782005995247,0.4990013727659778,0.3814590994527394,0.6185049603528378,0.0
17154,0,,,,,,
17201L,1,,,-0.0,0.0,0.0,0.0
17204,9,,,0.3711829972644872,0.1412954921114778,0.5490608978255395,0.2222222222222222
17205L,0,,,,,,
17206,3,,,-0.0,0.4361845058739016,0.5057461198383117,0.0
17208,13,0.5167540836817719,0.778440988262917,0.3168314930005712,0.3126965906517431,0.3265711108720341,0.1538461538461538
17302L,3,0.0345265459118416,0.3378696200960737,-0.0,0.130678165614288,0.3318833108576352,0.0
17306L,9,0.543252869794475,0.8518089149738831,0.2612824261163803,0.1552089702755276,0.4990172516403878,0.0
17312L,28,0.5861142231130392,0.575186383817995,0.4736009486703994,0.3130948671852095,0.427554789832502,0.1428571428571428
17317,3,,,,0.2929125669935313,0.1929958191354625,0.0
17318L,2,0.2338841266612291,0.1802195296427579,,0.9365828218163726,0.7417027891692295,0.0
17320,2,,,-0.0,0.08221853922828,0.1701858296190471,1.0
17325L,4,0.686287378890206,1.0,,0.2947492090118795,0.2790251619058897,0.0
17327L,3,0.0,0.3851646472320684,0.2612824261163803,0.5003816861705386,0.6217051081480311,0.0
17333L,3,0.8878953536516613,1.0,-0.0,0.9258050119345348,0.6042904734072351,0.0
17336,31,0.4978669450212874,0.6649031028167717,0.4259624049244593,0.3016593464427813,0.4610518591791226,0.4516129032258064
17337L,24,0.542860700325758,0.6382232307248334,0.3675471771863891,0.1694648017293328,0.38531062068145,0.25
17344,2,,,,0.5984189072531452,0.5364128835214922,0.0
17362L,1,0.4514747763360545,0.5365087340672516,,0.7374769655782106,0.4474539244074727,0.0
17376,1,,,,0.4720024905939944,0.6732728206199836,0.0
17402L,2,0.5816497974263276,0.7524893579882942,-0.0,0.7171693398357112,0.733133819041972,0.0
17411,0,,,,,,
17412,9,0.6889026218364471,0.8358584352339007,0.3827718356894354,0.2135260672462669,0.4387161294816076,0.0
17414L,12,0.617702152375829,0.625581035173375,0.3141462320117583,0.3440926931885958,0.5118466547837632,0.3333333333333333
17415,0,,,,,,
17417L,9,0.3943610350402923,0.36099163336256,0.1648508567221603,0.2628134201699237,0.4064120349812877,0.2222222222222222
17421,2,0.8531012214119341,0.4230006689408642,-0.0,0.4358835144056656,0.8215377524766824,0.0
17422,3,0.4281284002701012,0.7792898733653579,0.1648508567221603,0.5483790756588975,0.618589452032925,0.0
17423,5,0.4301119279905731,0.2196320522560868,0.1648508567221603,0.4273052575609375,0.7043921634602356,0.0
17424L,4,,,-0.0,0.7124194258475577,0.6023989246225506,0.0
17425L,17,0.5209560245531475,0.64898490769249,0.1893864099604874,0.4093261510619573,0.4470162621065108,0.0
17439,1,0.3945515904844437,0.5826213855248464,-0.0,0.6679479364156778,0.7536880380467145,0.0
17501L,31,0.6329538871837764,0.4859948215022996,0.4898950812993108,0.4700594234490481,0.5809174479676953,0.1290322580645161
17502L,25,0.5156045602099756,0.6680688447624482,0.3641534489360353,0.4416790830789164,0.5209967928161524,0.4
17516L,3,,,0.2472762850832405,1.0,1.0,0.0
17518,0,,,,,,
18101L,22,0.3072750219840196,0.2871302812012619,0.4651906866066417,0.4253606538698213,0.5859752938558973,0.0
18206L,0,,,,,,
18218L,0,,,,,,
18301L,2,0.2724259216120404,0.46083669064966,0.1648508567221603,0.5995087039484827,0.885000794828548,0.0
18405L,0,,,,,,
19002L,1,,,-0.0,1.0,0.8671577315095131,0.0
19103L,1,,,-0.0,0.566814803088357,0.6785951515071471,0.0
19106L,2,,,0.1648508567221603,0.7564394280770828,0.9298852026796552,0.0
19205,1,,,-0.0,0.7248353239122952,0.2588913444051063,0.0
19206,3,0.4049062928834249,0.6334635396960409,0.3297017134443207,0.9036564249752624,0.903142836483974,0.0
19207L,9,0.2664268476324063,0.5750343778466018,0.3622036627618959,1.0,0.8215493992689766,0.2222222222222222
19215L,0,,,,,,
19218L,4,0.492339152754298,0.8770329294464136,0.2472762850832405,0.7287858369328939,0.9888110089303944,0.0
19301L,0,,,,,,
19502L,0,,,,,,
19505L,26,0.364973051441816,0.5766167717855216,0.4904209957680207,0.4360944932214998,0.5422548905310935,0.0
19513L,0,,,,,,
19519L,10,0.4265556571003888,0.5640258407645576,0.2778520467319639,0.4446288151830456,0.6717385887356225,0.2
19603L,0,,,,,,
19606,1,,,,1.0,0.4337679306976235,0.0
19607,0,,,,,,
19702L,16,0.6068314490527363,0.7833314484115247,0.3988371864779316,0.3286425239778386,0.4849078491835284,0.0
21105L,28,0.4220827823891684,0.5821544987185039,0.5397872282356929,0.3802627214261029,0.5818494030449463,0.1428571428571428
21107L,27,0.6826776569463079,0.7564235088942013,0.4385246687137009,0.4613858296763211,0.5890223984783858,0.1481481481481481
21108L,35,0.3833443344327931,0.5293380964353274,0.5603411792841883,0.4584713253251593,0.4847365046526957,0.2285714285714285
21110L,5,0.6891390968445537,0.8061631503226309,0.1513818549682734,0.311273046555931,0.3004964355705455,0.4
21111L,19,0.4887843214579696,0.6068592523139178,0.4836649257751461,0.4839938335338463,0.633816126048511,0.1052631578947368
21117L,27,0.4099538766390091,0.5191062544691453,0.4714538292665844,0.4503050663882975,0.6864720032571213,0.0
21119L,109,0.3041149354380059,0.5112081484108715,0.6025815386541303,0.5381021369371444,0.6208346114451567,0.036697247706422
21120L,159,0.4465041271291293,0.5485536759023982,0.6143448456303248,0.5344794055222436,0.6890532310190349,0.1886792452830188
21201L,13,0.4068563058243749,0.523311439070022,0.4261332828385407,0.4832558740700534,0.6250137917514283,0.0
21202L,11,0.5180526766532663,0.8304655181125111,0.3037164366253038,0.5037741922808683,0.584382982686317,0.0
21205L,97,0.2942482570908529,0.5066228988778247,0.5477085098909993,0.6460650433569257,0.6894038883924477,0.1237113402061855
21207L,28,0.3106798672528348,0.5045036637040226,0.4487721996182814,0.5869243717977781,0.6883532288522032,0.1428571428571428
21212L,77,0.4683011788609328,0.5728264554425417,0.5643682280362167,0.588739893998912,0.6858166573696571,0.1038961038961039
21216L,39,0.4831510894755156,0.5654642144602755,0.5497526509990508,0.4532736916354122,0.6014008957665347,0.0512820512820512
21217L,107,0.4531330823575475,0.6273367447647772,0.5966813640889693,0.5749982181871607,0.6228457295886565,0.0560747663551401
21221,22,0.3551343402695023,0.4409401256703325,0.4056822863796512,0.5341728974418443,0.6841301140039955,0.0
21303L,0,,,,,,
21304L,2,,,-0.0,0.7564394280770832,0.6276528415871532,0.0
21401L,49,0.3063793507261328,0.5303155927703316,0.6124062975028022,0.5543632517169947,0.6473952043604384,0.0
21405L,29,0.4218027997644596,0.6316141588994582,0.3968502576671642,0.5214632276603199,0.6819760895743346,0.2758620689655172
21406L,46,0.3476388566103905,0.5991513942482771,0.5272799169352628,0.6714260080599301,0.7164216105366014,0.0869565217391304
21501L,193,0.4260931675743315,0.5501679883329567,0.5839260636084067,0.5298423805001039,0.6705250098745263,0.0932642487046632
21702,4,0.6767039278594943,0.6366437225551853,-0.0,0.4339165168076044,0.4919305964818807,0.0
21703,1,0.4756709769372769,0.146324760195295,-0.0,1.0,0.9948936728014386,0.0
22025L,25,0.3509901921896105,0.5007456433350548,0.4640885274830652,0.4532603247459019,0.5762327694709045,0.24
22101,0,,,,,,
22102L,5,0.2239672797607518,0.433810960857663,0.1648508567221603,0.3613860738026815,0.4863202703971205,0.0
22104,0,,,,,,
22105L,4,0.624038002380252,0.6276138916029046,0.1648508567221603,0.2971922894325128,0.6295536740468544,0.0
22106L,11,0.3621601725518106,0.5399851560721849,0.3685943744688496,0.5849022308167305,0.568556443680562,0.3636363636363636
22108L,6,0.3943598710225675,0.6482969800250573,0.1648508567221603,0.2847343119684324,0.5869016614861889,0.3333333333333333
22109L,9,0.2944105633008152,0.5868844464570588,0.3965716603728385,0.3795959793060331,0.5357381872738008,0.0
22110L,7,0.065119732719865,0.2921252495874885,0.2472762850832405,0.1295367476292743,0.19958450329777,0.0
22111,5,0.5199186640912002,0.6681954268744822,0.1648508567221603,0.3864039271591602,0.5022533083243468,0.0
22113L,17,0.2413065899780377,0.6612814611925657,0.3162327116904338,0.3678543065452351,0.5225888104327329,0.2352941176470588
22114L,3,,,,0.5807206089208636,0.657609961152045,0.0
22117,6,0.4452298341160198,0.1036804107276732,0.2612824261163803,0.420303270750145,0.4070751032137927,0.0
22119,13,0.1098197365002915,0.5522343305899698,0.2743938849133293,0.492167238492353,0.4835698082402097,0.0
22121L,6,0.6480949876104691,0.5251579275546128,0.1513818549682734,0.2737745261381873,0.3940405322898669,0.3333333333333333
22125L,18,0.3811244209528234,0.5737595637567177,0.3685943744688496,0.5079678893157574,0.6211047459262351,0.0
22128,0,,,,,,
22129L,3,0.3077579157492683,0.362192776908871,0.2612824261163803,0.4163792672639682,0.5770543344076964,0.0
22131,2,0.2107210369014679,0.4903960826096567,-0.0,0.2191696572756929,0.4198284926598142,0.0
22132,5,0.1593039772727177,0.5034022150720553,0.1513818549682734,0.176729860254407,0.4698364998493577,0.0
22135L,2,0.3555062026839766,0.7690697985359706,-0.0,0.5746635044537843,0.5924212674808518,0.0
22138L,11,0.3962707079632813,0.4844842042176573,0.3711829972644872,0.4143708404920854,0.5680396707753042,0.0
22141,1,0.0802286446878463,0.9581101188224048,,0.2742655821832908,0.1309823097371716,0.0
22142,26,0.3949285131356134,0.4013371018392078,0.5010062622692372,0.4242890621846872,0.6245157091153289,0.2307692307692307
22143L,20,0.4986993455593053,0.0,0.3915207847151309,0.4367941456173176,0.4512071537920414,0.0
22146L,2,0.3029315487734685,0.9597992269344044,,0.061149136451755,0.3311229778737548,0.0
22150,2,0.2166565911224985,0.5995687702485779,,0.664415713009025,0.4367868998983253,0.0
22152L,2,0.205151442945912,0.3536346291414052,,0.1228102907313058,0.1815852858211368,0.0
22153L,11,0.4554889790399998,0.4843048092871415,0.3168314930005712,0.3770395894525736,0.4781710992071198,0.0
22160L,12,0.2850019179336907,0.3514905879112401,0.3168314930005712,0.4543196352002341,0.5922127457887403,0.0
22167L,2,0.6351635819923269,0.5034022150720553,0.1648508567221603,0.2780682150373427,0.5262520700096344,0.0
22170L,9,0.2258518039755849,0.3621190703730746,0.1513818549682734,0.2311249893700144,0.3004456678061451,0.0
22173L,13,0.2587480727426154,0.5602845053359566,0.2272936401355692,0.3880528244542925,0.4291239605956398,0.0
22177L,19,0.4468887115136897,0.413059061195951,0.4390856565370173,0.4763192215980439,0.5526415947639993,0.0
22179L,4,,,0.1648508567221603,0.514794588252045,0.4922113550258865,0.0
22181L,12,0.6000447500277117,0.760885351377008,0.2260023800196072,0.175692509522903,0.3739450873915203,0.0
22186L,9,0.3745901988877363,0.6601958184667889,0.3553589461922984,0.480240298511931,0.5245661141266186,0.2222222222222222
22190L,3,1.0,0.8644209222101484,0.1648508567221603,0.3034472683817938,0.8027828722076301,0.0
22197,20,0.4806418234349615,0.5675973319046455,0.4126642810846537,0.3141375442480433,0.4813696705700819,0.0
22198L,8,0.3829002352074516,0.0941219827559923,0.3827718356894354,0.468428785402192,0.646829259863448,0.0
22201L,16,0.2978044420053167,0.4751237300969917,0.3771431062272965,0.3987755462575082,0.5087791928815456,0.0
22203L,7,0.5413217456805866,0.6723420592178342,0.2472762850832405,0.5265291990336193,0.3802983710951984,0.0
22205L,10,0.527098841755628,0.6793397160179557,0.1893864099604874,0.5433662614511651,0.3382701077727592,0.0
22206L,15,0.2137725229688019,0.442566745764764,0.5103445000233029,0.5061542484222862,0.6010735087326903,0.0
22212L,36,0.4519740752668941,0.5790679016311608,0.5119727202753288,0.3498065655085713,0.4344265853442421,0.1666666666666666
22215,4,0.6728775636797425,0.7166410982895619,-0.0,0.5191716160599397,0.4019920600746992,0.0
22216L,33,0.3475425917240238,0.5151136343664495,0.5360800202021401,0.4864218236655941,0.6170781887623267,0.3636363636363636
22219L,63,0.40701268701565,0.6280229482229387,0.5524537008520017,0.422014269745393,0.4943237203100099,0.2222222222222222
22220,20,0.629832562532563,0.7092909317429112,0.5481065070469971,0.2466176606161995,0.3153162782569839,0.0
22221,16,0.5329326711021068,0.4724195659289909,0.3162327116904337,0.2093665762468787,0.3647401364106806,0.0
22222,8,0.785468730196138,0.7054570810030549,0.2612824261163803,0.321354550563043,0.3508243729106857,0.0
22226L,17,0.3778079878926822,0.5145067747491926,0.2985907505791959,0.3637878133148532,0.6046189513528475,0.1176470588235294
22506L,23,0.4219442721511507,0.5449926844829482,0.5085587111996209,0.3103683506808697,0.3080431642317237,0.0869565217391304
22507L,5,0.6866334707726912,0.5100235188710945,0.2612824261163803,0.277119776187083,0.5624846727105011,0.4
22521L,17,0.547809078864317,0.676934092415483,0.3553589461922984,0.2999237296688888,0.3057147815156341,0.0
22534L,2,,,,0.0927532406165425,0.0688080984349793,0.0
22539L,8,0.4109398687504792,0.6913999479376343,0.3168314930005712,0.2460063902932285,0.4456915151805088,0.0
22541L,2,0.0,0.1250419979840974,,0.499091722735241,0.1437552068460581,0.0
22544L,9,0.185393239387104,0.353583774273517,0.1513818549682734,0.157432546638722,0.1757334067055847,0.0
22548,2,0.4054886641308111,0.567854268009512,-0.0,0.6989541250962664,0.6760344881574346,0.0
22549,3,0.7022786951760488,0.9366246636377672,0.2612824261163803,0.383510998932589,0.6294903129648641,0.0
22550,6,0.4439730945792787,0.5356277482676596,0.3297017134443207,0.6834848915690758,0.761994894038681,0.0
22551,6,0.1274648126167719,0.5554267449216495,0.3827718356894354,0.5220423221882415,0.4943411250801041,0.0
22552,4,0.5955508580329877,0.590275712285014,0.2612824261163803,0.4130996573853526,0.5421374086532542,0.5
22553L,14,0.323468883220184,0.3320712204843542,0.3099138324052966,0.6167767659822225,0.6748923041631886,0.1428571428571428
22554,3,0.5659722057692882,0.8732839333929507,-0.0,0.3247361441039074,0.3767429569065851,0.0
22556,9,0.6073371960992321,0.5159965088150111,0.1337398938570355,0.4843718585766858,0.4974308651267344,0.0
22557,7,0.5092236408253565,0.8331076729938586,0.3168314930005712,0.66692480815873,0.6222175119039978,0.0
22558L,5,0.2597968276277809,0.4990699905863981,-0.0,0.5244445795048106,0.6222544774016016,0.0
22562L,21,0.6013749822147954,0.7515517133952934,0.3771431062272966,0.3881924666080022,0.461120816180194,0.0
22565L,15,0.57031608993172,0.5949653876073411,0.3508166814030639,0.2211148561974242,0.3306722270730045,0.0
22570L,34,0.2990492158370942,0.5488381095871939,0.5621577955197082,0.3017750002999178,0.353004785118557,0.1176470588235294
22573L,14,0.4355422903515556,0.5946529537917155,0.2272936401355692,0.4271791959672848,0.4113072465496943,0.0
22584,2,0.5207842589820201,0.8303054426360509,0.1648508567221603,0.4323871783831984,0.5135794062253456,0.0
22587,0,,,,,,
22601L,12,0.7641544069442399,0.6062437421635161,0.4121271418054009,0.2961319671760193,0.5004937134753831,0.0
22604L,2,0.417157239244301,0.5175907232128537,0.1648508567221603,1.0,0.5107516453155249,0.0
22605L,8,0.3134185974706424,0.3524956072378801,0.4156946192466096,0.3356221954523963,0.492585643423282,0.0
22610L,37,0.1306834040524711,0.1533851557927489,0.4503361043116525,0.6196951106223735,0.661749579361433,0.2162162162162162
22701L,69,0.2448389601186008,0.5212645010048669,0.5594108860916427,0.445179946249884,0.4766457508190511,0.0289855072463768
22702L,17,0.6732601934087418,0.5582834915271793,0.4229163619711345,0.2745541934509615,0.431195570572296,0.0
22704L,15,0.3571953955113183,0.8260181100933308,0.4261332828385406,0.3155432302370817,0.4965522628553499,0.0
22709L,5,0.5239501328133714,0.2980040853110598,0.3297017134443207,0.5567622328609488,0.4829374152847926,0.0
22711L,15,0.4097526614480165,0.6167724440537841,0.3578830653973355,0.5066028242933188,0.5860212183479814,0.0
22713L,25,0.5753226819034878,0.733902605020674,0.4790177812133638,0.3816879717926364,0.4263813672083045,0.08
22721,20,0.4379802929127362,0.4130600511494232,0.3988371864779316,0.3491861169019699,0.4275222548396781,0.1
22722,26,0.6255744614216922,0.5748514882096473,0.4789424759767669,0.3024070362502418,0.4749529723951415,0.0769230769230769
22723,13,0.4907889739124324,0.7046133610745178,0.3037164366253038,0.3350504272440188,0.5943615081348735,0.0
22724,9,0.4371157085294434,0.6429557346159667,0.3297017134443207,0.3258150763932165,0.57417724095617,0.0
22825,5,0.4998841880473529,0.6925358039172119,0.1648508567221603,0.1972067087428625,0.5525465998011349,0.4
22826L,8,0.2936616744776656,0.6240045342688418,-0.0,0.3060809437288592,0.4327541533857828,0.0
22828L,32,0.3026408536332005,0.5273705684460934,0.3631781922244463,0.4523134230828348,0.5128722385787838,0.125
22834,0,,,,,,
22837L,11,0.4113870165819578,0.6385166399637286,0.3168314930005712,0.4692543887383431,0.7254492129125746,0.0
22901L,6,0.2626936867461334,0.5579176163508119,0.2612824261163803,0.2951543161033921,0.4553701708827834,0.0
22904L,70,0.4374487105841749,0.6098937533314146,0.5085964966372616,0.3823496908030097,0.5930079560977751,0.0571428571428571
22907L,39,0.2808138539555408,0.4937526629101411,0.4826630155228304,0.4585912420884326,0.5449077451072105,0.1025641025641025
22908,1,,,-0.0,0.140159396863724,0.3767429569065853,0.0
22913,8,0.1253922448703458,0.5760139920279059,,0.2539010206987445,0.2197886951274616,0.0
22917L,29,0.4481702355085842,0.5632410764322273,0.4857145067642471,0.3383651381692252,0.3771232967229538,0.0
22918,8,0.5354386490104653,0.4307751939495209,0.3168314930005712,0.4009958561273104,0.5248187830811493,0.0
22919L,2,0.6564737385287959,0.0654502637927439,,0.2495582189726044,0.266661780394215,1.0
23101L,22,0.2963104428665095,0.5468211835931451,0.5085587111996209,0.3910334584094974,0.5095248263262456,0.2727272727272727
23102,0,,,,,,
23103L,1,0.0,0.8108198914560211,-0.0,0.3648233547308015,0.3869758968675067,0.0
23201L,0,,,,,,
23207L,0,,,,,,
23301L,0,,,,,,
23303L,6,0.4465649306206606,0.3827998958752686,0.2612824261163803,0.2968254560805999,0.6484408466848969,0.0
23401L,0,,,,,,
23412L,0,,,,,,
23416,0,,,,,,
23421,3,,,-0.0,0.2708854640908003,0.6034604284636826,0.0
23422,0,,,,,,
23423L,0,,,,,,
23425L,0,,,,,,
23501,5,0.3284808963374538,0.4101712133039736,0.2260023800196072,0.3648779852771312,0.7647154195191898,0.0
23502L,7,0.3486052449192576,0.654995223102691,0.1337398938570355,0.4662189473815141,0.4594171005845409,0.0
23504,5,0.245241561229855,0.5671342024585924,0.3827718356894354,0.351127911443094,0.6146540644496737,0.0
23505,8,0.5146766782920454,0.6448421668128772,0.2954920697803505,0.210160769974372,0.4095150484735099,0.0
23506,2,0.3667114297622701,0.0,-0.0,0.4214728446127693,0.544474357927564,0.0
23507,9,0.6442005394142039,0.5562998838841602,0.3168314930005712,0.3003400028006113,0.6109036090507625,0.0
23510L,0,,,,,,
23608,0,,,,,,
23609L,14,0.2178426874658666,0.7111365265693861,0.2954920697803505,0.2862102137832106,0.5158130349188041,0.4285714285714285
23620L,5,0.0771483328101515,0.3136966062265652,0.1513818549682734,0.488080812667882,0.7326218998431089,0.0
23623,0,,,,,,
23624,3,0.8061444594000765,0.6216397829120421,,0.36492034942389,0.1859888288918576,0.0
23701L,1,,,-0.0,0.6616271155827201,1.0,0.0
23703L,13,0.6096187264787515,0.1613015187883599,0.3037164366253038,0.1976134917172193,0.5000813505301913,0.1538461538461538
24101L,5,0.5350529186650107,0.6040314805014102,0.3297017134443207,0.3391955950763801,0.4092843613247829,0.0
24104,1,0.2183656582929067,0.5081317177856548,-0.0,0.644388513311018,0.5664805969749485,0.0
24105,3,0.882898749922211,0.8732493272755342,-0.0,0.1912501038427609,0.3207105360255387,0.0
24106,14,0.4461961277606346,0.5440759384090108,0.3685943744688496,0.2410813585582404,0.2759846169941758,0.0
24107,12,0.4879100601522926,0.401041408240253,0.3827718356894354,0.1918258239343079,0.5203975405264599,0.3333333333333333
24108,8,0.7950027095086111,0.6324500748288409,0.2472762850832405,0.1931350163269323,0.4189474264914344,0.25
24109,3,0.6611287057853561,0.8470794122602836,,0.4403983864292066,0.2664946742439118,0.6666666666666666
24110L,15,0.4071593327997369,0.4749983266159493,0.4156946192466096,0.4163481948596099,0.4581567181476606,0.1333333333333333
24112L,10,0.4160885631590416,0.5391690793436512,0.2405417842062971,0.3169738113215494,0.6900782341970997,0.0
24113,3,0.8750948271570635,0.6042982729621773,-0.0,0.4467192072621643,0.4766211424835552,0.6666666666666666
24115,2,,,0.1648508567221603,0.2950195072711835,0.5394542154570142,0.0
24117,0,,,,,,
24118L,6,0.4210894937932808,0.296565296397305,0.3827718356894354,0.5215544888463267,0.6743827942071298,0.0
24119L,9,0.2071977193754191,0.4837172578316683,0.2260023800196072,0.3354526224149688,0.4927088296125043,0.0
24123L,2,0.0,0.6689348100480368,-0.0,0.2660490784534614,0.2424099456711881,0.0
24126L,0,,,,,,
24128L,2,0.8767886342666696,0.8439264104512174,0.1648508567221603,0.3615187214889931,0.5938177575441456,0.0
24132,2,0.3051774776705936,0.7729838697472253,,0.2033676051932993,0.4698837474319476,0.0
24201,3,0.6006260825691102,0.6567472453629921,0.2472762850832405,0.7210028616952815,0.8510337841471288,0.0
24202L,4,0.1798036040925081,0.4750251987904584,-0.0,0.37041787006432,0.3737016249710634,0.0
24203,3,0.4112719545133523,0.397664047260867,,0.2410667865898675,0.3906721943986875,0.0
24209L,1,,,,0.155961448946118,0.3349246427931573,0.0
24211L,0,,,,,,
24213L,3,0.3450849752377965,0.6941588245205674,,0.1917794336662106,0.4499159550219427,0.0
24228L,14,0.7052832168696844,0.4540802582016607,0.1337398938570355,0.3200919643597449,0.3716641057465707,0.0
24238L,3,0.3065544931949077,0.4684038949914192,,0.3181958503253607,0.4662088046765251,0.0
24240,1,0.5601466792236063,0.6235315839974819,-0.0,0.1534331206129349,0.4865910643145851,0.0
24241L,26,0.4161333616796969,0.5330023786071691,0.5695304324541083,0.325755899358553,0.3692452875372465,0.1538461538461538
24243L,17,0.2926199976915807,0.4359263998571315,0.4422270504564398,0.4634222719939816,0.5499613048284491,0.0
24245L,7,0.3485167189768803,0.6824476749440354,0.2472762850832405,0.2922783349711765,0.5999278424249388,0.0
24250,12,0.677272651731551,0.6461472060643303,0.3297017134443207,0.0913675222031636,0.3553076206944948,0.0
24301L,3,0.5765673410560789,0.5743447557760474,0.1648508567221603,0.0187727060553604,0.4966208536341117,0.0
24303L,1,,,,0.1789462519750542,0.3860743162542095,0.0
24304L,0,,,,,,
24305L,3,0.3747426310983636,0.6441522158287756,-0.0,0.2428727353992841,0.302927296388186,0.0
24310L,7,0.7003809302418623,0.5151015112583277,0.2743938849133294,0.2485142843473252,0.3397011124756487,0.0
24319L,4,0.3991681922934498,0.5143006343686105,0.1513818549682734,0.3037938046116706,0.5202182911839055,0.5
24324L,2,0.4714820495295926,0.4797547015040578,,0.0141944674069276,0.2950614706382795,0.0
24326L,9,0.3605128298028398,0.6255093760413508,-0.0,0.2715239607884497,0.3065585947731804,0.0
24327L,9,0.2304348978699232,0.4459725392640616,0.3168314930005712,0.342787084909778,0.5341368674253392,0.0
24330,0,,,,,,
24341L,20,0.6168917024212816,0.754325218719057,0.4816823497227316,0.296695446586978,0.3895619144463622,0.1
24346L,12,0.46738357036516,0.6674699198270104,0.3965716603728385,0.5092074746081016,0.5461344202988476,0.3333333333333333
24401,8,0.4594035943693695,0.1888296499675159,0.1648508567221603,0.3371333518635919,0.3851178919981921,0.0
24402L,14,0.6840916081314964,0.8846001337881728,0.2472762850832405,0.1395863554145824,0.2770137606611725,0.0
24403,0,,,,,,
24404L,0,,,,,,
24409L,1,,,,0.0,0.2284780250498861,0.0
24416L,5,0.1134911067676106,0.1955341098582228,0.1513818549682734,0.2867691727102706,0.3715174303191237,0.0
24418L,6,0.4331683036539582,0.578695898272559,0.3168314930005712,0.1732684583696921,0.4081756237786566,0.0
24421L,2,0.3284204341046263,0.5820301976856463,-0.0,0.5194086468411757,0.651413247333419,0.0
24428,28,0.2995817822524746,0.4187441164986246,0.5202098029144587,0.4079301107664479,0.6037293272844813,0.0714285714285714
24429,20,0.5807125200326344,0.7991780386225454,0.3168314930005712,0.25082297967168,0.3005281943076705,0.0
24501L,5,0.320951600737762,0.4895006655228685,0.1648508567221603,0.3819768187705187,0.2253727134029427,0.0
24506L,22,0.6441581101422993,0.5749153392133448,0.4918257051079074,0.2664571544495461,0.4456270198507635,0.1818181818181818
24508,36,0.4840950212954309,0.6827464653829708,0.5122907385536718,0.3926020918553022,0.5356503667614244,0.1666666666666666
24509,38,0.5332142358171976,0.6503487379065196,0.4410859244196377,0.3536563552504587,0.5268195453248444,0.0526315789473684
24510,7,0.6813536129701148,0.8911229062806788,0.1513818549682734,0.2251600155656754,0.6679895509163969,0.0
24511,1,,,-0.0,0.4403983864292064,0.7072891116061361,0.0
24512,3,0.6510176280871818,0.4844842042176573,0.1513818549682734,0.4714005076575219,0.6800127134650049,0.0
24513,0,,,,,,
24514,2,,,0.1648508567221603,0.3374061881510163,0.5145146796106843,0.0
24515,2,1.0,0.8581149185920158,-0.0,0.2823778656052684,0.5201200338669099,0.0
24516,5,0.4777083449060574,0.427640935754207,0.2260023800196072,0.5672376004684883,0.7519771308731623,0.0
24517,4,,,0.2612824261163803,0.3935853097449139,0.5427529731699791,0.0
24518L,8,0.4289927684112757,0.4363615141067827,0.3965716603728385,0.653346936920726,0.8428348057670663,0.0
24520,17,0.3302242793400107,0.4924068743684642,0.3988371864779316,0.2818307437480219,0.3708885108969963,0.0
24601L,0,,,,,,
24604L,3,0.6485813045891747,0.4371891770816626,-0.0,0.1664961503343803,0.4464401470956319,0.0
24610,0,,,,,,
24611,1,,,,0.2823778656052685,0.4223629359394159,0.0
24612,3,0.7597107380152001,0.0698644663254369,0.1513818549682734,0.074693752522378,0.3485020175053092,0.0
24613,0,,,,,,
24614,0,,,,,,
24615,0,,,,,,
24701L,6,0.364675989818204,0.315382173231412,0.1513818549682734,0.3026053342049093,0.4443296300495858,0.6666666666666666
24708L,6,0.4282738462583879,0.6055164782065894,0.3297017134443207,0.3035789521491469,0.3336635926873167,0.0
25101L,51,0.4666455901321354,0.6485793282901355,0.5927440289397582,0.6366976367234434,0.7647289634895551,0.1568627450980392
25103L,5,0.5698278855635545,0.4944020419976681,0.2612824261163803,0.5289188703194756,0.5946905392437828,0.4
25203L,5,0.3521637100789426,0.5631703866703408,-0.0,0.4814483777119711,0.6116713589211387,0.0
25301L,40,0.4511130875291927,0.628510007906534,0.5741954566230284,0.4449746597794771,0.558567295432215,0.25
25303L,17,0.5725079633495189,0.3839063391706521,0.3760307573686181,0.4917006116519966,0.5380352151731841,0.1176470588235294
25306L,2,0.4880815811498242,0.5225412307261541,-0.0,0.2250790154634786,0.1619246969209045,1.0
25314,4,0.0,1.0,0.1337398938570355,0.2594562076395985,0.6030673492237643,0.0
25401L,0,,,,,,
25409L,0,,,,,,
25411L,10,0.3414837564255382,0.6095204322084435,0.3141462320117583,0.4876106865246791,0.6596833393209696,0.2
25413L,0,,,,,,
25415L,1,,,-0.0,0.2823778656052685,0.4109579411812081,0.0
25501L,17,0.5673593441141899,0.4741243411307252,0.3578830653973355,0.4345997847184134,0.5185318476022208,0.4705882352941176
25503L,4,0.989317625738436,1.0,0.2612824261163803,0.3143167590090899,0.5030919348529149,0.0
25506L,4,0.3429411000823548,0.2473334252928838,-0.0,0.0670800365190428,0.382334366674408,1.0
25514L,9,0.5283274546715081,0.5865063341824461,0.1513818549682734,0.2604054884240352,0.2191770205063321,0.2222222222222222
26003L,20,0.6022959868492413,0.6636834311729367,0.3663301850230432,0.4236122201676754,0.6021458076160906,0.1
26004L,0,,,,,,
26005,10,0.4653763460567429,0.5465829593596342,0.2954920697803505,0.2249540201508344,0.4190031591555914,0.4
26007L,22,0.5345950015909474,0.727773684623756,0.4126642810846537,0.3809959906789422,0.5442287786042562,0.2727272727272727
26008L,11,0.6525596622015443,0.5669309407114861,0.4261332828385406,0.4232212863916723,0.5519583658460427,0.7272727272727273
26011L,1,,,,0.0,0.4565779202140386,0.0
26101L,1,,,,0.0,0.8671577315095131,0.0
26106L,40,0.3412452039561858,0.4766242211364848,0.4589710174771296,0.4246603885853564,0.5409808464845469,0.15
26117L,4,0.0618931638230692,0.3520581282368721,,0.7525079079075453,0.6702324460634478,0.0
26123,11,0.3497067951466591,0.5434453380471975,0.3297017134443207,0.4271596458156944,0.4617914662404656,0.3636363636363636
26124L,10,0.240042647428559,0.4972688758387048,0.3168314930005712,0.5176334058010368,0.7170720796135683,0.0
26202L,2,0.6688611709152684,0.82027889688322,,0.4340775655962491,1.0,0.0
26206L,3,0.2488375977358783,0.3918647760763344,-0.0,0.7796157711312607,0.6262407946170891,0.0
26302L,4,0.2640947096708345,0.3671925369203904,-0.0,0.3033720205147343,0.3420109879794612,0.5
26310L,5,0.2526454262504767,0.7443017242582994,0.1648508567221603,0.3366999849066924,0.5903249355830712,0.0
26312,2,0.3712189041086358,0.0,-0.0,0.1424168328754948,0.3634371296886762,1.0
26313,12,0.2467713674108169,0.5209238965538667,0.2508911503117071,0.2729177316533363,0.3756434282261451,0.1666666666666666
26314,2,,,-0.0,0.2896711204125268,0.61868481152087,1.0
26315,1,,,,0.0,0.3197179831155472,0.0
26316,5,0.8587883371157331,0.5067128669715749,0.1337398938570355,0.3232525069917268,0.3475472722574343,0.0
26317,13,0.4890151952221054,0.8097977086114689,0.4121271418054009,0.3999661613329501,0.5816771453362096,0.1538461538461538
26318,0,,,,,,
26319,0,,,,,,
26320,0,,,,,,
26321,0,,,,,,
26401L,61,0.3922489738640435,0.0,0.5776588934496945,0.4854977060775686,0.5919078005441506,0.1639344262295081
26406L,6,0.891838825198994,0.8810867889152132,0.2612824261163803,0.2939818787885803,0.5052897294883382,0.0
26408,1,0.7352121210479536,0.8549619167829495,,0.5071181618882026,0.8291410823154879,0.0
26417L,7,0.7488268760087928,0.5034022150720553,0.1513818549682734,0.312082856934757,0.432257178368541,0.8571428571428571
26420L,11,0.2694749524942221,0.3961370935276193,0.453339855985941,0.3003774127792281,0.520799440320328,0.5454545454545454
26421L,10,0.3525174670078068,0.5169415757815754,-0.0,0.3221566285479444,0.4942639042869968,0.0
26424L,9,0.1409128654203101,0.4759710993331782,-0.0,0.2030492488326652,0.4600709029391307,0.0
26428L,16,0.7126475147555433,0.4944410520357615,0.3162327116904337,0.2045465738556928,0.4184520919021484,0.25
26433L,0,,,,,,
26434L,4,0.98392218197853,0.7067708317568326,-0.0,0.319259489094871,0.5980844762916758,0.5
26437L,3,0.2560845718853387,0.5548355570824495,,0.1792751283299992,0.3284355642781061,0.0
26440,7,0.5109776606677889,0.5424692032405551,-0.0,0.2284573940098346,0.3125105297658618,0.0
26441L,7,0.1368037128165274,0.0795205343657023,0.2260023800196072,0.3149417221108179,0.5408259182279331,0.0
26443L,8,0.4461837257150592,0.7024237143690135,0.2612824261163803,0.4455054012835277,0.5634932487212594,0.0
26445,9,0.7805948502059051,0.7087956501060924,0.3685943744688496,0.2553957684507891,0.687560517321355,0.0
26446,17,0.5035671877782089,0.4833955548874349,0.4121271418054009,0.3425414480156334,0.5032297719223459,0.0
26447L,7,0.5346635830560711,0.3488420663916245,0.2612824261163803,0.6196388057637883,0.3954525792599306,0.0
26449,4,0.7617278233292812,0.936861138773447,-0.0,0.3705949600395026,0.568100763486886,0.0
26450L,8,0.3146344500252167,0.5953779538219148,0.3827718356894354,0.321574872130878,0.4503789157588651,0.0
26452L,4,0.2445749074638066,0.687225487900009,-0.0,0.3796069625357623,0.5225133686993708,0.0
26466,9,0.5185341907369001,0.0,-0.0,0.3361048426854073,0.3321510182863033,0.2222222222222222
26503L,10,0.6028604015861011,0.4601324435302627,0.3297017134443207,0.4414613144649507,0.4568022254965443,0.0
26508,6,0.7486527689586245,0.7624738637170042,0.2612824261163803,0.3062024979756467,0.4869181306285013,0.0
26509L,3,,,,0.0,0.2588913444051063,0.0
26518L,56,0.4636731732530938,0.5496028819388943,0.5709152476259158,0.2861874067444985,0.5065528505007985,0.1071428571428571
26520,0,,,,,,
26522L,2,0.9200231759589969,0.3946236526592673,,0.0927532406165425,0.0,0.0
26601L,3,,,-0.0,0.211093052878025,0.3027638914925273,0.0
26602,1,1.0,0.0,,0.2306620587901612,0.1082071712360602,0.0
26603,2,,,,0.2823778656052685,0.0916180879513945,1.0
26604,5,0.5048781166016608,0.5777843941132106,0.2612824261163803,0.3118750294924035,0.5799361867502885,0.0
26605,8,0.0,0.650016799193639,0.1337398938570355,0.3067922260010774,0.3015788076047679,0.0
26606,7,0.5371013184514128,0.5373718683124835,0.3297017134443207,0.3728718297590351,0.4954877427415103,0.0
26607,9,0.4595710570044952,0.7711533140206667,-0.0,0.2402717174967784,0.2344531284007193,0.2222222222222222
26608,6,0.4656421045730859,0.475136481207249,0.2612824261163803,0.2680970833387322,0.4813477040761428,0.3333333333333333
26609,12,0.6929663415604901,0.5273363651681495,0.3711829972644872,0.2475206949786505,0.3649249019124415,0.0
26610,4,0.5103415273889893,0.6022918172654987,0.1513818549682734,0.4773751883020083,0.5852642777358146,0.0
26611,10,0.8062120131085115,0.9062849037300263,0.4261332828385406,0.3243346414575528,0.3334689394850686,0.0
26612,9,0.5141522799018264,0.48473312541311,0.240541784206297,0.2084554236126145,0.2765075148477808,0.2222222222222222
26615L,9,0.6304725145889397,0.9087767103715898,0.2260023800196072,0.3783188634032711,0.4334575543637478,0.0
26617L,9,0.4212675163683504,0.0687041616597005,0.1648508567221603,0.3495892604623835,0.3805459557435035,0.2222222222222222
26619,10,0.4496164978885269,0.6694000070362598,0.1337398938570355,0.1988161013480661,0.1090806406945686,0.0
26620,4,0.5750619029956618,1.0,,0.1735868147303264,0.3873936003215198,0.5
26621,4,,,,0.2734892113089219,0.4738042143800815,0.0
26622,3,0.4063415562439089,0.6230192212035086,-0.0,0.2460466518431837,0.3796603517806326,0.0
26623,25,0.4810890473720144,0.6102113868564529,0.4156946192466096,0.2215753449156748,0.3729002821037286,0.08
26624,15,0.5738344743028364,0.5751014762102232,0.2472762850832405,0.2486106179111753,0.3532491460728456,0.2666666666666666
26625L,4,0.0454708513965963,0.5180885656037588,0.1513818549682734,0.6172632004639169,0.5510492254893536,0.5
26628,2,0.4118191747901937,0.7418247930458641,-0.0,0.3897388665180031,0.5238338451852338,0.0
26629,0,,,,,,
26630L,10,0.6883906596034687,0.6210091825502289,-0.0,0.2948255266552982,0.2895643465320184,0.4
26632L,2,0.7933664877073563,0.6263692856256415,,0.2586747874816775,0.4223629359394159,0.0
26634,4,0.3895366215950664,0.1485682422517461,0.1337398938570355,0.3326018703007089,0.3829838019403597,0.0
26635,1,0.0684886411730703,0.9489213706931257,-0.0,0.1583199641822962,0.2814799996645074,0.0
26636,3,0.8764053556113096,0.9795823907242168,-0.0,0.4004123242033232,0.4348448774599473,0.0
26637,7,0.5990386490129073,0.3260458633120749,0.2612824261163803,0.1456569175041537,0.3141155662353911,0.0
26638,4,0.9264624977246864,1.0,-0.0,0.4601509515321986,0.5489473584369134,0.0
26639,3,0.290691568955273,0.6689348100480368,0.1648508567221603,0.1515515739463799,0.5806351297157383,0.6666666666666666
26640L,0,,,,,,
26703,1,0.378516523788148,0.5166238026580734,,0.4214359239303342,0.1905686023023052,0.0
26704L,5,0.5828517985443261,0.6009582286729122,0.3297017134443207,0.4905657433560481,0.595872289313037,0.0
26706L,2,0.7617283567802808,0.7700110394701056,-0.0,0.0169033906210521,0.2683955067036128,0.0
26708,0,,,,,,
26709,1,,,-0.0,0.0,0.3197179831155472,0.0
26710,1,0.3228475959445798,0.6474842267728083,,0.3317870988769783,0.3115616257122631,0.0
26711L,12,0.469784051648391,0.558946374848049,0.3297017134443207,0.1998023248975736,0.3486956123808988,0.0
26715L,3,0.6155831021127579,0.4192170667699846,-0.0,0.2465598808851758,0.0733700963382625,0.0
26717L,2,0.6509828566941724,0.5830761454011542,,0.3288040496302856,0.4638002415531694,0.0
26719L,1,,,,0.1875655531109056,0.5272888877149259,1.0
26721,2,,,,0.0,0.3311229778737548,0.0
26722,3,0.173494569149545,0.5465589273336504,-0.0,0.4750124052763549,0.4726695253965808,0.0
26723L,3,0.3352685227826076,0.6744989308875656,0.1648508567221603,0.2634154031063958,0.2729575046068959,0.0
26724,4,0.5144084721942793,0.5889632187089913,-0.0,0.41127065864555,0.3418814328750926,0.0
26725L,1,,,,0.155961448946118,0.3653379621483777,0.0
26728L,2,0.6460985825006956,0.7264770930634972,-0.0,0.2823778656052685,0.4679829149722462,0.0
26729,3,0.3196858741385443,0.6959605398400338,-0.0,0.0415846910164101,0.4932670038806538,0.0
26730L,3,0.832326017063171,0.8167317698480204,-0.0,0.4749576795548576,0.5736379343245367,0.6666666666666666
26734,4,0.3323853144476644,0.7824428751744242,0.3297017134443207,0.5914926831261215,0.6067204689101954,0.0
26735,3,0.3730284470156891,0.6503697471573404,-0.0,0.8225207367852753,0.7664712121289732,0.0
26737,5,0.4957880077203664,0.6294537439171195,0.1513818549682734,0.4568110641930919,0.5813300620715285,0.0
26738L,10,0.6027885492819784,0.5907951999972629,-0.0,0.3978137325958497,0.4525356838405702,0.0
26802L,40,0.4222365955770287,0.6001033172755286,0.5335254442800341,0.4288196198920061,0.679171631328727,0.15
26807,1,,,,0.0295450322869673,0.3653379621483777,0.0
26808L,2,0.3954546933550958,0.4356126761771295,0.1648508567221603,0.9365828218163726,0.8500502393722018,0.0
26812L,4,0.0,0.8581149185920158,0.2612824261163803,0.3221087394124302,0.4502724001235813,0.5
26819L,1,0.1708801565351836,0.0,-0.0,0.3771901780996314,0.8557527367513057,0.0
26832,0,,,,,,
26833,4,0.0,1.0,,0.2629844380496034,0.4134158790942103,0.5
26834,0,,,,,,
26835,2,,,-0.0,0.3858094792354825,0.5298463713879785,0.0
27101L,0,,,,,,
27102,0,,,,,,
27104,0,,,,,,
27105L,0,,,,,,
27107L,1,0.2793296699768814,0.4052650337648662,-0.0,0.2191696572756931,0.5984791955752163,0.0
27132L,1,0.8706383624460164,0.4797547015040578,-0.0,0.7564394280770832,0.0,0.0
27137L,0,,,,,,
27145,0,,,,,,
27146,1,0.4053899921029711,1.0,,0.1649911929932,0.3564031736281228,0.0
27152,0,,,,,,
27201L,0,,,,,,
27203L,4,0.8172788072668633,0.172337025120092,0.1513818549682734,0.1847046587142891,0.4614904451115243,0.0
27204,0,,,,,,
27205L,1,,,,0.155961448946118,0.5478178782796995,0.0
27207,0,,,,,,
27210L,11,0.5366702402468637,0.562217825741177,0.3162327116904338,0.3683324741080614,0.5787015804678182,0.0
28002L,6,0.6617102649103835,0.8545677915568162,-0.0,0.3201899188024251,0.3062084952769561,0.0
28009,0,,,,,,
28010L,14,0.3148061598703116,0.6846998190933684,0.3162327116904338,0.2606717501074747,0.4683338378878834,0.1428571428571428
28017L,153,0.4570354850385785,0.5531973838570083,0.54235226075309,0.4238243969478846,0.5660171065160838,0.1699346405228758
28102L,0,,,,,,
28103L,1,0.8684277334098411,0.0,,0.0,0.2740980040827167,0.0
28105L,2,0.5068707873572096,0.3372390197342605,-0.0,0.2674787879275831,0.4751517688202626,0.0
28109,0,,,,,,
28110,25,0.3105111308860667,0.3830445253259721,0.4901934621984661,0.2033715220444297,0.5328167031644727,0.32
28111,0,,,,,,
28112L,3,,,-0.0,0.1277925734948939,0.5168786369000562,0.0
28113,37,0.4484992990876668,0.5863973594655428,0.4708064047849638,0.2883437309817676,0.3871168540496195,0.0
28116L,10,0.389359361533311,0.5594654213961838,0.4121271418054009,0.5043038741199002,0.6587165646644237,0.2
28120,2,0.5907276537528724,0.6932272558042523,0.1648508567221603,0.268156018731114,0.449734923359114,0.0
28121,2,0.580800066167054,0.5858729186404461,0.1648508567221603,0.41287599313441,0.3894807820409827,0.0
28122,7,0.7060676265910463,0.5816360724595133,-0.0,0.1248186933378812,0.1051896250505639,0.2857142857142857
28123L,9,0.3809332502031047,0.4791755787228008,0.3508166814030639,0.4927927688038216,0.5732239058185588,0.0
28128L,9,0.5864837669167658,0.622822158590442,0.1648508567221603,0.08221853922828,0.4296023457175603,0.4444444444444444
28129L,6,0.2747149684353651,0.8347196451687438,0.1648508567221603,0.6537430372593289,0.8222677565220522,0.0
28130,4,0.4882005919066366,0.4436922433128619,-0.0,0.4488261475398167,0.6434704831268102,0.5
28131,1,0.2645615022421816,0.5112847195947211,-0.0,0.1485251891426386,0.5052168684475713,0.0
28132,32,0.4941274871994209,0.5856320981738711,0.4771396980338255,0.4013021916178226,0.5951673871105707,0.25
28135,15,0.8041511416360021,0.7978137589936225,0.2732803086892609,0.2989624955050763,0.3933162663834268,0.1333333333333333
28136,0,,,,,,
28137,0,,,,,,
28139L,31,0.4536367188601043,0.5488982902556379,0.4859313285167251,0.2362330550523626,0.4156723618016499,0.064516129032258
28141,0,,,,,,
28143,0,,,,,,
28207,0,,,,,,
28209,3,,,0.2612824261163803,0.2834028635781806,0.489046193579747,0.0
28210,6,0.6668184087077398,0.6121807774848431,0.1190104649339787,0.3835285567682358,0.4735095099189682,0.0
28213L,1,,,-0.0,0.6142209593355382,0.7816202708229559,0.0
28215L,1,,,,0.1496406281131603,0.2439381290554564,0.0
28218L,1,,,,0.1834432786546289,0.4299535511798282,1.0
28220,0,,,,,,
28221,0,,,,,,
28222,0,,,,,,
28223L,30,0.4210517062452253,0.4841547332421032,0.4904993652153188,0.3496508256971738,0.5291812750937769,0.4
28302L,0,,,,,,
28307L,0,,,,,,
28317L,8,0.7159321055623502,0.6743034347499606,0.1648508567221603,0.0760256213262181,0.1003549539867805,0.0
28321,17,0.4714284587908973,0.5373442795466541,0.3760307573686181,0.2367803571294794,0.533386521834234,0.2352941176470588
28322,0,,,,,,
28323,0,,,,,,
28325,1,,,-0.0,0.2823778656052682,0.2632361043129951,0.0
28326,7,0.3594442165640312,0.0643467131595707,-0.0,0.1516723205237537,0.3820130200053832,0.0
28327,0,,,,,,
28329L,1,0.4208359284761963,0.3217893108698355,-0.0,0.2644887500402942,0.311196515333943,0.0
28331,0,,,,,,
28332L,0,,,,,,
28401L,24,0.4513301678263409,0.2735404344470643,0.3354617530446603,0.3458965719852148,0.454350504698427,0.1666666666666666
28403L,5,0.0654990932047544,0.4265477959760638,-0.0,0.1283605313088699,0.2487662435030979,0.0
28407L,18,0.5008371059460037,0.5841346143078747,0.4707132474575525,0.3448947674541125,0.5298813994972096,0.2222222222222222
28412,20,0.6746543954011375,0.7333961803667259,0.3037164366253038,0.2324562058787678,0.4643778204858318,0.0
28418L,5,0.4862598656723171,0.5724529546906076,0.3297017134443207,0.4054009995014627,0.6021914051690553,0.0
28420,19,0.7357023742812072,0.8095667753524178,0.2889366153298247,0.3432237187807765,0.5311246234554473,0.0
28421L,21,0.4108809305459208,0.4017013700068917,0.4156946192466096,0.2333730814002897,0.4366695223782781,0.0952380952380952
28422L,23,0.4393224015308958,0.4831219018055879,0.3731908817701887,0.3136405540388386,0.4545329429122812,0.0
28427,8,0.197377924018978,0.5329392980569878,0.3297017134443207,0.4962228978036158,0.6129632535964972,0.25
28502L,16,0.4412033748578626,0.4948020196005227,0.4392447416354897,0.4036355214717131,0.5949998651679457,0.25
28505L,27,0.4873797315952617,0.5851416354199965,0.4216969115073984,0.3487243141923106,0.50280139377428,0.074074074074074
28508L,30,0.3672790865899338,0.6176453800487849,0.3791398904562316,0.4233559459831185,0.5364039884518002,0.0
28510,15,0.4314568356993922,0.5152060999959128,0.337853930010339,0.431484184687629,0.5403825333110259,0.0
28511,15,0.3087979839384981,0.6190936846938883,0.4627948640243698,0.6203403147777266,0.6415144442698334,0.4
28512L,23,0.4262504544172041,0.685047576645839,0.434968754484281,0.5761265125686426,0.5610341761053969,0.0
28516L,28,0.5046378131761249,0.6690599291674442,0.4790177812133639,0.361151903540808,0.5130196516161798,0.0
28519L,19,0.5168538230872474,0.552752490382785,0.4202469362268184,0.3420600079778007,0.4399045552023637,0.1052631578947368
28521L,49,0.4852379623488916,0.6841852099898161,0.2928185801510272,0.3836905972225766,0.497710324645072,0.1224489795918367
28602L,19,0.4478605566751708,0.5995016851037043,0.4725034214500945,0.4902326545922856,0.5725814256904161,0.1052631578947368
28701,8,0.4093718910874973,0.3969884040160671,0.1513818549682734,0.1891907167391895,0.4437389361984932,0.0
28804L,2,,,0.1648508567221603,0.5510127510059634,0.7264961294916193,0.0
28806L,2,0.2237423230316058,0.5308333308109322,-0.0,0.1686030906120329,0.7120498027978894,0.0
28808,0,,,,,,
28809,16,0.6314068984787399,0.8080737285900601,0.2743938849133293,0.3640513092287207,0.5148403469529493,0.375
28810,0,,,,,,
28811L,20,0.2692721723330908,0.4826439977072749,-0.0,0.2678472496895624,0.242946967235176,0.2
28813L,1,0.9908747932651698,0.9668934810048035,,0.2823778656052685,0.3197179831155472,0.0
28815,0,,,,,,
28817,0,,,,,,
28818,0,,,,,,
28819,1,,,,0.0,0.0,1.0
28821,0,,,,,,
29001L,18,0.6252276282992177,0.7968803045106752,0.4032976218878175,0.1984601239001977,0.4860135895283839,0.4444444444444444
29003L,0,,,,,,
29006,13,0.6604202698550915,0.5481175134551776,0.4156946192466096,0.416971567957406,0.6796557691793007,0.1538461538461538
29007L,3,0.7969515390308292,0.8024118866318442,-0.0,0.3732396650790331,0.3173419425409207,0.0
29009,2,0.6696322133453881,0.0,-0.0,0.3337345348730485,0.4409910940444882,0.0
29014L,6,0.5173735433012788,0.6981000767819002,0.2472762850832405,0.2938497449741751,0.4851946374608832,0.3333333333333333
29101L,9,0.715414856477662,0.5703620166488057,0.2612824261163803,0.258955848433774,0.5874335426404255,0.0
29105,1,,,,0.5668148030883572,0.2512880145663015,0.0
29106,82,0.5269152049796114,0.5693413271134249,0.5533711490129413,0.3319076284489809,0.5179932229608839,0.0975609756097561
29107L,0,,,,,,
29115,6,,,0.3168314930005712,0.3273008422395022,0.4602760299584805,0.0
29117,3,0.7993498207588701,0.82027889688322,-0.0,0.140159396863724,0.3501313024707674,0.6666666666666666
29201L,3,,,-0.0,0.9144599489010216,0.3577346323095727,0.0
29209,0,,,,,,
29210,4,0.6228205967373543,0.7786592730035446,0.1648508567221603,0.2608068103816832,0.7196853934073778,0.5
29211L,0,,,,,,
29212,0,,,,,,
29301,3,0.9242630451871948,0.9337869620096072,,0.0759787545598476,0.2444596394995285,0.0
29302,14,0.6608660556422175,0.595627517987245,0.453339855985941,0.3837689916196485,0.5287069027617863,0.2857142857142857
29303,1,,,-0.0,0.1306781656142877,0.6618678258617757,0.0
29305L,5,0.6738641333567919,0.6811264170430933,0.2612824261163803,0.1102570521539634,0.4177424508835263,0.4
29307,1,,,,0.0,0.0688080984349793,0.0
29401,0,,,,,,
29403L,2,,,0.1648508567221603,0.4375252860505896,0.6255792061765699,0.0
29405,0,,,,,,
29406,3,0.0,0.8581149185920158,0.1648508567221603,0.2191696572756931,0.5539172527657739,0.0
29407L,3,,,,0.1228523874401501,0.2516500778919588,0.0
29408,6,0.6027313612163239,0.8857825094665727,0.1648508567221603,0.2091726789113554,0.4437653076931631,0.0
29409,0,,,,,,
29410,5,0.3871967541591022,0.4258383705690238,-0.0,0.4643633271301629,0.4041312371759382,0.0
29411,1,,,-0.0,0.2313250819544579,0.32376122540441,0.0
29412,0,,,,,,
29415,0,,,,,,
29416,0,,,,,,
29419L,7,0.4622778098350873,0.6340979851820114,0.3297017134443207,0.2378437750066757,0.400198940417148,0.2857142857142857
29420L,18,0.4655157508966233,0.622923505077162,0.3760307573686182,0.3530787543747125,0.3545093821961518,0.3333333333333333
29422L,5,0.4197047077524302,0.6105115412329845,0.2472762850832405,0.1693324160927587,0.3575705101976675,0.0
29424L,10,0.2699644011296849,0.4862129190026282,0.4126642810846538,0.3851002099888625,0.6043957771999919,0.0
29427L,21,0.1804093897598509,0.6387761317852896,0.3986581400515139,0.3051238079288344,0.4310718733114182,0.2857142857142857
29431L,4,0.8783610864909464,0.5188519239364803,-0.0,0.3234632010194928,0.4092471919674769,0.0
29432,0,,,,,,
29433,21,0.6201755430636061,0.7027810717753602,0.3508166814030639,0.3083561797269974,0.3807084557290745,0.1904761904761904
29434L,7,0.6016685031231465,0.8231489369914726,0.2612824261163803,0.1842820098210571,0.3242466682992567,0.0
29436L,7,0.5151629649626543,0.5770473287552471,-0.0,0.3739652695113876,0.19067297130592,0.0
29438L,0,,,,,,
29440L,1,,,,0.7699840441477064,0.8541234517858474,1.0
29441L,283,0.3762605610777655,0.5206072198596022,0.5462016014386699,0.4751392768014154,0.5920613219922106,0.127208480565371
29449L,9,0.2705106103739187,0.4387656779861958,0.2612824261163803,0.3659029980407784,0.4063718057228811,0.0
29452,3,0.493696591917775,0.8786094303509469,-0.0,0.1346479990331854,0.2747634177623033,0.6666666666666666
29453,5,0.8901442573277772,0.2905745929600789,0.1648508567221603,0.1347005061443515,0.3634025690985002,0.4
29454L,0,,,,,,
29455,0,,,,,,
29456,0,,,,,,
29457,0,,,,,,
29458,4,0.8544675336142121,0.5351574475776517,-0.0,0.1933625015650445,0.4185885733495973,0.0
29702,0,,,,,,
29703L,2,,,-0.0,0.7527928006734534,0.4572359006808583,0.0
29706,18,0.3309921023862186,0.2162022602118734,0.5103445000233029,0.358971531986409,0.4885064127203391,0.1111111111111111
29707L,4,0.5748350639132296,0.474029514008648,-0.0,0.2291997615292105,0.4684948477431287,0.0
29711,0,,,,,,
29712L,5,0.5943375929955248,0.6135718076947254,0.1648508567221603,0.2989735846644319,0.5728093946130232,0.8
29717,1,,,,0.3771901780996314,0.810132757718475,0.0
29719L,0,,,,,,
29721,7,0.4957756103076882,0.4500263987328612,-0.0,0.1354398132515378,0.4533646557704562,0.2857142857142857
29722L,0,,,,,,
29723,0,,,,,,
29725,0,,,,,,
29726,8,0.6385042542227041,0.6629154429580011,0.1648508567221603,0.1469317048990359,0.3467159755772651,0.25
29727,0,,,,,,
29728,0,,,,,,
29729,3,,,-0.0,0.6255081393943915,0.430509360766707,1.0
29802L,29,0.5601049912140394,0.6008374190079739,0.5614527158029922,0.2550403136691925,0.4992249855485519,0.3448275862068966
29809,5,0.3393822880934734,0.541238236780851,-0.0,0.2972147624107735,0.3999632067955307,0.4
29818L,1,0.5227288181418588,0.7446068534656285,-0.0,0.2823778656052685,0.0,0.0
29822L,28,0.4408307889232167,0.6759531897433516,-0.0,0.4918731735857578,0.5802041032948783,0.3571428571428571
29823,0,,,,,,
29824,8,0.5366091486137083,0.5285631695084045,0.2472762850832405,0.3911157364972409,0.5163234604630244,0.0
31001L,5,0.4783743595380927,0.7041361526841836,0.2508911503117071,0.6148222785413048,0.4799638892137086,0.0
32001L,11,0.5290989504698383,0.6263692856256415,0.2472762850832405,0.2514528578936086,0.3251332236412369,0.0
32105L,0,,,,,,
32108L,0,,,,,,
32109L,3,0.364481298059033,0.4293066725589968,-0.0,0.3309995643203265,0.3436559391465104,0.0
32112,0,,,,,,
32202L,0,,,,,,
32303L,3,0.4056289152356152,0.2669270793920816,-0.0,0.0,0.3425279726319624,0.6666666666666666
32307L,31,0.5376927015400249,0.5489911561713254,0.5275703291138173,0.4976180632446961,0.5933784210301416,0.1290322580645161
32319L,3,0.4362123445484913,0.4482246834133947,0.2612824261163803,0.2121465230168515,0.6169719734802606,0.0
32325,1,,,-0.0,1.0,1.0,0.0
32327L,1,0.6426650011558619,0.7493363561792279,,0.2823778656052685,0.2740980040827167,0.0
32330L,8,1.0,0.8373051066521782,0.1648508567221603,0.1939787235988901,0.4416687284733037,0.5
32332L,0,,,,,,
32333,10,0.5933737085702295,0.412814047711573,0.3965716603728385,0.2927928544777552,0.600468057364243,0.4
32334,2,0.1267200584977054,0.2933071945279364,0.1648508567221603,0.5025871075276598,0.513602894005077,0.0
32335L,0,,,,,,
32337L,1,0.6087691315109653,0.5985051069876881,0.1648508567221603,0.8656738951480528,0.7135086730578867,0.0
32404L,32,0.2889129255523517,0.4938580076987449,0.4990013727659778,0.4241705936030439,0.4313446198846458,0.125
32406,55,0.4458056492406486,0.6328138090752443,0.5745428440974244,0.3173699342753981,0.4292570568678786,0.0727272727272727
32407,22,0.4371917323574081,0.4637720003991564,0.4202911265479488,0.432165634700885,0.44051901687097,0.0909090909090909
32408L,1,0.0989437024345414,0.5016995940951595,-0.0,0.5734296155879633,0.7009959252647963,0.0
32410,34,0.4287145746376175,0.5428871773608146,0.434952402403936,0.3124062573358868,0.4253354495575786,0.1764705882352941
32411,9,0.5502446585022541,0.766403692058739,0.1513818549682734,0.3112873308403843,0.4057768035800447,0.4444444444444444
32412,56,0.3805779713224016,0.5173809116322134,0.5581129613616799,0.3667181154595594,0.5051561935424318,0.0357142857142857
32415,45,0.4961241712439547,0.5598432658380255,0.5617348193027325,0.3976920211931703,0.5351951570170361,0.0888888888888888
32417L,68,0.4341185995120396,0.535553412204385,0.5870058397980454,0.4259738179239873,0.5625252633792982,0.1176470588235294
32422,56,0.3456304879781665,0.4783276386445448,0.5021121525261203,0.3056457952042959,0.5077735018271113,0.0357142857142857
32425L,9,0.671740114208906,0.8099753374000211,0.3162327116904338,0.539163735797777,0.6877744180011365,0.0
32426L,0,,,,,,
32433,21,0.6976065294297591,0.7838981067786086,0.3023244729943435,0.2411023794759872,0.4793438076473811,0.1904761904761904
32434L,35,0.4090057737658349,0.6037918448723814,0.473236010917369,0.3131948401867367,0.5308445360317189,0.0571428571428571
32435,19,0.5206197145714438,0.6655628497800076,0.4921174157363442,0.2846907177597906,0.5724443350311803,0.2105263157894736
32437,5,0.3714690969260963,0.2231791792912867,-0.0,0.3169603043971922,0.537111267592157,0.0
32438L,27,0.5748586224150551,0.5742234864756988,0.5112863755361016,0.381403792398058,0.5409038103471813,0.074074074074074
32440,20,0.3499262164792588,0.3312162518718574,0.5085739767244777,0.3550982617420117,0.3961143866272338,0.0
32441,8,0.4827809073188576,0.6571122515772827,0.4156946192466096,0.5125635559551396,0.5946156856614174,0.25
32443,16,0.299144500861274,0.0,0.4261332828385406,0.4156313970751882,0.4769272271089277,0.125
32451,6,0.6680834450762911,0.5703279178549081,-0.0,0.1670025205160526,0.2933127085586699,0.0
32452L,17,0.490186500460125,0.5831177702691116,0.384123096801867,0.3931027387536314,0.5155923474072643,0.4705882352941176
32454,4,0.6038685574170696,0.7193828389930979,-0.0,0.512762489641816,0.6516816001512593,0.0
32503L,0,,,,,,
32505,2,1.0,0.2905745929600789,-0.0,0.1717635010285114,0.2512880145663013,0.0
32508L,0,,,,,,
32509L,1,,,,0.0,0.3197179831155472,0.0
32511,1,,,-0.0,0.3553104136778556,0.6934508882691207,0.0
32516,13,0.4843153460163095,0.4296776139482987,0.1337398938570355,0.204911723551786,0.3098875702410707,0.0
32601,6,0.5095842382684622,0.6322116125071467,-0.0,0.6235401182559247,0.3168911040729147,0.3333333333333333
32602L,10,0.6003754702941931,0.8410887088230576,0.2472762850832405,0.2371121691401566,0.2012337472396017,0.6
32603,4,0.1895904510872269,0.0351814464257074,0.1648508567221603,0.4127447952850173,0.4562572378148057,0.5
32604,24,0.4586472366921639,0.639506793163418,0.4157420070338674,0.2394545155291882,0.3985791569717158,0.1666666666666666
32605,0,,,,,,
32608,0,,,,,,
32609,13,0.9013277352157056,0.543388010741578,0.3711829972644872,0.1947514613106113,0.3716150768125022,0.1538461538461538
32610,7,,,0.2612824261163803,0.1868281089791883,0.386180620361513,0.0
32611,6,0.4325551409920478,0.2660924612661522,-0.0,0.0,0.3760037442833682,0.0
32612L,1,,,-0.0,0.0,0.8671577315095131,0.0
32613,40,0.4712981159719397,0.4496649670192281,0.5351783072655458,0.2831998235888786,0.3978733712795052,0.25
32615,10,0.487454335041845,0.755785678061409,0.3297017134443207,0.2881461671346455,0.4431816911007266,0.4
32617L,114,0.5379794249128578,0.705135524866178,0.5114911068330675,0.2828123013195464,0.4475045779772742,0.1228070175438596
32621,0,,,,,,
32625L,11,0.511081916405668,0.5438657382884063,0.2884889992637806,0.1786223396922221,0.3898019897776603,0.0
32630,2,0.5201920579313818,1.0,,0.8038455843242649,0.9660010194139792,0.0
32702L,10,0.4994020372568418,0.5790742584896469,0.1648508567221603,0.3200298460670449,0.4190089129499169,0.4
32704,58,0.5135329159499019,0.5048285730332995,0.4659089521546136,0.2706221935697604,0.4074618226703535,0.1379310344827586
32706,0,,,,,,
32707,0,,,,,,
32708L,1,,,,0.4720024905939944,0.5706278677961151,0.0
32710,30,0.6298704653650161,0.4287811722574858,0.4157629618834991,0.193616607805507,0.3597011601550252,0.0
32714L,19,0.4210466039955451,0.7575054972299906,0.4390856565370173,0.3280958053517813,0.5206099886998239,0.0
32716,8,0.8011073375228734,0.5932627666304453,0.2472762850832405,0.3436108174245445,0.32014567041898,0.0
32717,2,,,-0.0,0.2112686312344962,0.2208746952110808,0.0
32719L,3,,,0.1648508567221603,0.4087942822644191,0.6481094194867952,0.6666666666666666
32722,0,,,,,,
32802L,26,0.2684827785438154,0.4465973276409735,0.4825928424477388,0.4340680128815499,0.5164012500923344,0.1538461538461538
32804L,0,,,,,,
32805L,4,0.053841713756102,0.9054099457280104,0.1648508567221603,0.3771901780996314,0.6571157447125229,0.5
32806,3,0.8737108264682024,0.1013944844161,-0.0,0.26002924908874,0.2378328362265586,0.6666666666666666
32816,0,,,,,,
32817L,4,0.0,1.0,-0.0,0.3833981271320003,0.4996860849251209,0.0
32820,1,0.4275898981929089,0.8108198914560211,-0.0,0.4720024905939939,0.6158857835032885,0.0
32825,5,0.6779921021153225,0.5743447557760474,-0.0,0.5969139499119648,0.5074116111363356,0.0
33501L,12,0.3169451266400676,0.1210020302455648,0.255320172860584,0.4285435794999238,0.52072962700161,0.0
33503L,2,0.7597454545568046,0.7616330632345865,,0.0,0.4109579411812081,1.0
33504,3,0.094792944859511,0.334795443332234,0.2612824261163803,0.385800270580423,0.7475622724133713,0.0
33505,13,0.4158268944874389,0.5159899684482507,0.453339855985941,0.3193116006968562,0.5023651820452881,0.3076923076923077
33506L,0,,,,,,
33601L,1,1.0,0.0,,0.4720024905939944,0.5288095536826867,0.0
33603L,1,0.4178577768314959,0.3057090016435972,-0.0,0.5254863591805573,0.5990095281660676,0.0
35001L,5,0.5029605461243184,0.6689348100480368,0.2472762850832405,0.4609826384839039,0.590561597669561,0.4
35002,0,,,,,,
35003L,7,0.308282365145112,0.5869567630123127,0.1648508567221603,0.3124680217746297,0.407908327980621,0.0
35004L,13,0.5949032882276096,0.6253411328618157,0.453339855985941,0.2520960942010743,0.5528597773817715,0.3076923076923077
35007L,4,0.5437011437865231,0.4797547015040578,0.1648508567221603,0.3877248794878941,0.7863723519722092,0.0
35008L,7,0.6582223666662115,0.8482921052637707,0.1648508567221603,0.2267491697030926,0.3470144199434485,0.2857142857142857
35018L,10,0.5667024633199607,0.3768184659727752,0.3711829972644872,0.1954087869031072,0.3727965886688553,0.2
35038L,9,0.2744375810723553,0.6145455288416428,-0.0,0.2630266224599242,0.2845913032722897,0.2222222222222222
35041,0,,,,,,
35043L,6,0.6382550749932757,0.8465539119587726,-0.0,0.3703239351599451,0.5295611790206999,0.0
35045,5,0.273851820411988,0.6662322370688372,-0.0,0.2021034410267077,0.5261483882391053,0.4
35046,0,,,,,,
35050,2,0.4640136275749763,0.7720379692045054,-0.0,0.2313250819544575,0.4634257909983473,0.0
35051L,1,0.6199978372871326,0.7497001640802741,-0.0,0.7637326828843418,0.6250209197198744,0.0
35053,30,0.606879237029706,0.6013432503364711,0.5150795771143466,0.3146233846840802,0.5844389870995925,0.0666666666666666
35055,1,,,-0.0,0.3455860739348438,0.3387263077125598,0.0
35101L,1,,,-0.0,0.3771901780996314,0.0,0.0
35103,0,,,,,,
35104,17,0.45110512277681,0.3560532361191673,0.4990013727659778,0.4655897727016034,0.5177199886568964,0.1176470588235294
35105,0,,,,,,
35106,0,,,,,,
35107L,2,0.6370413994293737,0.9867573924019216,,0.2349717093580868,0.0,0.0
35118,3,0.6195111175112565,0.8056174384710616,-0.0,0.4020219742291075,0.3322091678507267,0.6666666666666666
35119L,0,,,,,,
41101L,2,,,-0.0,0.2175062833722834,0.2578909062684216,0.0
42101L,15,0.5947485438017023,0.8098242066742107,0.2472762850832405,0.2505406920187578,0.3659046256584476,0.0
42203,12,0.4144834410071294,0.4743945984286452,0.4261332828385406,0.4385787561894161,0.6769620384017833,0.3333333333333333
42204,13,0.5081317741568502,0.4969385613634692,0.4121271418054009,0.30817935388393,0.37570634908342,0.1538461538461538
42205L,4,0.5636202104167655,0.9125041997984098,-0.0,0.5251548475984098,0.4884600646517554,0.0
42209,5,0.5913751511553434,0.7067708317568326,0.2472762850832405,0.3253594472693796,0.5703237346025629,0.0
42210L,10,0.6881953888207074,0.560156247635249,0.4261332828385406,0.2403444070661008,0.3836402632603585,0.4
42224,0,,,,,,
42225,10,0.6741560853972076,0.6079767750727547,0.4156946192466096,0.2223705796997594,0.4091768379607605,0.6
42226,0,,,,,,
42303L,16,0.4208932368940981,0.6838807776078102,0.3297017134443207,0.3104754817959423,0.5524052125852063,0.0
42304L,11,0.4180330715613683,0.747537191589311,0.3297017134443207,0.3082798129758454,0.4444169048450564,0.1818181818181818
42309L,14,0.4732877849307534,0.676617368114518,0.3553589461922984,0.2933381638684474,0.4536857983023249,0.0
42317L,11,0.6994669772121253,0.5450878320128506,0.3168314930005712,0.4381889117953673,0.4455556285205532,0.0
42328,6,0.1853878758663069,0.5800201590323668,,0.2313723530504305,0.2857365651823779,0.0
42334L,7,0.7680624214936322,0.7010954285005133,0.3297017134443207,0.2014326600403533,0.2000689848188406,0.2857142857142857
42336L,6,0.2281474112309182,0.496144874701187,0.3168314930005712,0.5238318708215042,0.5550637866303559,0.3333333333333333
42338,4,0.4357266057686627,0.5998140037226165,-0.0,0.6322352987094676,0.6065089730441107,0.0
42340L,1,1.0,1.0,-0.0,0.2823778656052685,1.0,0.0
42341L,3,0.83474553734972,0.541238236780851,-0.0,0.2929125669935309,0.3285885345941529,0.0
42343,1,0.5945394107045797,0.5144377214037874,,1.0,0.8034280032242563,0.0
42344L,6,0.8008229937170708,0.4324596743680632,-0.0,0.1999593194500379,0.2218623826656318,0.0
42346L,16,0.4798184337951724,0.5893830964356956,0.4156946192466096,0.2582797361796178,0.3073753447825769,0.375
42358,1,0.8222160543734073,0.6115895896456433,-0.0,0.627521967203453,0.6599999744138596,0.0
42360L,2,,,,0.061149136451755,0.5820328625543225,1.0
42362,24,0.6446412692507473,0.6506119725688335,0.4725593402646021,0.2828365943091946,0.4404899843084556,0.0
42363L,2,0.6198717512357192,0.9527049728640052,-0.0,0.4245963343468129,0.3554881939481076,0.0
42365L,1,,,-0.0,0.4720024905939944,0.839785744089815,0.0
42404L,3,0.401802733083087,0.0,0.1648508567221603,0.3460877263819042,0.4583882368423255,0.0
42405L,12,0.0404077003781796,0.1076387509358732,0.4156946192466096,0.2810281731924707,0.32878411306309,0.0
42411,8,0.5321060569771167,0.5227501807185986,0.1648508567221603,0.3220824080108704,0.2733263463779137,0.0
42412,11,0.6250954612573916,0.486848955574457,0.3168314930005712,0.2483336163426296,0.3390187137098097,0.1818181818181818
42413,13,0.6343933321233567,0.7208202368766429,0.4492978048006894,0.3401107286523605,0.4589219393366089,0.0
42415L,17,0.5353318194451586,0.6056480260770373,0.4462332337392233,0.500502700573556,0.666298479046545,0.3529411764705882
42418,20,0.4422710344428626,0.6024934512369876,0.48321230645953,0.2689228422628327,0.4929267592954195,0.1
42419L,20,0.6931874984623116,0.5457494547538229,0.4156946192466096,0.1889446412926419,0.5255221529436496,0.1
42421,12,0.3157993405639792,0.475129143905043,0.4816823497227316,0.5024227090148935,0.6722303551501159,0.0
42422,23,0.4416703190925876,0.4773349559296581,0.47363970250103,0.2978097183149403,0.3239469844918377,0.1739130434782608
42423,0,,,,,,
42424L,2,,,,0.1243573447813305,0.2576241227653055,0.0
42426L,4,0.0,0.4750251987904584,0.2612824261163803,0.3758423560102507,0.4658025483272949,0.5
42430L,3,0.273865944323638,0.2432795658240841,,0.2581480524122647,0.328625805818853,0.6666666666666666
42431,61,0.5152599545395614,0.4506640902286458,0.5493278860124996,0.4039042689006802,0.573321905253811,0.1311475409836065
42502L,0,,,,,,
42504L,40,0.4877604081593183,0.5603292782223318,0.5334880813071586,0.4106468777904486,0.6045731016035031,0.0
42506L,2,,,0.1648508567221603,0.5659203473101087,0.5573357535759729,0.0
42507L,2,0.7877057193705841,0.799784385124289,0.1648508567221603,0.6426646530838476,0.8557698871193627,0.0
42510L,0,,,,,,
42511,0,,,,,,
42512L,0,,,,,,
42513,10,0.2624296096596481,0.3415204642960452,-0.0,0.4094492396063592,0.2977342882818788,0.2
42514,1,,,,0.1085552926989365,0.5649253704170112,1.0
42516L,0,,,,,,
42520L,0,,,,,,
42523,0,,,,,,
42527L,7,0.6264568252611978,0.9046823299259182,0.1648508567221603,0.2494056184030444,0.5092675383394133,0.8571428571428571
42529L,1,,,,0.2552886334640217,0.3392694027010459,0.0
42539,0,,,,,,
42540,2,0.5469101464110437,0.7067708317568326,0.1648508567221603,0.1649911929931997,0.513602894005077,0.0
42547,0,,,,,,
42601L,17,0.4895638365668477,0.4184583337814624,0.5244509648647913,0.6812100496068323,0.7887488545958595,0.4705882352941176
42609,0,,,,,,
42610L,1,,,-0.0,1.0,0.7747172476798306,0.0
42612L,0,,,,,,
42621,1,0.0212824344041094,0.2460026128410052,-0.0,0.9144599489010216,0.9691828476617405,0.0
42622,0,,,,,,
42623,0,,,,,,
42625L,0,,,,,,
42631,1,,,,1.0,0.8671577315095131,0.0
42708L,0,,,,,,
42715,0,,,,,,
42718,0,,,,,,
43101L,1,,,,1.0,0.6709918216683421,1.0
44101,0,,,,,,
44102L,0,,,,,,
44104L,10,0.451759756976006,0.3822087080360687,0.2405417842062971,0.4038912816136792,0.5367467113386569,0.0
44110L,0,,,,,,
44114L,1,0.0622204724580999,0.7256888426112305,,0.3961526405985039,0.3562139663418114,0.0
44201L,0,,,,,,
44203L,1,0.0309371433782933,1.0,,0.0927532406165425,0.5706278677961151,0.0
44206L,0,,,,,,
51001L,16,0.3394713608925872,0.5553282868725932,0.4261332828385406,0.4167079181376803,0.6100261032374081,0.25
51002L,0,,,,,,
51004,8,0.6665360430989481,0.754516287722694,0.3168314930005712,0.2643953355569601,0.3235447639969597,0.5
51005,36,0.6006560462462694,0.4578270071046422,0.5311376067393797,0.1764445118162018,0.3954441839058146,0.1111111111111111
51008,7,1.0,0.8812369318585022,-0.0,0.1329225131988579,0.4286551033261422,0.2857142857142857
51009L,30,0.5396636970460529,0.6060696222931135,0.5747730466456756,0.3847810631247697,0.564003645467715,0.2
51010L,0,,,,,,
51013,0,,,,,,
51014,8,0.4157055687385738,0.4827417558494891,0.2566161918475437,0.1693489916718663,0.3682054657089137,0.25
51017L,3,,,-0.0,0.2002071947768207,0.5896064514770913,0.0
51021,0,,,,,,
51022,0,,,,,,
51023L,0,,,,,,
51025,2,0.6158582133195034,0.5270497286400526,0.1648508567221603,0.1875655531109053,0.6834105937383903,0.0
51026,4,0.6693453544170077,0.6689348100480368,0.1648508567221603,0.2501811844873912,0.4338066976754197,0.0
51027,1,,,-0.0,0.0169033906210519,0.4474539244074725,0.0
51028,0,,,,,,
51029L,13,0.5719531388303327,0.7271823697839461,0.4121271418054009,0.3277038905314826,0.4476880729056368,0.1538461538461538
51031L,2,0.6519210394890554,0.8723034267328142,0.1648508567221603,0.624755660723801,0.3374590860727588,0.0
51033L,8,0.2632117517349353,0.7100451028662477,0.3168314930005712,0.3409771420774789,0.476219855630952,0.25
51037,9,0.7198157073222885,0.4707256508690044,0.3168314930005712,0.1755022872074835,0.2745104723027303,0.2222222222222222
51038L,0,,,,,,
51101,0,,,,,,
51102L,1,0.0,0.0,-0.0,0.1875655531109056,0.6238511766677505,0.0
51105L,0,,,,,,
51108L,0,,,,,,
51201L,1,,,,1.0,0.8671577315095131,0.0
51203L,0,,,,,,
51205L,0,,,,,,
51207,5,0.7519424045514429,0.8356497807024184,-0.0,0.3364998939874672,0.4930477072482809,0.4
51301L,22,0.41333854976821,0.4870854307101371,-0.0,0.267919952947494,0.3765766546416104,0.0909090909090909
51401L,1,,,-0.0,0.2552886334640217,0.1877459009134302,0.0
51501L,1,0.2755654178658213,0.7162298371840317,,1.0,0.4109579411812081,0.0
51503L,0,,,,,,
51507L,5,0.4569343833540702,0.3067011304083298,0.1648508567221603,0.5014729125468359,0.6065626467029565,0.0
51509L,2,0.510664462474203,0.5324183533419763,0.1648508567221603,0.5099274155917392,1.0,0.0
51510,5,0.6026018019585998,0.5103455275664885,-0.0,0.2306524817888993,0.2458516337315559,0.4
51512L,0,,,,,,
51514L,2,,,-0.0,0.0,0.0,0.0
51601L,0,,,,,,
51603,0,,,,,,
51701L,0,,,,,,
51848L,0,,,,,,
51901L,0,,,,,,
51902L,1,0.17804232481486,0.4224331286152323,-0.0,1.0,0.8590674889224102,0.0
51904,2,0.7605247249656473,0.0,-0.0,0.475162901010473,0.4877515725531395,0.0
51910,0,,,,,,
51911L,13,0.3105007112702767,0.6582388577572811,0.3988371864779316,0.3289788696749184,0.5351284638737225,0.1538461538461538
52101L,2,,,-0.0,0.8532269970817453,0.4016121815876769,0.0
52106L,3,0.8084978641448759,0.9842349909546684,,0.5352106989235694,0.3425279726319624,0.0
52108,2,,,,0.1875655531109056,0.4038977063308891,0.0
52109,1,,,-0.0,0.5984189072531452,0.8367444121542928,0.0
52110L,3,1.0,0.8581149185920158,-0.0,0.3501009459583849,0.0,0.0
52113,0,,,,,,
52201L,0,,,,,,
52202L,0,,,,,,
52205L,1,0.7723928226851121,0.8108198914560211,-0.0,0.5525280162741376,0.5710855639006313,0.0
52206,0,,,,,,
52208,0,,,,,,
52209L,2,,,-0.0,0.1117157031154151,0.2629613621423492,0.0
52211,0,,,,,,
52212L,0,,,,,,
52302L,0,,,,,,
52309,0,,,,,,
52310L,0,,,,,,
52313L,1,,,-0.0,1.0,0.8747610613483182,0.0
52401L,8,0.4556464853112427,0.6840692187315551,0.2260023800196072,0.3014207854389196,0.5010323338485028,0.25
52402L,13,0.5079246843224906,0.4123951174012774,0.3711829972644872,0.3330273426290333,0.3061717948677493,0.0
52405,13,0.4424558860355874,0.6459510863345798,0.4156946192466096,0.5964174303092283,0.6593392765269352,0.3076923076923077
52406,21,0.3541918276995948,0.0,0.3758268400378337,0.3248347024503848,0.4742755967945334,0.0
52408,7,0.3484354789234029,0.4146330872168037,0.4261332828385406,0.3340956249679981,0.4900178077810568,0.0
52409,11,0.4155328113070714,0.7071418886322458,0.3709144276248608,0.4216480497845212,0.5177766560271,0.3636363636363636
52410,21,0.6118701804459219,0.7271076934253105,0.3709144276248608,0.2720543586375341,0.3951297115710426,0.1904761904761904
52411L,51,0.3570312905980677,0.4630091435444782,0.538992527749111,0.3309539720488939,0.4777262669832803,0.0
52412,15,0.6159620299987651,0.6899681984797901,0.2018424732910312,0.2946127180400232,0.476778518398226,0.1333333333333333
52413,11,0.4036906444473814,0.7990738336451744,0.1513818549682734,0.3370558060150955,0.5026708446244832,0.0
52415,11,0.3871624878352929,0.352893057207541,0.3483765681551737,0.4561966618943762,0.6769814814863775,0.0
52417,13,0.5214975895351333,0.6762346946712012,0.3297017134443207,0.61761618430503,0.6023618760380206,0.1538461538461538
52418,9,0.6185543473781182,0.7242589929536307,0.3827718356894354,0.3848708405803879,0.4972870333169061,0.0
52419L,59,0.4228590054828428,0.5147754459510085,0.5136166498159067,0.4978890463393277,0.5514661415305315,0.0
52423L,15,0.4815942724294015,0.563468073108643,0.3215953035419961,0.5571278434816588,0.665266744198331,0.1333333333333333
52425,19,0.4750815597057173,0.3876987574393552,0.3921444968577296,0.3743283405379763,0.4152108123888565,0.0
52426,5,0.565467064118017,0.5961598965649539,0.2472762850832405,0.7059029605602463,0.6968926077322566,0.0
52427,1,0.0372995155528494,0.58065075939418,,1.0,0.8671577315095131,0.0
52428L,11,0.394109369556206,0.5050409991474132,0.3988371864779315,0.5515254022499911,0.6267448274259225,0.1818181818181818
52430,1,0.0,0.8265849005013527,-0.0,0.2552886334640217,0.1633066264315566,0.0
52431L,1,,,,0.0453470843693612,0.0,0.0
52439,44,0.2766109405510323,0.1884813426537325,0.6096297624301442,0.4330996178331428,0.5417222145441074,0.0909090909090909
52440,0,,,,,,
52501L,6,0.4982575661856596,0.6899166039047326,0.160062037330743,0.3698752527606708,0.7908283197814959,0.0
52601L,1,,,,0.155961448946118,0.0003781298857336,0.0
52701L,0,,,,,,
52702,0,,,,,,
52704,37,0.3732688184316786,0.5315906315521897,0.4530102378639999,0.2763432691135384,0.5001869583838318,0.1081081081081081
52705L,22,0.5722219308726642,0.57119490696879,0.47363970250103,0.3219663714099969,0.4665349837664005,0.0
52707L,3,0.6582599160866486,0.5161354916086692,0.3297017134443207,0.4050355417205485,0.5130713230019335,0.0
52710,0,,,,,,
52711,26,0.1925084832196039,0.5635771360641832,0.4025047764922443,0.5265987785593679,0.6570192588026347,0.0
52712L,5,0.4146277725259504,0.4718947184228854,0.3297017134443207,0.4467192072621639,0.7369344151703214,0.8
52713,21,0.3543307898618534,0.5436165010025469,0.4291328243190823,0.4036626331692982,0.5970688567989592,0.0
52714,46,0.4624603315373748,0.5721238792590788,0.4946534218184558,0.5169346564525449,0.6526882633025486,0.0869565217391304
52716L,1,0.1537680652608825,0.5270497286400526,,0.0,0.3653379621483777,0.0
52719L,1,0.1159944815717905,0.5743447557760474,-0.0,0.6616271155827201,0.6162478468289454,0.0
52722,0,,,,,,
52723,0,,,,,,
52801L,0,,,,,,
52901L,1,0.0,0.5743447557760474,-0.0,0.4449132584527475,0.4839074588300391,0.0
52903L,1,0.2135336886942348,0.1515272131802544,,1.0,0.8476063119240144,0.0
52904,0,,,,,,
52907,0,,,,,,
52908,0,,,,,,
53101L,4,,,,0.5750566844376297,0.3566229719621575,0.0
53103L,2,0.9211501217490616,0.6689348100480368,0.1648508567221603,0.37041787006432,0.6232757998093195,0.0
53104L,1,0.0,0.53478891489867,-0.0,0.8512517405714461,0.969802684333382,0.0
53109,0,,,,,,
53114,0,,,,,,
53119L,2,0.4813585270889104,0.4171360855760008,-0.0,0.5553380673338596,0.5542574679815243,0.0
53124L,1,,,,0.2823778656052685,0.3653379621483777,0.0
53201L,1,,,,0.2823778656052685,1.0,0.0
53203L,1,,,-0.0,0.4720024905939944,0.0,0.0
53206L,0,,,,,,
53207L,2,0.0,0.1959845386880895,,0.0927532406165425,0.2740980040827167,0.0
53214L,1,0.6187187014332818,0.829737902310419,-0.0,0.4720024905939944,0.3490451124937953,0.0
53219L,3,0.5825987256103778,0.8038284526620044,0.1648508567221603,0.5070576176273509,0.651722769860382,0.0
53301L,0,,,,,,
53304,0,,,,,,
53306L,1,0.4628790411613851,0.9178786347002272,,0.6584131388879959,0.5360995961143409,0.0
54101L,2,,,-0.0,0.6379240374591295,0.5648732153798214,0.0
54102L,2,0.7986489071304693,0.5554267449216495,-0.0,0.3636455620290079,0.5425227021419603,0.0
54104L,15,0.3329607039055625,0.4204933846255725,0.3827718356894353,0.4881481479754061,0.5650182563330559,0.0
54201L,0,,,,,,
54205L,1,,,,0.0,0.2740980040827167,0.0
54206L,1,,,,0.2823778656052685,0.5478178782796995,0.0
54208L,1,0.3588724097260639,0.3284106146688748,-0.0,0.6470406059682027,0.9221356549593348,0.0
54209,5,1.0,0.7351478480384295,,0.1812447322779481,0.2178333632755589,0.0
54301L,1,0.4635592364039637,0.3243747723532698,-0.0,0.6932312197475081,0.7876683741038237,0.0
54312L,0,,,,,,
54401L,1,0.4064632427066279,0.8127116925414608,-0.0,1.0,0.912777710542344,0.0
54501L,1,0.6342277870073104,0.9979190188060162,,0.4151151030973766,0.2649740082761503,0.0
54701L,5,0.0363874630175154,1.0,-0.0,0.2290227015153034,0.3842066337483512,0.0
54704,0,,,,,,
54705L,0,,,,,,
54709L,1,0.9195304721072844,0.5743447557760474,,0.0,0.3197179831155472,0.0
54712L,0,,,,,,
54801L,1,0.0,0.7446068534656285,,0.5668148030883572,0.0,0.0
54803,1,1.0,1.0,,0.4202866837788874,0.450357013982289,0.0
61001L,0,,,,,,
62001L,3,,,-0.0,0.2360251794969133,0.4104510525252879,0.0
62114L,1,,,-0.0,0.3455860739348438,0.9089760456229417,0.0
62122,0,,,,,,
62306L,0,,,,,,
62401L,8,0.4972786422274577,0.6846998190933684,0.2612824261163803,0.3431422284342223,0.4677537453445292,0.25
62403L,6,0.7974340169152928,0.7415326767017887,-0.0,0.2515833135365901,0.3529254273950762,0.0
62408L,39,0.366655149206795,0.4683919968713849,0.4955516200020607,0.374102248821311,0.4384433417260603,0.0512820512820512
62412,8,0.8380839720595661,0.6821774176461154,0.1648508567221603,0.2467127445591664,0.1750872394134136,0.0
62415L,22,0.5310697968206518,0.7253510209888305,0.4985745140551528,0.2398382614996745,0.5290912590143123,0.1818181818181818
62419L,20,0.4750019779910928,0.398208920845383,0.2472762850832405,0.2192108235268285,0.3760857387483958,0.0
62422L,5,0.4526310408280947,0.8817624321600132,-0.0,0.2027355231100036,0.4386340617944588,0.0
62424L,3,0.3428926492146281,0.7929528812046452,-0.0,0.3898318197655463,0.5521264318550226,0.0
62428,3,0.512902961105216,0.6846998190933684,-0.0,0.2046844428668323,0.3349246427931573,1.0
62434L,3,0.2141155468768153,0.5800201590323668,0.1648508567221603,0.3909097892099269,0.851715309666359,0.0
62435L,2,0.5608020470512823,0.5970463688013248,-0.0,0.0,0.2141699407168618,0.0
62438L,0,,,,,,
62439,0,,,,,,
62441L,1,,,,0.3771901780996314,0.0,0.0
62501L,2,,,-0.0,0.5893891632060624,0.7218798220894876,0.0
62511,18,0.3692276554319942,0.6301353711198041,0.3117430444391381,0.2467687968733909,0.4980287127190367,0.4444444444444444
62513L,14,0.6032220864545382,0.4812099331082423,0.255320172860584,0.2505253270524657,0.341369790333237,0.0
62515L,3,0.6142548341815378,0.8581149185920158,-0.0,0.2705263265434732,0.592962649197605,0.0
62521L,0,,,,,,
62525,3,,,,0.2823778656052682,0.3906823949443944,0.0
62526L,22,0.5475630006653248,0.6097443669960192,0.4816823497227316,0.3226074684811566,0.5221376858485188,0.0
62527,5,0.2880057900980436,0.7193828389930979,0.3297017134443207,0.3960623431580331,0.3818974220700351,0.0
62528,3,0.3319301233682485,0.0,0.1648508567221603,0.3391031807728361,0.7673396577282775,0.6666666666666666
62529L,21,0.5125060734498188,0.7622111135662486,0.4156946192466096,0.280724198947789,0.329715867722362,0.1904761904761904
62536L,16,0.5065526311483897,0.7230357069426259,0.3162327116904338,0.2738397079528548,0.5640356950740307,0.0
62542,1,0.753577507446921,0.9489213706931257,-0.0,0.6178675867391678,0.703627652822598,0.0
62544L,10,0.2511464833652116,0.289983405120879,0.3988371864779316,0.4083485833595307,0.4131463354745564,0.8
62545L,0,,,,,,
62551L,4,0.5318205918899654,0.5986679125888446,0.3297017134443207,0.6302587529874603,0.4925696732913194,0.0
62601L,0,,,,,,
62603L,1,0.1794965998455653,0.6270449288704414,-0.0,0.2823778656052685,0.5174045589244793,0.0
62607,11,0.4231666446690701,0.4977779415748018,0.2508911503117071,0.2596287426639252,0.4850197553821369,0.0
62608,0,,,,,,
62701L,2,1.0,0.3851646472320684,,0.0927532406165425,0.8443477419930979,1.0
62702,1,0.0,0.5979922693440447,-0.0,0.7498246155774766,0.5754020516483878,0.0
62704,0,,,,,,
62705,3,0.8212429310923237,0.6342517901483073,,0.3556942691940268,0.6868223443070851,0.0
62801,0,,,,,,
62802L,0,,,,,,
62806,2,0.8703030727894683,0.9385164647232068,,0.3071583563708405,0.2989075706021942,0.0
62810,11,0.4133150456998268,0.5485055214383332,0.3508166814030639,0.3804528044824166,0.5227318678872147,0.5454545454545454
62811,2,0.902445320866398,0.6752408136661695,,0.0927532406165425,0.3234611608823435,1.0
62812,0,,,,,,
62813,12,0.3237281772465387,0.5885332639168458,0.3711829972644872,0.3568565966388874,0.4911978178480999,0.1666666666666666
62814,1,,,-0.0,0.5303485290520639,0.5758917115306724,0.0
62815,4,,,0.1648508567221603,0.1452386278902077,0.6064042501626351,1.0
62816L,0,,,,,,
62822,0,,,,,,
62823,0,,,,,,
63101L,1,,,0.1648508567221603,1.0,0.856322986489216,0.0
63103,1,0.9911546839604716,0.4671426942677926,-0.0,0.1485251891426382,0.1847961497014568,0.0
63104L,0,,,,,,
63108,0,,,,,,
63401L,0,,,,,,
63402L,0,,,,,,
63407,0,,,,,,
63411L,1,0.0,0.5743447557760474,,0.0295450322869673,0.0612047685961742,0.0
63414L,0,,,,,,
63421L,0,,,,,,
63428L,0,,,,,,
63430L,0,,,,,,
63434L,1,,,-0.0,0.0,0.775917773443852,0.0
63435,0,,,,,,
64101L,0,,,,,,
64201L,1,0.3259777166429324,0.6374047919573737,-0.0,0.7119961565953502,0.4296098596920268,0.0
64202L,1,,,,0.0927532406165425,0.0,0.0
65101L,1,0.5084597586125489,0.578128357946927,,1.0,1.0,0.0
65201L,2,,,,0.5668148030883574,0.7131903022737104,0.0
65212L,6,0.1286131003537678,0.7620468947220265,-0.0,0.5219369751743589,0.4386910867682499,0.0
65238,0,,,,,,
71101L,8,0.3657903922553092,0.4855783429051319,0.3168314930005712,0.6504454895764735,0.6411728536850853,0.25
72001L,0,,,,,,
72203L,5,0.6131931141467887,0.7020413290432332,0.1513818549682734,0.1197812436714421,0.5039784324467919,0.4
72206L,7,0.12325551273081,0.6452872964800395,-0.0,0.0945096948396046,0.2060245323775171,0.5714285714285714
72210L,0,,,,,,
72213,1,0.9786312920933762,0.9385164647232068,,0.0,0.0,0.0
72214L,0,,,,,,
72215,0,,,,,,
72225,2,0.6508962273374763,0.4482246834133947,-0.0,0.3297840218524498,0.7360002917901256,0.0
72231L,41,0.4644294040045337,0.6252869571200295,0.499102670015899,0.3114427114754857,0.4772065685877337,0.4390243902439024
72234,1,0.2742039637709748,0.0,-0.0,0.6915678458440985,0.9848092563836552,0.0
72301L,11,0.224982480177771,0.2288658432683525,0.3168314930005712,0.4183487141266659,0.494841238663801,0.0
72306L,1,,,,0.0,0.2740980040827167,0.0
72308L,4,0.0897818377189468,0.3344299817589105,-0.0,0.2823778656052685,0.5511443350841769,0.5
72313L,13,0.4460069965884908,0.598995497192384,0.4354707101939672,0.2548127744828631,0.3528241258209973,0.0
72315L,2,0.3216078674578909,0.1841607819040908,-0.0,0.3811406911202298,0.3116826458995371,0.0
72317L,69,0.5593815235662519,0.705710938071785,0.4779129427934998,0.2779810781173997,0.3993265521436021,0.0289855072463768
72318L,14,0.5301560991810748,0.5941636242901784,-0.0,0.2541541548558741,0.4375192401501126,0.1428571428571428
72325L,13,0.4469010931279157,0.5573992041929026,0.453339855985941,0.3420859299227705,0.475336734683833,0.1538461538461538
72328L,0,,,,,,
72330L,2,0.5228549191891096,0.4816465025894977,-0.0,0.3297840218524501,0.5021978992468692,0.0
72336L,11,0.5247756034680412,0.0,0.1337398938570355,0.2092514250442989,0.4126902047826763,0.1818181818181818
72340,1,0.8769068461616872,0.8833389330645464,-0.0,0.7564394280770832,0.8443477419930979,0.0
72341L,0,,,,,,
72342,14,0.5476111729184167,0.712446235013152,0.4157420070338674,0.1936580912596459,0.4783931319694865,0.1428571428571428
72350,0,,,,,,
72351,0,,,,,,
72353L,2,0.7881026276686341,0.7946044535808228,-0.0,0.4562004385116004,0.4077898870817059,1.0
72355,2,,,,0.4530400280951218,0.4551115637451264,0.0
72356,0,,,,,,
72358L,1,,,,0.3645485364337164,0.2451004771802394,0.0
72403L,0,,,,,,
72411L,5,0.4321568503521736,0.635377862222974,0.1513818549682734,0.5203272180765105,0.4307830806409037,0.0
72416L,0,,,,,,
72503L,1,0.6630856828012847,0.7304183453248301,-0.0,0.2823778656052685,0.0,0.0
72508L,1,,,-0.0,0.5984189072531452,1.0,0.0
72601,7,0.6761732714069917,0.5723178260416476,0.2472762850832405,0.1571654148190623,0.32595323081669,0.2857142857142857
72602L,23,0.3005071934639706,0.2851018826771995,0.5478375481232969,0.5621805275465128,0.629966677505085,0.0869565217391304
72604,16,0.2617822889354009,0.6288522745502814,0.2743938849133293,0.3204106578094329,0.4820292772733142,0.125
72605L,16,0.3483446951648217,0.5552879764437613,0.4803716169829101,0.5715820060218514,0.6631811066347946,0.0
72608L,5,0.7004073183051251,0.6739270629123919,0.1648508567221603,0.3586270142616353,0.4446341805647958,0.4
72611,16,0.5278967281790438,0.6275197052046253,0.4032976218878175,0.2395443845041616,0.4916746987042333,0.125
72614,16,0.6255717603508603,0.4811457317139401,0.3637003775222925,0.4295963551206854,0.5772630542483462,0.5
72615,9,0.5202617176511437,0.742670009497202,0.453339855985941,0.2369111066849453,0.4544593217909325,0.0
72616L,18,0.7140694177450776,0.7357784484002428,0.3711829972644872,0.2244194304315087,0.3548694835295098,0.1111111111111111
72618,0,,,,,,
72620,0,,,,,,
72621L,12,0.3158219943329416,0.6121323677600979,0.3168314930005712,0.3918791738135425,0.5293566053910267,0.0
72623,13,0.2148906308169149,0.5317792313536521,0.3827718356894353,0.3022085727240527,0.5092163111412372,0.1538461538461538
72624L,1,0.0,0.361517133664071,,1.0,0.4337679306976235,0.0
72625L,0,,,,,,
72627L,0,,,,,,
72628,7,0.3853828240947266,0.6142827786908873,0.2612824261163803,0.2618661239446181,0.3669349745223239,0.2857142857142857
72631,6,0.3337324871849162,0.4934364772112564,0.3168314930005712,0.5094006805223263,0.6278383990415525,0.0
72634,0,,,,,,
72635,0,,,,,,
72807,0,,,,,,
72808L,1,0.7085559222436767,0.5784830706504469,,0.286328378625867,0.4477410714386188,0.0
72813L,1,,,,0.0,0.3273213129543523,0.0
72820L,0,,,,,,
72823L,2,0.476613979549927,0.0827129486973821,0.1648508567221603,0.5931515565590136,0.3500686927059551,0.0
72904L,1,0.4432028425809968,0.1959845386880895,-0.0,0.5505612638036093,0.8897998553022146,0.0
72917L,1,,,,0.7248353239122957,0.0536014387573692,0.0
72918,0,,,,,,
72919L,0,,,,,,
72925L,0,,,,,,
72928L,0,,,,,,
72930L,0,,,,,,
72932L,17,0.345933217336812,0.4229146779824351,0.4599170912048114,0.5148431746392818,0.6457067117791454,0.2352941176470588
73101L,0,,,,,,
73201L,0,,,,,,
74105L,0,,,,,,
74106L,2,0.5574160254644509,0.7236619128768307,-0.0,0.5352106989235696,0.5459170458199983,0.0
74108L,8,0.5193339556062161,0.6884260939586286,-0.0,0.4161527831012033,0.4021501569024405,0.0
74122,0,,,,,,
75107L,34,0.3990024693118792,0.4756902851095583,0.4514527840913712,0.3705348632698494,0.5315522741894501,0.1176470588235294
75302L,0,,,,,,
75312,3,0.5235478979607828,0.55069724220805,-0.0,0.6932312197475081,0.6960828101363987,0.0
75313,4,,,0.1648508567221603,0.1791377920002954,0.1161388266815408,1.0
75314,8,0.3970940476577416,0.4706449516618631,0.3255701390458603,0.6248957254019392,0.8520762700693055,0.0
75315L,21,0.5192579572255975,0.639215637590959,0.3654779572590511,0.5135545277014847,0.7227218343607533,0.0952380952380952
75334L,0,,,,,,
75337L,1,,,,0.4245963343468129,0.445172925455831,0.0
75347L,1,,,,0.3392652531018861,0.7690747765889276,0.0
75401,5,0.5811976312567952,0.682640715871121,0.2612824261163803,0.6418083565004167,0.5686316807553173,0.0
75402L,34,0.4247268860198919,0.6072757292651172,0.3842944560614363,0.3729307252791272,0.4357283328374458,0.1764705882352941
75407,21,0.5645905259723182,0.6647819525850794,0.3685943744688496,0.3726020117792362,0.5401906168059496,0.0
75409,5,0.5044762804090214,0.7451632655495812,0.2612824261163803,0.3042136810630113,0.4816175159451429,0.0
75410,11,0.6453152772660923,0.6868571361206244,0.3168314930005712,0.2202275325809559,0.445041411876362,0.0
75411,6,0.6408297389120313,0.6367741915955605,0.2612824261163803,0.1645150792161719,0.4596976934289186,0.3333333333333333
75413,9,0.6600263036231919,0.9050178626014944,0.3168314930005712,0.3300209132857835,0.4913611427636515,0.4444444444444444
75416,4,0.4207283069265778,0.7729838697472253,-0.0,0.3263978678347941,0.3889114178889915,0.0
75417,0,,,,,,
75430L,2,0.7963775315142183,0.9763524864320028,0.1648508567221603,0.1865120829720791,0.4967769424419365,0.0
75438,0,,,,,,
75440L,0,,,,,,
75442L,1,,,,0.0927532406165425,0.0916180879513947,0.0
75446,0,,,,,,
75501L,4,0.0,0.0,-0.0,0.1372941896180151,0.3170775160474006,0.0
75504,5,0.0,0.7004648281387,-0.0,0.1718537984689827,0.2869530624601822,0.0
75506,13,0.376043004952684,0.3525698449239173,0.2472762850832405,0.2332575930781722,0.3273451742638177,0.3076923076923077
75507L,0,,,,,,
75511L,7,0.6588613232246495,0.5734293681540603,0.2612824261163803,0.2723069132733338,0.3719616235399334,0.5714285714285714
75513,20,0.4110435365401355,0.4810199187904985,0.5087377576260383,0.4694454396775229,0.616924448553684,0.1
75514,4,0.8198875057917304,0.5743447557760474,-0.0,0.171347657552659,0.5370965162482266,0.0
75515L,2,0.5599628753630926,0.3832728461466286,,0.056286966580249,0.1986495772207276,0.0
75519L,2,1.0,0.7162298371840317,-0.0,0.6543338607754615,0.2838281394708378,0.0
75523L,1,0.7720408507770842,0.9337869620096072,-0.0,0.2823778656052685,0.3653379621483777,0.0
75526,0,,,,,,
75601L,1,,,-0.0,0.5431117249647666,0.6345773026903508,0.0
75603,22,0.4228323245526281,0.5596200364995669,0.4303558951025969,0.4266706704355136,0.6395030636966468,0.4545454545454545
75604,0,,,,,,
75610L,1,,,-0.0,0.3168550701486733,0.3902215870753761,0.0
75612L,7,0.3614259756456551,0.7966313833152227,0.1648508567221603,0.316446337416239,0.57720413493492,0.2857142857142857
75614L,2,,,,0.4720024905939942,0.650462831103568,0.0
75617L,34,0.5816860412382603,0.5100086227995557,0.4394853483431869,0.3614703676390375,0.5280510419427078,0.1764705882352941
75618L,11,0.745896893566642,0.7084261577065925,0.2472762850832405,0.1789868657316551,0.5088071297122627,0.0
75620,0,,,,,,
75625,5,0.6431340760180734,0.6121807774848431,0.2612824261163803,0.1337975317396434,0.4754894751585574,0.4
75626,0,,,,,,
75627,0,,,,,,
75628,0,,,,,,
75706L,2,0.4145787078449794,0.6493861988318257,,0.3898318197655467,0.3250403140027106,0.0
75708,14,0.5873223718779649,0.4870308595249802,0.3168314930005712,0.3463327643079676,0.4029399792069627,0.1428571428571428
75710,0,,,,,,
75711,2,0.5328667027223206,0.0,-0.0,0.2048725625344797,0.6369759722228305,0.0
75712,0,,,,,,
75713,0,,,,,,
75714L,9,0.5149598209082077,0.8563950994234342,0.1648508567221603,0.2154072639227422,0.3785685915986499,0.4444444444444444
75716,7,0.2431458276617132,0.5036571969574841,0.3168314930005712,0.2343836507099738,0.5049968818454843,0.2857142857142857
75717L,0,,,,,,
75719,7,0.6960188833781153,0.7517011075360276,0.2612824261163803,0.2616094542969795,0.335413428282795,0.0
75720,12,0.4856947528650824,0.8282383038890337,0.4156946192466096,0.2982439531340031,0.462778198224446,0.5
75721,5,0.7452072595169558,0.6964519167453429,0.1648508567221603,0.1542156984303486,0.3634621324986997,0.0
75722,41,0.5496984415856632,0.6276036858338909,0.5313909981198927,0.3207015731359029,0.4748361133732732,0.1463414634146341
75723,3,0.7394572997860066,0.7950548824106894,0.1648508567221603,0.6794550717782414,0.7953308460896978,0.0
75724,3,0.6061048535605033,0.5736171399739551,0.1648508567221603,0.3937447088526155,0.3763808935809276,0.6666666666666666
75725,6,0.1296852770220576,0.4742684783562826,0.1648508567221603,0.2206746146168736,0.4125232172256157,0.0
75726,2,,,,0.0,0.5644222088835609,0.0
75727,8,0.6360032353654085,0.5194363828084048,0.3168314930005712,0.3251564289264493,0.5531381580393999,0.5
75728,1,0.1344047607536075,0.2296165579847968,-0.0,0.3553104136778552,0.5109709721377981,0.0
75730L,1,,,,0.4720024905939944,0.3881479516647929,0.0
75731,0,,,,,,
75732L,2,0.9973685390196546,0.560156247635249,,0.2507737614404808,0.4261646008588182,0.0
75733,2,0.353948830929244,0.7761368715562915,,0.5312601859029712,0.5321360104871641,1.0
75736,6,0.462043334184511,0.7193828389930979,0.1648508567221603,0.1797363545791742,0.2505017611397884,0.3333333333333333
75737,2,0.6015601778815624,0.0,-0.0,0.9171578602321616,0.6581125227096832,0.0
75738L,1,,,-0.0,1.0,0.6618678258617757,0.0
75739,4,0.7121937859979581,0.5620480487206887,0.2612824261163803,0.4716638751922289,0.5907088049953875,0.5
75740,2,0.1444811453890195,0.4753624966584051,-0.0,0.8447708989579072,0.7188370790477328,0.0
75741,1,,,,0.3771901780996314,0.5934378573125303,0.0
75802L,86,0.4901663315762061,0.614630417351887,0.5279037989936156,0.4133909319671738,0.6488175511487687,0.0697674418604651
75804,12,0.5181164717962917,0.6912310371264343,0.362203662761896,0.2538832814762289,0.5934093144595705,0.5
75805,12,0.6701525622345793,0.9755116859495848,0.2472762850832405,0.3598951215979593,0.4447755670209535,0.0
75807,21,0.589490375687159,0.4911622620492598,0.3393972336525825,0.2303125176411713,0.429878203927856,0.1904761904761904
75810L,13,0.5309923489949859,0.4187604251286716,0.3965716603728385,0.2813097981310525,0.5257687888494845,0.1538461538461538
75816L,34,0.546777975185524,0.556897875104077,0.4309472182204825,0.3200912119996985,0.5101955633344814,0.1176470588235294
75824,10,0.3146610755736648,0.5021213080871221,0.3965716603728385,0.2823740620163167,0.4066018602023464,0.6
75901L,9,0.553767526218973,0.4958248397567185,0.3168314930005712,0.3735490455023289,0.4601424512499286,0.2222222222222222
75909,0,,,,,,
75910,0,,,,,,
75911L,3,0.7217557740823713,0.8486559131648168,-0.0,0.193585382475627,0.0495282263437235,0.0
75913,0,,,,,,
75914L,0,,,,,,
75916,8,0.75947773161846,0.8232696118344668,0.1648508567221603,0.2265696285129578,0.5201897124761364,0.0
75917,6,0.3729996591713498,0.525380492388194,0.1648508567221603,0.3672355250469171,0.435703144730393,0.0
75918,0,,,,,,
75919L,13,0.6549301520083777,0.5223202259264532,0.3711829972644872,0.3161963628202068,0.3956895034372245,0.1538461538461538
75921,0,,,,,,
75923,1,,,-0.0,0.3672099346791723,0.5708079466607181,0.0
75927,2,0.7698033511357197,1.0,,0.0114855441928027,0.3588208222865449,0.0
75929L,0,,,,,,
75932L,1,0.8319924069891058,0.7554523158527044,-0.0,0.930771744598976,0.8311092631489596,0.0
75938,0,,,,,,
75939,4,0.1140125471575281,0.8013608860288222,,0.160599453843028,0.2494217426967767,0.5
75940L,0,,,,,,
75943,17,0.362010518547286,0.514930377936454,0.2260023800196072,0.3024880928072141,0.3433890736647122,0.0
75944,0,,,,,,
75945,11,0.3982938524125993,0.5916074406806855,0.2472762850832405,0.2906648982061184,0.4296850550479162,0.1818181818181818
75947,3,0.3063542995561402,0.1867620083965705,-0.0,0.4895603262410983,0.6077997025636066,0.0
81101L,4,1.0,0.0,0.1648508567221603,0.4673747467698648,0.5067870518995765,0.0
81201L,5,0.0638688106432799,0.614072578570283,-0.0,0.3495365869554421,0.2685855899495827,0.0
82001L,0,,,,,,
82006L,0,,,,,,
82009,0,,,,,,
82010L,0,,,,,,
82101L,6,0.1221552291701348,0.3189516092416757,0.1513818549682734,0.7054050617363918,0.5461463648565587,0.0
82201L,0,,,,,,
82209,0,,,,,,
82210L,0,,,,,,
82214L,1,,,-0.0,0.3013403281041414,0.1691720523072067,0.0
82301L,0,,,,,,
82304L,1,0.0851571467709299,0.58065075939418,-0.0,0.9533573078730678,0.3969210245557218,0.0
82502,4,0.4236191767598619,0.7279010293643657,0.2612824261163803,0.4579856392763963,0.7312327897372306,0.0
82503L,0,,,,,,
82601L,72,0.4306399278127184,0.6154575443740542,0.5577821573957404,0.4138022087276004,0.4961567014831397,0.0555555555555555
82602L,34,0.2950184909211319,0.7049355077839204,0.4476239325730883,0.4259042705751917,0.4926215651493126,0.0588235294117647
82701L,1,,,,0.0,0.2170730302916785,0.0
82901L,0,,,,,,
82907L,3,0.1232406971777965,0.0,0.2612824261163803,0.8384596031714128,0.6648719267572065,0.0
83102,1,0.6580282416240979,0.847304626675217,,0.106297856687166,0.494051474419578,1.0
83105L,0,,,,,,
83106,0,,,,,,
83108L,0,,,,,,
83110L,0,,,,,,
83112,0,,,,,,
83113L,0,,,,,,
83121,0,,,,,,
83122,0,,,,,,
83125L,1,1.0,1.0,,0.3115508848343032,0.4873634305403894,0.0
83126,0,,,,,,
83201L,27,0.5049761560839208,0.5435302265574415,0.5496472858811421,0.4518813382775644,0.549868653943347,0.0
83208L,0,,,,,,
83304L,14,0.6388554953383142,0.6795403615876235,0.4492978048006894,0.2929216452605112,0.421540165517581,0.2857142857142857
83305L,0,,,,,,
83312,4,0.1989091057785597,0.353004028779592,-0.0,0.2809413154159597,0.2956983729429584,0.0
83313,10,0.7101736553698771,0.2763860848192805,0.3685943744688496,0.3160362365407673,0.4068521430682532,0.2
83501,2,,,-0.0,0.4472688438563344,0.3702966555215114,1.0
83502L,2,0.9150330094684328,0.6752408136661695,,0.2254904781086507,0.1418000648875082,0.0
83601L,5,,,0.1513818549682734,0.2453559150122314,0.5162097499498096,0.0
83609L,0,,,,,,
83613,12,0.4524721501613887,0.6347641529422807,0.3168314930005712,0.1822915628990925,0.4592502670250304,0.3333333333333333
83614L,8,0.5978704259197488,0.4624131915541931,0.1648508567221603,0.2120483377517196,0.3443162558012867,0.0
83616L,36,0.5719005031732166,0.5958158610156628,0.4990013727659779,0.3178999587992377,0.4533351409022788,0.1111111111111111
83618,17,0.4480285148728884,0.6177886164166826,0.4707132474575525,0.2458590364926724,0.540252766984658,0.5882352941176471
83619,0,,,,,,
83620,3,1.0,1.0,-0.0,0.0383239501105194,0.5425377881138626,0.0
83622L,1,0.2120000724760862,0.82027889688322,-0.0,0.6379240374591291,0.6769387117922643,0.0
83624,2,0.9050254868012516,1.0,,0.1638624749873149,0.601991603381186,1.0
83701L,8,0.3073676620973647,0.4748116083453281,0.2508911503117071,0.242682546003082,0.4286632579721806,0.5
83705L,5,0.9761234089055232,0.4561071879360605,-0.0,0.2504125716785975,0.4544473167976702,0.0
83709,2,0.5359243340843846,0.5270497286400526,,0.1506940982519866,0.1676513863394454,0.0
83710,3,0.5629345035469283,0.6812315171033955,-0.0,0.233654871684554,0.4158684250354366,0.0
83711,15,0.7191701234552123,0.7040457373361395,0.3393972336525825,0.3112674364128379,0.4661860059034273,0.1333333333333333
83712,29,0.6281427972096237,0.631166352663721,0.5140503317485278,0.2718443084042374,0.4891962860435113,0.2068965517241379
83713L,5,1.0,0.2432795658240841,0.1648508567221603,0.1542335683885826,0.3300347251671913,0.8
83715,11,0.5219418908137982,0.6630667233478301,0.3711829972644872,0.3732501015547673,0.4073232136180176,0.3636363636363636
83801,9,0.4731814057653121,0.8094686049664213,0.3297017134443207,0.3342863525648145,0.5089737596346787,0.2222222222222222
83802L,1,,,,0.0,0.0,0.0
83804,0,,,,,,
83805,21,0.2738374161754333,0.617431642702304,0.473946213076211,0.2770513056116441,0.5277319906788389,0.0
83806L,17,0.376422863912412,0.6393107220603541,0.4867748294501999,0.5557945651091858,0.5692939231053131,0.2352941176470588
83808,3,0.835270597727393,0.4797547015040578,,0.3771901780996314,0.3133818749165428,0.0
83809,18,0.6330675217184126,0.6931770127955119,0.4818972054344328,0.3897686202582292,0.3988655051745849,0.2222222222222222
83810L,10,0.5097425213465192,0.6463144107057202,0.3553589461922984,0.7165555151929776,0.7151514994332381,0.2
83813L,5,0.7388361966313278,0.4395539284384624,,0.2937553431045921,0.1811346245869265,0.0
83901L,1,,,,0.8512517405714461,0.1828580460170556,0.0
83905L,2,,,-0.0,0.5194086468411759,0.171453051258848,0.0
91101L,17,0.4706630454529846,0.6586603731184931,0.1519806362784108,0.4139031728286739,0.4370402803566847,0.7058823529411765
91208L,3,0.0681759230448073,0.9243279565824084,0.2612824261163803,0.8582748748302876,0.7879439552803936,0.0
91211L,0,,,,,,
91217,27,0.5441786395604625,0.6801136346438175,0.3410424974990724,0.3695516087213447,0.4856338118616203,0.2222222222222222
92001L,0,,,,,,
92004,84,0.5694157581594597,0.7116402748220256,0.4524998929214704,0.2804393973995712,0.4988278794778858,0.1666666666666666
92005,0,,,,,,
92006L,2,0.7534612163834715,0.5301420957989446,-0.0,0.568440157016832,0.5750125409962848,0.0
92010,0,,,,,,
92011L,5,0.3821583049700989,0.4747296048708584,0.1648508567221603,0.3781419619316208,0.5792111286454116,0.0
92013,0,,,,,,
93101L,4,0.6221938509124811,1.0,0.2612824261163803,0.9105094358804228,0.78019464647818,0.0
93116L,1,0.2112575663129808,0.451968873061661,-0.0,0.922887710011631,0.9051743807035384,0.0
93201,1,0.091181184266912,0.0,,0.2823778656052685,0.2512880145663013,0.0
93202L,16,0.4992429486126415,0.6037174568394547,0.4362677932322495,0.3338748870826553,0.510634546511002,0.0
94401L,34,0.5207324799313683,0.5338333885023945,0.2732803086892609,0.4010006704340176,0.4378608537021456,0.0588235294117647
94411,1,1.0,0.9054099457280104,-0.0,0.9565987544540716,0.9786732358119876,0.0
95001L,101,0.5535362623887321,0.6116073252808192,0.5693371089052965,0.4277522725299199,0.5732534244230507,0.1188118811881188
95006L,14,0.5204037780442449,0.3213163605984755,0.453339855985941,0.3680153131660783,0.4546609242130133,0.2857142857142857
95014L,0,,,,,,
95028,44,0.525676003708925,0.585983167183432,0.625921380364844,0.4622229066861133,0.5239455489747835,0.1818181818181818
96101L,1,,,-0.0,0.2823778656052685,0.3197179831155472,0.0
96201,22,0.2778794697758601,0.5732954781248336,0.472559340264602,0.4727870366979696,0.5441080805561793,0.0
96202L,1,,,-0.0,0.0548283156187971,0.5295698866665677,0.0
97101L,3,0.3441033668717215,0.7062978814854727,0.2612824261163803,0.4939198879095127,0.7542494603893009,0.0
97106L,20,0.4997549548666151,0.7237404760448307,0.5178700761781011,0.5265993732837526,0.5604590801507714,0.0
97107,7,0.3178741762477202,0.5312899724522453,0.3711829972644872,0.3245228138413435,0.538573227597404,0.2857142857142857
97501,3,0.3172474347110362,0.604613573143084,0.2612824261163803,0.3781340110746882,0.6028679538464379,0.0
97502L,12,0.457568163965444,0.0868798036743636,0.4492978048006893,0.5852670888844848,0.6777903861408107,0.0
97601L,21,0.4810188593934275,0.718533953890657,0.3827718356894353,0.2613938992649775,0.4048203215825053,0.0
97602L,0,,,,,,
97608L,1,,,-0.0,0.5245139252062567,0.9148832480361666,0.0
