lsbg,restaurant_n,nutrition_score,carbon_score,diversity_score,sustainability_score,hygiene_score,practice_score
11101L,0,,,,,,
11103,0,,,,,,
11104,14,0.1548936113581427,0.4917682435971281,0.3468313511762913,0.8508723999910444,0.8261267773791355,0.0
11105L,19,0.473597238063777,0.6168496455482684,0.5310006412574492,0.6500318137794681,0.6585551839425827,0.2105263157894736
11107L,30,0.5077520989630292,0.6352945328894486,0.4825928424477388,0.4456119003512498,0.5463731739610689,0.0
11109L,21,0.4170253735599026,0.6797500699298709,0.6004115282983588,0.5013381962938193,0.6276468962366577,0.0
11111,3,0.2891533515643419,0.5333557322581852,-0.0,0.3250264147738799,0.3763934283571908,0.0
11112L,7,0.4753199542934646,0.6615321101484899,0.3711829972644872,0.3619503818189267,0.679742650499124,0.0
11114L,7,0.2529649440612679,0.7092833800734324,0.3711829972644872,0.5062065418153338,0.5439352697873461,0.0
11116L,14,0.7084048975625058,0.523266126469173,0.47363970250103,0.3597502811646744,0.4380934822068684,0.4285714285714285
11118L,1,,,,1.0,0.7355616381455794,0.0
11121,16,0.3872305813554093,0.5345170139103977,0.4120773804507442,0.6155688885610184,0.4628325480575004,0.0
11122,24,0.4215269591414574,0.1359221764034679,0.550136214016207,0.5623340687817847,0.5325856803978596,0.3333333333333333
11123,11,0.593644191539463,0.6409809597987094,0.4362677932322495,0.4211006714011602,0.5218817941798264,0.0
11124,3,,,,0.3617933068398631,0.0,0.0
11125,4,0.3497978446434185,0.4928922090418343,0.3297017134443207,0.4082675471950059,0.6977935593501303,0.5
11126,7,0.6645708893778035,0.6912310371264343,0.3037164366253038,0.723987001319797,0.6909750876130327,0.0
11127L,12,0.5179081488527388,0.3905134895867345,-0.0,0.3535391638080623,0.2927304332474507,0.3333333333333333
11129L,0,,,,,,
11135L,2,,,-0.0,0.570200957106013,0.7456402278357533,0.0
11139,0,,,,,,
11144L,0,,,,,,
11150,1,0.1220543666394598,0.4762575340045654,-0.0,1.0,1.0,0.0
11201L,10,0.6038841341869773,0.5838566048089848,0.3141462320117583,0.6906384425008943,0.6668441001869706,0.2
11202,5,0.3366983363165165,0.6089065063754282,0.1337398938570355,0.6301221615486456,0.5766625534360907,0.0
11203,4,0.555251135115838,0.6452872964800395,0.2612824261163803,0.570200957106013,0.5881426811747911,0.0
11204L,19,0.3475258280393428,0.508323150038348,0.5307419955783057,0.7436049183577876,0.8323042143195574,0.0
11205,3,0.4929038135976366,0.7434349412888074,0.2612824261163803,0.6923362654916397,0.6362294294251781,0.0
11206,15,0.4819397206606882,0.8199853415423759,0.4390856565370173,0.5697439843808648,0.6540514600517852,0.1333333333333333
11208,23,0.4691295363904039,0.5268714031279005,0.5234217690218059,0.3354163577216073,0.3143040977674043,0.0869565217391304
11209,32,0.4783387217673606,0.6411431793258658,0.6321968537412412,0.5005656873340076,0.596925289208678,0.1875
11213L,17,0.4740878955061706,0.550345606318563,0.524556384658117,0.6597762174282225,0.7410513828138012,0.0
11217L,14,0.6841462428424818,0.5594143648566452,0.3168314930005712,0.2775242628172972,0.2832697481647593,0.0
11220L,12,0.0829219517030499,0.0826378330660485,0.4816823497227316,0.4801118469896421,0.398699481527392,0.1666666666666666
11221L,40,0.2992451449211477,0.4936946622049524,0.5083369001972307,0.5195181387446284,0.6235052420090156,0.05
11223,1,0.4079084820472964,0.4956323177568562,-0.0,0.5956707242822937,0.82847992319907,0.0
11224,10,0.4418067149976014,0.803952394365041,0.3711829972644872,0.3531011416623758,0.6463618801887776,0.2
11225L,7,0.3825618919052315,0.4290190910753128,0.2954920697803505,0.6150562441482492,0.8786176171595625,0.0
11226L,6,0.393951737167039,0.5459677394944505,0.3827718356894354,0.728414811647441,0.6995630240171997,0.0
11228,7,0.3033529162548448,0.7527216844373833,0.2260023800196072,0.4104959230257184,0.7061647308129768,0.5714285714285714
11231,5,0.0,0.5469136400371704,0.3297017134443207,0.5455011004405259,0.5408172608468872,0.0
11232,5,0.5241089262795173,0.6964760572330815,0.3168314930005712,0.619858761067499,0.854668496346087,0.0
11233L,19,0.5414963539535926,0.7028362034488801,0.4990013727659778,0.5950620286430831,0.6438491904204258,0.1052631578947368
11235L,23,0.4109572810504846,0.7309654455353791,0.4264506768322996,0.5790775807681058,0.6152028272929473,0.0
11237,14,0.6308791793572303,0.7011235031741556,0.4536084256255674,0.5909227559869801,0.6303146987700975,0.1428571428571428
11238,5,0.2182277399233631,0.514128051583254,0.160062037330743,0.5900692355374407,0.9393330046311046,0.0
11239,7,0.4077230741781522,0.5359266414255778,0.4156946192466096,0.6533712032105912,0.7502762742566651,0.0
11241L,2,0.6736898956985672,0.6833722393842878,-0.0,0.950709917507828,0.8580322650395351,1.0
11244,21,0.4612644832332656,0.5926394988309787,0.5234217690218058,0.5676702148579096,0.6757935453033225,0.0952380952380952
11245,8,0.3225816204444665,0.562592658124073,0.3711829972644872,0.5160400822619406,0.527822414915927,0.0
11302,2,0.5433215630447794,1.0,,0.5826168551707509,1.0,0.0
11303L,63,0.4789965821397907,0.6331595975908152,0.5699114063967317,0.6385975765605036,0.756530025095307,0.1269841269841269
11305,7,0.3425292039336939,0.6110616451566833,0.4156946192466096,0.8091239074427395,0.8313068440444698,0.0
11306L,44,0.4662978721872372,0.5539809782384679,0.5160518518137318,0.5141313967283403,0.5149256883134563,0.0909090909090909
11309L,19,0.3897329669177496,0.6404848076134524,0.3983620598231512,0.6203053314983686,0.7017764875883661,0.2105263157894736
11310L,44,0.3169507066691627,0.575973578430844,0.5208454045233276,0.6951974271146909,0.762823800035962,0.0909090909090909
11315L,26,0.4890390771704608,0.6158750274871923,0.4829831209043929,0.5513555416159053,0.6956220401624454,0.2307692307692307
11318L,30,0.4215826600547707,0.5495527362132999,0.554828072981779,0.753129528009728,0.731327037137353,0.2666666666666666
11320L,20,0.7255189510611444,0.6743963890437414,0.4118102237192997,0.7086172142417769,0.6788601513165624,0.1
11321,14,0.5336812385532791,0.5545804128571107,0.3078810469699462,0.7593561658091329,0.8672869412917388,0.0
11323,6,0.5476386772848764,0.6664252779959228,0.3711829972644872,0.6848912478151333,0.8588431424660157,0.0
11403L,320,0.4579694582038419,0.6285014155263077,0.589273311528102,0.5995099538146866,0.707931373993076,0.18125
11419L,150,0.3969435186567029,0.5791519438652443,0.5760028121854356,0.7559094648368607,0.8680017316547655,0.0533333333333333
11427,3,0.2725635386665428,0.8093129420619821,0.1513818549682734,0.8906529582319512,0.7615828686986591,0.6666666666666666
11428,5,0.4301923455546024,0.5148257831649032,0.3168314930005712,0.7719179143311231,0.8944411779886647,0.0
11501L,10,0.542732208989915,0.596272450175463,0.3508166814030639,0.5091359336302954,0.6703910825292153,0.0
11601L,6,0.6009873845798027,0.7733285298640058,0.3297017134443207,0.5243823576489678,0.5282692336561419,0.3333333333333333
11602,7,0.4585412404577365,0.451078979787918,0.1513818549682734,0.2967192785848423,0.2124874670628848,0.0
11603,16,0.531383000058813,0.7068040033431702,0.4261332828385408,0.5272889889463642,0.5575343389539813,0.25
11604L,15,0.1057855046239065,0.4343450928587478,0.4432381046705258,0.7264380791047801,0.6938187838061676,0.0
11606,6,0.3105841146809294,0.0059035724843773,0.3168314930005712,0.8390823441401767,0.5704582762830134,0.3333333333333333
12102L,746,0.412977004579395,0.5913366861541007,0.6076544827793601,0.6471225657574746,0.7482825122831136,0.1206434316353887
12201L,70,0.4030215675274818,0.6381830532081332,0.6341633018741887,0.6958757072402909,0.8047732770127936,0.0285714285714285
12222L,334,0.4287360102999953,0.583674233423981,0.5553430716116983,0.6480926236117313,0.7682826665765455,0.2035928143712574
13101L,73,0.4795521127817687,0.5707959398787916,0.6290408145062614,0.5699721544107154,0.5950980274485483,0.0821917808219178
13108,23,0.7066786729919725,0.6475181939864543,0.4863449864132499,0.3206023271062241,0.4597057886337242,0.3478260869565217
13109L,23,0.4233307760272654,0.4994500674699155,0.5027047867324993,0.6478241730519195,0.7394932388842953,0.0
13110L,42,0.4767625846885928,0.5214414956795628,0.5784425251713732,0.5567932437699024,0.6810463442321196,0.1428571428571428
13112L,33,0.4520993627248428,0.6403286322947501,0.5653189333426082,0.4707131857952809,0.5936752167893945,0.1212121212121212
13115L,37,0.4534937522855073,0.609691428706731,0.5428338730201785,0.5393627138078673,0.6759205766825602,0.0
13117L,24,0.4665402098042342,0.7407746916946948,0.4536084256255674,0.4143322444016212,0.3989223956446065,0.0833333333333333
13121,26,0.544553360378653,0.5441762225635849,0.5806989443342708,0.5420644676163793,0.6302615993496056,0.0
13123L,28,0.4206970407687362,0.5630217698676063,0.5395245972451059,0.5218555419669259,0.7063390260453496,0.0
13125L,64,0.4134972756518016,0.6544667101962715,0.5789834817891908,0.6904022470162774,0.7690412317996713,0.0
13128L,99,0.457302114231225,0.5849000023711726,0.5695898736869692,0.6368880351291747,0.7532783688924438,0.1616161616161616
13131L,29,0.4020127099813745,0.4711587580791777,0.4367554427843427,0.4434804811480308,0.6030397380880546,0.0
13134L,23,0.3317079501899435,0.6399916749409841,0.4242531195096019,0.478777259093492,0.6403505961066216,0.0869565217391304
13144L,25,0.3803032091708653,0.7056307726816597,0.549771425380161,0.7026297324997552,0.804439673402315,0.08
13151L,9,0.3090134876373253,0.5161893890754908,0.4126642810846537,0.7500595465239553,0.8628833623913864,0.2222222222222222
13159L,7,0.3886424567722604,0.4426605625738659,0.3827718356894354,0.5691186147178643,0.5890090937492103,0.2857142857142857
13163L,15,0.6263794775718602,0.708384240709298,0.4120773804507442,0.6730019589468829,0.8035872006942455,0.0
13201L,86,0.3655081776063799,0.2998057566283516,0.5519999200941569,0.4869488488438147,0.5650941300380226,0.1627906976744186
13207,22,0.5455376027607055,0.6832153206732337,0.4627948640243698,0.4836438471184926,0.6441101476095815,0.1818181818181818
13208L,35,0.2324117678237816,0.2239025247483593,0.4432381046705257,0.4894147661951201,0.4789341126545364,0.0
13210L,283,0.3214558064847271,0.4848127396724984,0.5676504453348737,0.7036540555222438,0.7792928406408617,0.0918727915194346
13212L,60,0.349897735478691,0.5983329967881555,0.501370147953358,0.4702356124512395,0.7242728127048614,0.1
13217L,27,0.3469367164512489,0.4360932959123493,0.4453626401189055,0.5267332143453387,0.6137707973630036,0.074074074074074
13223L,20,0.3371559657954591,0.4723393083605131,0.3631366869085796,0.7021322345521365,0.7682679487369592,0.0
13233,11,0.5138255183850905,0.6449347335504803,0.453339855985941,0.6961561664950051,0.7004325106755339,0.1818181818181818
13236,20,0.3962245665849703,0.4066298497199332,0.4061032110314884,0.5298973181288893,0.7308902777705382,0.0
13304L,67,0.3197064445451371,0.5112035437818488,0.5140446849210225,0.6852127588339609,0.770255941307024,0.0895522388059701
13306L,21,0.3904746124981977,0.6866855715653364,0.4083713449777915,0.5824799304997154,0.7268585817674122,0.0952380952380952
13308L,31,0.5153264286652525,0.3408016729147319,0.4216419160393407,0.5608409622462198,0.6446393393202093,0.0
13310L,33,0.1698409190644375,0.3431422883753073,0.4895063897510999,0.4610464005854575,0.513293159556964,0.0
13312,10,0.3949619918641772,0.5672544760776764,0.4261332828385406,0.6895442646420509,0.7884693699242763,0.0
13314,14,0.3478751997957626,0.5025167830571804,0.4387054282775823,0.5184987908998396,0.5562987487923381,0.4285714285714285
13402L,98,0.3455500146425326,0.5119703603749834,0.550485767438514,0.6610017888577588,0.7628743024356153,0.2448979591836734
14001L,1,0.3002226786032342,0.4293066725589968,-0.0,1.0,1.0,0.0
14002,0,,,,,,
14101L,7,0.0787158509762525,0.4886073604295133,0.2063321405423268,0.6802983765456462,0.7231907928024646,0.2857142857142857
14104L,7,0.9262143547903146,0.9253236413642189,0.2260023800196072,0.4872015073221948,0.7794535876695904,0.2857142857142857
14106L,2,1.0,0.9680758566832036,0.1648508567221603,0.7031075022990041,0.5100388331431371,0.0
14109,3,0.4675844812237296,0.5995687702485779,0.1648508567221603,0.3795236568918239,0.5993693720610885,0.0
14110L,0,,,,,,
14111,3,0.7504033067714321,0.9792031456018434,0.1513818549682734,0.70245211067528,0.5033935058706279,0.0
14112,1,,,-0.0,0.5984189072531452,0.4755862448110513,0.0
14114,0,,,,,,
14115,0,,,,,,
14117L,0,,,,,,
14201,0,,,,,,
14202,0,,,,,,
14203,3,0.2869641179234508,0.5316298786363806,0.2612824261163803,0.4137432765979159,0.5294111358237792,0.6666666666666666
14204L,0,,,,,,
14205,0,,,,,,
14206,1,,,-0.0,0.0927532406165425,0.8215377524766828,0.0
14207,3,,,0.1513818549682734,0.3248587069176777,0.4153520733607774,0.0
14208,10,0.8000350124764948,0.9050946455471038,0.3965716603728385,0.6189086800884642,0.8019731621862762,0.0
14209,9,0.6188813470801626,0.6648809505792372,0.4156946192466096,0.679623550128203,0.7185913664308335,0.2222222222222222
14210,6,0.5081263114775487,0.8696759252252589,0.3711829972644872,0.5964693034247976,0.8681986635707779,0.0
14212,0,,,,,,
14213L,0,,,,,,
14214L,0,,,,,,
14219L,1,,,-0.0,0.541864194537209,0.7831209280279833,0.0
14221,1,1.0,0.9148689511552096,-0.0,0.2634154031063962,0.1002439345616251,0.0
14301L,4,0.5354238150783835,0.6444526783541102,0.1337398938570355,0.8910805472644123,0.9275611754302128,0.0
14303L,2,0.715411816281857,0.7079783643645601,-0.0,0.3762810189387262,0.3293575471783062,0.0
14304,1,0.4568394445272513,0.7699741862022074,-0.0,0.908816358871595,0.9392535912310398,0.0
14308L,0,,,,,,
14311L,0,,,,,,
14313,0,,,,,,
14401L,36,0.3334145409905741,0.594033551695242,0.3788472581421597,0.8551086917932941,0.9130811674381278,0.0
14402L,43,0.4532158559431018,0.0932627910407822,0.4329293994968716,0.5633206894588138,0.7854800638334765,0.0
14406L,4,0.1854666988289067,0.4149022053901802,0.1648508567221603,0.4046665348857899,0.4313705750914396,0.0
14413L,1,,,,0.4720024905939939,0.2740980040827167,0.0
14415L,0,,,,,,
14418,5,0.2522880004506321,0.4764440496045382,0.2508911503117071,0.7260496567077364,0.8922576231074999,0.0
14424L,5,0.4205026400110385,0.6133883100925708,0.3168314930005712,0.8738020874168017,0.8064613551092377,0.0
14430L,15,0.5632923976459637,0.7637574628141377,0.3977996960911246,0.4021333983970239,0.5145689646129042,0.1333333333333333
14432L,6,0.5433079566076365,0.5474811803628024,0.2260023800196072,0.484059871580786,0.6394796204249261,0.3333333333333333
14434L,0,,,,,,
14435L,2,0.1123609351456428,0.4797547015040578,0.1648508567221603,0.5905178812119478,0.816827912048756,1.0
14437L,14,0.7063328589694714,0.7671157830470186,0.4487121783782995,0.5708835623682422,0.7150293901407649,0.1428571428571428
14444,0,,,,,,
14445,0,,,,,,
14446L,9,0.3187278473003997,0.6358282910528406,0.3168314930005712,0.2933896550453884,0.5785218102509191,0.0
14451L,1,0.5143808173884435,0.8070362892851415,-0.0,0.4087942822644193,1.0,0.0
14456L,13,0.4029226686505166,0.5006075089231101,0.4328677837154842,0.8729683344891586,0.99677481001798,0.0
14501L,40,0.6475294794551799,0.6820394108576675,0.5342159439475985,0.5227589230352947,0.6271112114891334,0.05
14521L,20,0.5041642869978443,0.5161500053333045,0.3827976567292496,0.7047997556759966,0.8325392460719695,0.1
14530,0,,,,,,
14531L,1,,,,0.155961448946118,1.0,0.0
14538,2,0.1460141129837647,0.586082521601617,0.1648508567221603,0.8219461167095519,0.8182677889446092,0.0
14601,34,0.4566588177900902,0.5119047596633939,0.5151036724697265,0.6033680657945437,0.6178002041240368,0.1764705882352941
14602L,37,0.4253140213138023,0.4939683806677019,0.5391855788277515,0.8029618404782947,0.8271340065919106,0.054054054054054
14604L,26,0.4168470986887886,0.464093672834204,0.4868446974457583,0.7533045318023684,0.7600162138779666,0.3076923076923077
14607L,179,0.3292034544455033,0.5241838013730156,0.4420876797769444,0.625952688787227,0.7402483969301235,0.0558659217877094
14609,24,0.4357594447172416,0.5649113499759282,0.5485387170353715,0.5909888795707543,0.6971295194090301,0.25
14610L,50,0.3774626083551547,0.5964133440153702,0.570284124050573,0.6360136228966211,0.6992407362532773,0.28
14615L,159,0.3985816411846775,0.5283904084106388,0.6003209706975529,0.5680548360252156,0.6575882764842641,0.10062893081761
14622L,101,0.4680117174129106,0.6371094963712269,0.6080040548879185,0.700044363334482,0.829559131380524,0.0792079207920792
14631,30,0.6315608718637983,0.6644669233118803,0.47561184591044,0.6098848439064664,0.6987588390834191,0.0666666666666666
14632L,49,0.3230419380322515,0.6997862303869058,0.5216700292870384,0.5712571939300913,0.7530389267571528,0.1224489795918367
14635,7,0.4623082763128424,0.8619626496132492,0.3168314930005712,0.4550526207990704,0.3826873244345641,0.0
14801L,2,0.462002723036586,0.8565384176874826,,0.2372291453698576,0.2226293097892666,0.0
14803L,17,0.387450240824073,0.2243824819728438,0.3668929237832374,0.7013604873887235,0.7713111259974326,0.0
14902L,0,,,,,,
14919,0,,,,,,
14920,3,0.0,0.0818595819034064,0.2612824261163803,0.9390409188069668,0.9116160907058596,0.0
15102L,0,,,,,,
15103,1,0.0,1.0,,0.3636455620290079,0.8052449028221005,0.0
15104L,46,0.4220933364796799,0.6077324685512585,0.5433344949219818,0.5845995571706721,0.6889836965021051,0.1304347826086956
15107,11,0.4802220360698731,0.7258707465617535,0.3214941296910895,0.7234611452289404,0.861504918593986,0.0
15108L,26,0.4273926391411305,0.4943533536427559,0.4214670485697041,0.532099686299125,0.6446773545146746,0.0769230769230769
15111,9,0.6734781298925736,0.7518402105570159,0.3827718356894354,0.4351310357350751,0.6453305834623748,0.0
15112L,38,0.631152320241946,0.6229921650393362,0.5522848286454353,0.4714349346235965,0.615296656119231,0.0526315789473684
15115,9,0.4462208101768143,0.5997001453239557,0.3711829972644872,0.3940080582149436,0.5302517841355352,0.2222222222222222
15117L,24,0.3334079366775386,0.5484531589374134,0.4541736089657461,0.7176596195056734,0.7194521739715454,0.0
15119,7,0.7554295192665977,1.0,0.2508911503117071,0.1348920461695928,0.5285106428771961,0.5714285714285714
15121,5,0.4965671757150212,0.5456968642301481,0.3162327116904338,0.9984781805172664,0.957666439095267,0.4
15122L,22,0.451549002914752,0.6113080446874533,0.4433245776767447,0.4631148476285381,0.6114657571191414,0.0909090909090909
15125L,31,0.5329405804066958,0.6270281163524895,0.5342038599290967,0.55647643272233,0.7101650114654615,0.1290322580645161
15127L,38,0.4890320583172748,0.696018744900152,0.5182029295821198,0.45477145874955,0.5426781014597885,0.1052631578947368
15129L,45,0.3104552840955921,0.4650394374335084,0.575642661287338,0.6545624959986788,0.7671824657743704,0.0888888888888888
15135,7,0.6293827204371405,0.5968098936656449,0.2612824261163803,0.5434197450799254,0.3570065269403936,0.5714285714285714
15136L,29,0.3880129202922956,0.5573331319830757,0.5495568207160856,0.7353631802775993,0.7741141361055544,0.2068965517241379
15141,19,0.5205930243597412,0.5563129618730989,0.4214670485697041,0.4642425294435525,0.6146420245572012,0.2105263157894736
15142,0,,,,,,
15201,1,,,,0.0,0.3653379621483777,0.0
15202L,0,,,,,,
15204,1,0.0595902674690453,0.0,-0.0,0.0,0.901372715784136,0.0
15205L,0,,,,,,
15208,7,0.6781566228489045,0.7290452638918495,0.2472762850832405,0.406802781727558,0.5678361692045871,0.0
15303L,63,0.3200331943046808,0.3074714318775237,0.5118856489892458,0.6359421306033676,0.8163477688617913,0.0317460317460317
15307L,38,0.3740815411269603,0.5353068509865424,0.5526024156024549,0.6420737155139852,0.7034150192010663,0.0
15309,7,0.442193694586349,0.7820563781784742,0.4261332828385406,0.4348104215818474,0.5661167248285995,0.5714285714285714
15310,22,0.3932180451847218,0.5866158979518731,0.3099138324052966,0.2659920168697051,0.3495828389070974,0.0909090909090909
15312,8,0.3978562810276309,0.1916084493640777,0.3508166814030639,0.420183983054971,0.5567424322294144,0.0
15315,12,0.7737586524273699,0.921677464436662,0.3711829972644872,0.3391369288467616,0.4876743451977723,0.0
15316,4,0.6277016690429,0.6681465595957703,-0.0,0.2264712951344542,0.1249285381589871,0.0
15317,3,0.928721595744718,0.7769251220085582,0.1648508567221603,0.4467192072621643,0.5882743348652997,0.6666666666666666
15318,13,0.5932036133430669,0.4644626427300863,0.3988371864779316,0.5947688681182968,0.7616745235729929,0.0
15321,3,0.4402825418769092,0.1770665278336916,0.1648508567221603,0.6366645799158825,0.7781269654991183,0.0
15322,3,0.542823535661504,0.7311182791172145,-0.0,0.2920091659531481,0.4931341361343566,0.6666666666666666
15327,14,0.6114962154248288,0.6805511325024918,0.4492978048006894,0.373581026149806,0.5034551705624399,0.1428571428571428
15328L,6,0.5049136863420017,0.5125042768982278,0.3297017134443207,0.4129865684309134,0.6614146274410782,0.0
15329,10,0.4676295018165326,0.6199456326862751,0.3709144276248608,0.4728408040466152,0.6639495943646505,0.4
15331,20,0.595649489842887,0.5491207413035168,0.4707132474575525,0.4446384752339001,0.518890996892986,0.7
15332,5,0.2525102697764195,0.3078918490498739,0.1648508567221603,0.4043038245174945,0.3683151526930184,0.0
15333,4,0.668909007494596,0.4451978016766911,-0.0,0.5996804156126639,0.6615015917085926,0.0
15334,0,,,,,,
15337,0,,,,,,
15338,22,0.5250112363208561,0.6238526518646247,0.5038773196640541,0.4823414408983386,0.5345241110686663,0.0909090909090909
15339,0,,,,,,
15341L,9,0.168522095118476,0.4500639344686834,0.3711829972644872,0.5098147436520268,0.5676141715924832,0.0
15342,0,,,,,,
15343L,2,0.2461825885166811,0.0855506503255417,,0.6006763432649155,0.6928242402054823,0.0
15349,0,,,,,,
15351L,12,0.539178224107056,0.6500107743494179,0.4627948640243697,0.4225156166130576,0.6461438052059881,0.3333333333333333
15353L,5,0.3010637634948266,0.4976856857051828,0.2612824261163803,0.6142223227115269,0.6232608835419219,0.0
15355,4,0.5655091887666879,0.6724819370832364,0.1648508567221603,0.2230218507147917,0.2517643561501251,0.5
15356,12,0.2026738923898411,0.6030229332169854,0.4157420070338674,0.6775869935793853,0.8940502575987985,0.0
15401L,27,0.1588281488935631,0.2002124274775193,0.4520889234691602,0.4820033620942647,0.5687189919485347,0.2222222222222222
15409,14,0.6389345619625937,0.6694413578796574,0.2612824261163803,0.3726939175092671,0.4621510765344704,0.1428571428571428
15411,1,0.2077176239213282,0.4797547015040578,,0.2713851337218639,0.4559167610976206,0.0
15413L,13,0.4971370706295778,0.4041744930906139,0.5103445000233029,0.3140392886172534,0.4708864215820922,0.1538461538461538
15418L,4,0.529948976848924,0.8064056889233282,-0.0,0.2906739429485251,0.2112596510190921,0.5
15501L,43,0.4246571405595901,0.6318227175546027,0.5051181552770387,0.4501054133097916,0.5431100636139911,0.1860465116279069
15502L,53,0.5096195846121205,0.629442193292152,0.5688513447257885,0.5863322018552355,0.6909304754331517,0.0754716981132075
15503L,54,0.40411037990111,0.484461133472713,0.5586054760349083,0.5020042546753363,0.6489819145544273,0.037037037037037
15507,7,0.5722184938045846,0.7878818032950636,0.3711829972644872,0.5871046528996926,0.496807295421534,0.2857142857142857
15508L,10,0.4172072610432681,0.6566241926905794,0.4261332828385406,0.4647249440765431,0.6116527758177465,0.0
15514,5,0.3214266685572247,0.4202545060749032,-0.0,0.2775822863211334,0.6263404407410638,0.0
15515L,4,0.5555969631229485,0.7201064787525557,,0.601142453534552,0.7258947672270405,0.0
15602,32,0.4472559621188073,0.6178067140035968,0.565058337173097,0.4492488790341954,0.4923736365224134,0.1875
15603,2,0.6669842847757252,0.2432795658240841,-0.0,0.3596323424525268,0.3437951942717632,0.0
15604,5,0.763835138270953,0.7526748286829451,0.3297017134443207,0.5466685302161601,0.6409924456983975,0.0
15605L,29,0.5166199122886946,0.5784197961243467,0.4067076960212191,0.5400837892531695,0.6192505818752243,0.5517241379310345
15606,1,,,,0.3094670977465148,0.2056680355334709,0.0
15607,0,,,,,,
15608,1,0.1441390788436854,0.5625209989920488,-0.0,0.6616271155827201,1.0,0.0
15609L,12,0.6671896328930551,0.6045234873771107,0.3297017134443207,0.3251867612152948,0.3095846808678648,0.1666666666666666
15613,0,,,,,,
15614,1,0.5896093530973111,0.6195377817059979,-0.0,0.2954554259493187,0.1152146288304448,1.0
15702,2,0.1129930841281527,0.1592613411471994,0.2612824261163803,0.2942294046670637,0.3998628647588215,0.0
15703,13,0.2064734303317563,0.3322949094781728,0.3255701390458603,0.439593585770503,0.5814009219075214,0.3076923076923077
15704,0,,,,,,
15705L,2,0.2154005041828017,0.4429696803982842,0.1648508567221603,0.4436627577146483,0.604960592313711,1.0
15708,5,0.4509802195584855,0.4901145645909901,0.3297017134443207,0.7511828270782459,0.7208820669051796,0.0
15709,9,0.0905088470107786,0.2648224506845298,0.4492978048006894,0.6013275651109359,0.6564464576988078,0.0
15710L,5,,,0.2472762850832405,0.2962323258343699,0.4177925157074338,0.0
15712L,1,0.2457786036450106,0.6578065683689793,-0.0,1.0,1.0,0.0
15715,2,0.5405931302758814,0.3473286255232726,,0.3635982032315582,0.3964823709111755,1.0
15716,24,0.3445337724338863,0.3980206367511781,0.3333459250682799,0.5156099905641565,0.5851488866066147,0.0
15717L,10,0.4760983683062734,0.6297368112919703,0.4990314226178029,0.7024472846567598,0.7580205385421046,0.4
15719,9,0.7338005382835238,0.6503697471573404,0.4121271418054009,0.3961336104988049,0.6054550402265563,0.0
15720,95,0.4984575994881817,0.5891011580706109,0.5738304546226317,0.5192291046206526,0.6134500180346134,0.1052631578947368
15721,5,0.5946731884399263,0.4983223788241151,-0.0,0.4630614492032397,0.5249350998018889,0.0
15722,0,,,,,,
15723,3,0.5454333891413695,0.8045138878378884,0.2612824261163803,0.4837958003225587,0.6662633280142063,0.6666666666666666
16101,67,0.5530443479053805,0.6824514635977446,0.5316485384422672,0.2955398627534911,0.4331316211600111,0.0895522388059701
16102,8,0.5319189952695069,0.7162298371840317,0.2472762850832405,0.2798245057453754,0.3458574146499968,0.0
16103L,10,0.5432865643284451,0.6617799213274633,0.3685943744688496,0.4077248830316569,0.3255974745861436,0.2
16107L,4,0.647389775459384,0.7543997061431991,-0.0,0.4633540701975492,0.5755204115756488,0.0
16109L,12,0.4572159400211992,0.5580022166963818,0.3162327116904337,0.4191728818418335,0.4668366569637324,0.1666666666666666
16111,5,0.9357654661975782,0.9105694032337556,0.1648508567221603,0.3644081424680527,0.5577114322452933,0.0
16113,14,0.5085877835789238,0.5724243663693427,0.4390856565370173,0.6809608124034032,0.5705131172468961,0.5714285714285714
16114L,8,0.4804972286401076,0.6619377375402458,0.1337398938570355,0.3681818475826368,0.5947428392820547,0.0
16117,8,0.3284370903760049,0.6571110532640382,0.1648508567221603,0.2899609608959388,0.3737726758029844,0.0
16118,61,0.6983376136430083,0.7718364541079087,0.485242781007226,0.4093280993091393,0.5854123364220686,0.0655737704918032
16120L,25,0.5359814597733003,0.590964166488071,0.4536084256255674,0.4643719820001695,0.6237118174486909,0.16
16126L,13,0.4318520020583097,0.5230984985248935,0.2260023800196072,0.4075947250716669,0.5926525152271209,0.1538461538461538
16128L,7,0.4318906047648417,0.5922679401975847,0.4261332828385406,0.3812379943965993,0.4283874779453127,0.0
16129L,8,0.5453406273721472,0.7100609206010757,0.4261332828385406,0.5572519860678634,0.6492958117584589,0.0
16130,6,0.5353757381780139,0.764495018722816,0.3168314930005712,0.4172117751913177,0.6438767012189537,0.3333333333333333
16131L,4,0.3839589456238685,0.0611937113505044,-0.0,0.1749239114449904,0.2775195025101791,0.0
16143L,14,0.4732625179460917,0.6633607532784375,0.4859313285167251,0.3377665560465926,0.2862429021565628,0.0
16145,7,0.6720202017717124,0.7919018806016231,0.1513818549682734,0.2697362239393532,0.2178469406502711,0.2857142857142857
16146,8,0.3749281754348502,0.3354545548806187,0.3168314930005712,0.3974877992005238,0.3890063496708358,0.25
16148L,34,0.4762980691313394,0.469536775873979,0.5614527158029923,0.4081224605438405,0.5198709121118957,0.1764705882352941
16151,0,,,,,,
16152L,4,0.5088135579090896,0.4904749076548834,0.2612824261163803,0.2476373928736433,0.1021291977172888,0.0
16155L,1,,,,0.2823778656052688,0.6390578363453606,0.0
16159L,0,,,,,,
16163,1,0.0958627484542276,1.0,,0.2104512837129931,0.2960090777561205,1.0
16164L,15,0.4920000127708342,0.5639398498061285,0.3214941296910895,0.4416955541081245,0.2643627720592451,0.2666666666666666
16181L,2,0.2599264913688926,0.2686612303870682,0.1648508567221603,0.7944861024327664,0.5752594306754516,0.0
16191,0,,,,,,
16202L,29,0.4057502161575413,0.5645579630320643,0.4416971604585,0.3730793708210866,0.5005897773855512,0.2758620689655172
16305L,23,0.3037171728696742,0.3343031098530314,0.4482780322360823,0.4496234132383762,0.5192809246761043,0.0
16313L,8,0.5379009917583227,0.5350755514267669,0.1513818549682734,0.3955061930133151,0.4730462592519325,0.0
16315,0,,,,,,
16316L,4,1.0,0.6216397829120421,-0.0,0.5790049575519179,0.492533277065401,0.5
16319,20,0.5855856085536776,0.691461256306144,0.4432381046705258,0.2461878884715429,0.4388436217224932,0.4
16321L,9,0.3261281049938527,0.4912700124589088,0.1648508567221603,0.3010651336514545,0.4690843314538199,0.0
16332,5,0.0,0.5743447557760474,-0.0,0.2774275300005664,0.2123019768696529,0.0
16333,23,0.5412791242847769,0.1905604936179472,0.3393972336525825,0.3228411310497986,0.3882519992521643,0.0869565217391304
16336,0,,,,,,
16402L,1,0.8448368616634437,0.5743447557760474,,1.0,0.8671577315095131,0.0
16502,13,0.4968500735743722,0.5721325690229121,0.4859313285167251,0.4697175580187395,0.5012966277329355,0.1538461538461538
16503L,0,,,,,,
16504,12,0.6629703486241375,0.6547463019072384,0.3685943744688496,0.3633041773722036,0.3684976073928519,0.1666666666666666
16508L,0,,,,,,
16523,0,,,,,,
16524,4,0.8383620326265843,0.6374047919573737,,0.1503178589166915,0.6769387117922647,0.0
16526,0,,,,,,
16528,0,,,,,,
16531,0,,,,,,
16532,22,0.4265017397282337,0.595553619507345,0.4091127734966245,0.309218115833452,0.5670604307420675,0.0
16601L,5,,,0.3297017134443207,0.4416625505957982,0.2433805515339442,0.4
16603L,4,,,-0.0,0.2668796991398437,0.0761607690483292,0.5
16605L,0,,,,,,
16701,10,0.2397734773824319,0.0563251056159167,0.3553589461922983,0.2887572593265567,0.3743175934446703,0.6
16702L,14,0.3661977357634557,0.4258246618655061,0.2985907505791959,0.4143922579450975,0.5362839414977807,0.4285714285714285
16704,15,0.6500844587479391,0.6994138275356778,0.2884889992637806,0.2840243928441575,0.5196256340393417,0.0
16705,7,0.3294046100468324,0.4583474786951339,0.1648508567221603,0.4513450341825875,0.7049291276061947,0.0
16706,18,0.5639265315262103,0.5286262295445858,0.4503987339425173,0.3809357645906191,0.3872846213101299,0.2222222222222222
16707,0,,,,,,
16708L,0,,,,,,
17113L,2,0.2487353813543293,0.0,,0.2834656880312301,0.5553385632289524,0.0
17128L,9,0.4802080212466622,0.4691133203984591,0.2954920697803505,0.4099264429831762,0.4391759262409231,0.0
17134L,0,,,,,,
17143L,2,,,0.1648508567221603,0.9325194369951856,0.956768404609716,1.0
17152,16,0.4161398378859976,0.6699000146834653,0.524556384658117,0.6962500351722062,0.6795072760543985,0.25
17154,0,,,,,,
17201L,0,,,,,,
17204,8,0.3571477504096852,0.4845168214777512,0.3297017134443207,0.2648144643762903,0.5860365602023534,0.25
17205L,1,,,,0.2823778656052685,0.8671577315095131,0.0
17206,5,0.4607439632354055,0.19125503597449,-0.0,0.3683410289334907,0.4449448255606668,0.4
17208,14,0.6631770488085572,0.7777133724608247,0.3162327116904338,0.2958383969164616,0.3118105202038422,0.2857142857142857
17210,0,,,,,,
17302L,6,0.4274941397584201,0.8178859937245536,0.2612824261163803,0.560794973723636,0.7775953335193986,0.0
17306L,9,0.7394011700171925,0.5405625935360512,0.2612824261163803,0.2377307978169178,0.4983358904398571,0.0
17312L,7,0.245388454910066,0.6607016499932965,0.3297017134443207,0.3865372445121875,0.4834825518644318,0.2857142857142857
17317,2,,,,0.3582277156007585,0.2604120103728674,0.0
17318L,2,0.3273941334263045,0.4169813018508285,-0.0,0.7053461263440098,0.8002484289280285,0.0
17320,2,,,-0.0,0.0727373079788435,0.1793098254256132,1.0
17321L,16,0.5607710988179582,0.7063625293642917,0.4390856565370173,0.4978768578646328,0.4626689902203994,0.125
17322L,17,0.6162781526217672,0.659070418673958,0.3141462320117583,0.2964103841291256,0.4296472520410314,0.1176470588235294
17326L,7,0.8247610119035241,0.7281780545657566,0.2612824261163803,0.4270196228002643,0.4741297955240627,0.0
17330L,1,,,,0.2823778656052685,0.3653379621483777,0.0
17333L,6,0.5745101418743152,0.7269935330149822,0.3168314930005712,0.4988543444236951,0.5427173111795014,0.0
17336,42,0.3971723166468811,0.5664440107470481,0.4949598696135912,0.4221853105949204,0.4905484675843093,0.6190476190476191
17338L,25,0.4131617599373066,0.4138119208115852,0.524556384658117,0.251330557234285,0.234673507476375,0.24
17344,1,,,,0.2146547852521522,0.4462591154328032,0.0
17376,3,,,-0.0,0.1622822697790755,0.268395506703613,0.0
17379,11,0.5616089886948619,0.7134709606010985,0.3508166814030639,0.4053560954764935,0.6657255540009894,0.0
17402L,3,0.4180934847279416,0.719011897603796,-0.0,0.8603164836264626,0.7992582278327424,0.0
17411,0,,,,,,
17412,14,0.6746865927100665,0.3977766544683337,0.4492978048006894,0.3464382727998922,0.2333684799971833,0.0
17414L,24,0.5999897082283553,0.5442927072833841,0.4818972054344328,0.359277466054005,0.456642524584986,0.3333333333333333
17415,0,,,,,,
17417L,20,0.5192535130364826,0.6068152381994147,0.5360338539866477,0.3017193472604884,0.2733807244477303,0.2
17421,2,0.8774041351710955,1.0,-0.0,0.5288898780906122,0.5957188562641718,0.0
17422L,6,0.5776512734521313,0.7054486051917404,0.2612824261163803,0.4585402177228077,0.4654364420064611,0.0
17423,15,0.3546734449697517,0.764278773567179,0.3908532367417675,0.3874108063232173,0.5515624030233438,0.0
17424L,27,0.4857109748649136,0.6569183698201508,0.2236662875945368,0.4366771551225094,0.447722042530991,0.074074074074074
17439,1,0.3228748977499274,0.0351814464257074,-0.0,0.6123739662349987,0.7070154323493387,0.0
17501L,45,0.4368730411256276,0.6143296167612394,0.4574285103406187,0.4813738281077162,0.530637869603037,0.0444444444444444
17502L,43,0.3728958241539478,0.4481849637802156,0.4520725628556609,0.6808103447579643,0.8054390347844732,0.3720930232558139
17518,0,,,,,,
18101L,33,0.3377433956701007,0.5004514576021362,0.4767479336750039,0.6355680900003106,0.5998714929147648,0.0606060606060606
18206L,0,,,,,,
18301L,0,,,,,,
18405L,0,,,,,,
19002L,3,0.6415903592675842,0.82027889688322,0.1513818549682734,0.9987375600071218,1.0,0.0
19103L,1,,,-0.0,0.8512517405714458,0.7790510137620411,0.0
19106L,4,0.8548183337518832,0.5743447557760474,0.2472762850832405,0.2333555903951149,0.0,0.0
19205,1,,,-0.0,0.5261809548764871,0.5934378573125303,0.0
19206,3,0.4417758363597229,0.9014835661167204,0.3297017134443207,0.9368528556950948,0.870639089782706,0.0
19207L,14,0.4088849790599784,0.658898068960015,0.362620417482739,0.6940417212253893,0.6597542544315217,0.1428571428571428
19215L,0,,,,,,
19218L,0,,,,,,
19219,2,0.9024182337258408,1.0,0.1648508567221603,0.7180630158769836,0.7844344903087475,0.0
19301L,0,,,,,,
19502L,2,0.4535912028963257,0.6984942020080336,0.1648508567221603,0.6755329214152265,0.8537758709932164,0.0
19505L,24,0.4309887904040832,0.6639864614505175,0.5351783072655457,0.5884422634033872,0.6422697760619881,0.0
19513L,0,,,,,,
19519L,18,0.2885280537360517,0.4605213904687533,0.4300066338370973,0.5360433023908043,0.5586971859369662,0.2222222222222222
19603L,0,,,,,,
19606,1,,,,0.3961526405985039,0.0,0.0
19607,0,,,,,,
19702L,18,0.4097733578924971,0.6552310759353824,0.4157629618834991,0.4526664747522184,0.5206911829513585,0.0
21105L,49,0.4365124316447692,0.5976358979972887,0.5140423530872015,0.49133636596863,0.5949767567609683,0.1224489795918367
21107L,33,0.4466801076479856,0.6701917831961708,0.4937423202631411,0.5270890088120276,0.5955387024187323,0.1818181818181818
21108L,57,0.4006682706381754,0.5677967970583725,0.5692509044413767,0.5603427830219699,0.6792347362525905,0.175438596491228
21110,14,0.2242557348444833,0.512396567601076,0.4492978048006894,0.3899346461778002,0.5375101127056322,0.1428571428571428
21111L,7,0.5738772428282126,0.612990722903686,0.3827718356894354,0.4731011059467778,0.6842218957609273,0.0
21112L,27,0.5487804711108731,0.6877973428647386,0.501555640683051,0.669187818383571,0.7692865756400186,0.1481481481481481
21117L,160,0.4399042664877637,0.5523011781337328,0.6074919000270831,0.660552637431572,0.7512400111621876,0.15
21119L,143,0.3849029266840604,0.5089009990805713,0.5422785220373412,0.6771247452643716,0.7223331724101538,0.0839160839160839
21123L,111,0.3968560117000541,0.5714715628421212,0.5991664574208684,0.6149091894739537,0.6932667759528517,0.2162162162162162
21201L,19,0.3426683560305644,0.3860801240731218,0.4919535587025033,0.5095272386319075,0.6366667388097172,0.0
21202L,18,0.5815173925033509,0.6424399918006847,0.3765455891160495,0.6637916386804015,0.7752021653217911,0.1111111111111111
21205L,150,0.3282874633800344,0.5336855271479575,0.5861061665618904,0.7171536591908335,0.7326872060766235,0.1066666666666666
21207L,56,0.3841298290082008,0.4689835576373379,0.5579621279119432,0.6882497000651849,0.7574360273021012,0.0714285714285714
21212L,133,0.4281154742551568,0.5714488853223962,0.5682796336146538,0.6550257327741894,0.747564982456005,0.1203007518796992
21216L,74,0.3759476648050248,0.389079672133359,0.5776955140937844,0.5806932728689912,0.665243828273683,0.081081081081081
21217L,172,0.3442874966323376,0.5406525721548237,0.5736946366995407,0.7081135691775304,0.7593353651951738,0.0930232558139534
21221,39,0.3677739069371751,0.5311306286189175,0.4677214059946885,0.5428590290218364,0.6393710633872126,0.1538461538461538
21303L,1,,,,0.2191696572756931,0.403354611342403,0.0
21304L,12,0.3903415205911202,0.6346427623726316,0.4387054282775823,0.8711936774797613,0.8783357713841622,0.0
21401L,92,0.2789341314481766,0.4544298127627029,0.5927238903447469,0.6707396456509986,0.7589817548227227,0.0217391304347826
21405L,49,0.4664138029181393,0.5286849151478197,0.486501720189413,0.6621816379803797,0.7462198191523454,0.2857142857142857
21406L,99,0.3981411162626,0.5761024565058129,0.4915663878082354,0.736078049325625,0.8253237646439614,0.0404040404040404
21501L,345,0.436443861671244,0.5949649178692553,0.6147047422956649,0.6451019721802036,0.7455383050708407,0.0985507246376811
21702,6,0.3021633787717944,0.4442313441177712,0.1190104649339787,0.6072885694422134,0.6341901606492704,0.0
21703,0,,,,,,
22025L,197,0.3062630300806477,0.4296445101787749,0.5727824659977128,0.634911810341796,0.6889174095631236,0.1015228426395939
22101,0,,,,,,
22102L,8,0.5665593140032297,0.867016893699613,0.2472762850832405,0.711082666492704,0.7623754155769001,0.0
22104,10,0.4197454323525753,0.7001039423894695,0.2063321405423268,0.6866400289885422,0.8509292052244259,0.2
22105L,18,0.3853289945268917,0.434211016904236,0.4990013727659778,0.496378671765756,0.6652247470185731,0.2222222222222222
22106L,23,0.4138541217499055,0.501304774062907,0.4651906866066417,0.5417456362148981,0.6959816751944854,0.1739130434782608
22108L,20,0.2414973619928227,0.1329531661595727,0.4627948640243698,0.3879102024939239,0.5609500070829679,0.3
22109,9,0.3880099222051907,0.5456299178720505,0.3508166814030639,0.456259538220827,0.6137112797609762,0.0
22110L,13,0.3109517818904674,0.4191105746559035,0.3141462320117583,0.4795295512324303,0.7047531258616077,0.0
22111,7,0.4777630884391985,0.6360723944187037,0.3168314930005712,0.5415370791949012,0.5592025875973051,0.2857142857142857
22113L,24,0.4973908021350399,0.618314666361035,0.4032976218878175,0.3840565566310929,0.4340113970005376,0.25
22114L,4,0.1854692294186848,0.6216397829120421,-0.0,0.2806847885964402,0.5356661279123237,0.0
22115L,1,,,-0.0,0.5857772655872298,0.3516519684385285,0.0
22117,11,0.5971295248552577,0.4435934420575436,0.3037164366253038,0.6535246892743712,0.5963792355297711,0.1818181818181818
22119,19,0.1808069413584184,0.5450491245443092,0.2063321405423268,0.5638311442510404,0.5782184872494581,0.1052631578947368
22121L,5,1.0,0.4797547015040578,-0.0,0.322199036852901,0.1822307713053542,0.4
22125,3,0.4438419060377913,0.7008314562560332,0.2612824261163803,0.5674048722475207,0.7394326602293066,0.0
22126,19,0.403071345777014,0.6599605267144719,0.4859313285167251,0.4297487803374629,0.4286548239098006,0.0
22128L,5,0.3581346627348057,0.5741201234985356,0.2612824261163803,0.4996177669751039,0.6636697675094154,0.0
22129L,5,0.0345423393632727,0.4630195380559366,0.2612824261163803,0.3594545807466042,0.3374250345428061,0.0
22131,3,1.0,0.2763860848192805,0.1648508567221603,0.3906595463031957,0.5628254031281986,0.0
22132,11,0.6968870115963407,0.6832055704099413,0.2508911503117071,0.2780566938328169,0.548199958242456,0.0
22135L,1,0.3262572301165031,0.4596831534024406,,0.6616271155827206,0.8840812721184664,0.0
22137L,18,0.3816968405835297,0.488639342473453,0.3490704463290228,0.4802091672156179,0.5988109796778383,0.1111111111111111
22142,58,0.3649027464729641,0.46604751822677,0.5477386018531843,0.6053475236041999,0.7475405844920346,0.1034482758620689
22143L,32,0.3735744858904133,0.5679153738262557,0.5396144621665098,0.5433043960280352,0.6432062306616425,0.125
22146L,4,0.4269778886712521,0.0,-0.0,0.5545091807475896,0.5793050861273329,0.0
22150,2,0.6154347266111276,0.6481249981081991,,0.6339385641463133,0.4021771045089597,0.0
22152L,2,0.3501770519983047,0.2432795658240841,,0.1194106154337983,0.1960261317523773,0.0
22153L,10,0.4013520492653914,0.6732472727659916,0.2508911503117071,0.4229501609413182,0.5112298045780564,0.0
22160L,18,0.29718340069575,0.4507491092598832,0.3988371864779316,0.6296810649397638,0.6878781959930055,0.0
22167L,4,0.4285819390432981,0.853127443003129,0.1513818549682734,0.4545594561799673,0.7997622544719898,0.0
22170L,3,0.2604042138823807,0.6835532729809807,-0.0,0.6410605053724527,0.7751111902584122,0.0
22173L,17,0.2679894193939446,0.4253570346545547,0.3078810469699461,0.520761631639841,0.4754887829484331,0.0
22177L,57,0.5180048947074165,0.5841788944675232,0.552028893493229,0.4646040170522519,0.6315987253039956,0.1052631578947368
22179L,12,0.4235976027285404,0.6040955799887374,0.2236662875945368,0.4724345317183442,0.8001815082346904,0.0
22181L,13,1.0,0.3757056418048694,0.255320172860584,0.4144774815622951,0.4635848416004346,0.0
22186L,20,0.3718360756058376,0.3072224425119491,0.3759653032825684,0.5771110030792422,0.7751326325305762,0.1
22190L,9,0.622145776134104,0.7315433241256377,0.4156946192466096,0.4978215720873726,0.650918657924039,0.2222222222222222
22197,39,0.501292428652519,0.6416535201606994,0.5363687521783128,0.4510419472566305,0.5841872017632662,0.0
22198L,28,0.410861730330422,0.4232294246856757,0.5178700761781011,0.6406599018982001,0.7642744587824384,0.1428571428571428
22201L,21,0.5406339120231436,0.6943543313761624,0.3640231000478329,0.5650217716896995,0.7117348707237862,0.0952380952380952
22203L,11,0.5560237456228503,0.714242075173968,0.3709144276248608,0.6746740053578881,0.6243468457959399,0.0
22205L,17,0.6076841935458218,0.6089553153857548,0.2935453260927919,0.5773380259928369,0.6773553162217445,0.0
22206L,27,0.4161438433631024,0.5307949093188681,0.5113477771404045,0.503227791629598,0.5512802343646144,0.0
22212L,51,0.5623491299524428,0.604459229086308,0.4988734169413543,0.4582642350558649,0.5535782470921922,0.1176470588235294
22215,13,0.6155124477737429,0.676502014389796,0.2405417842062971,0.3655558731667344,0.3412261187023205,0.1538461538461538
22216L,83,0.3991585787412626,0.6531962722331005,0.5721074367930064,0.5450634045311697,0.7478028161842876,0.2409638554216867
22219L,156,0.3632821301818386,0.4505654770977517,0.5824958734938998,0.4998983472863448,0.5978616371261684,0.1282051282051282
22221,17,0.5821947343074634,0.4788704901271675,0.4492978048006894,0.2436782771674183,0.3794237690714666,0.0
22222,10,0.4176487631959813,0.6043886022031939,0.3162327116904338,0.4186045406573943,0.5155413866436461,0.0
22226L,15,0.2820495849362422,0.4101178194341727,0.4126642810846537,0.4562578473825647,0.6085460745292335,0.1333333333333333
22506L,37,0.3200464159059896,0.4769698965410636,0.5238245156525193,0.4200782338493246,0.4536460334897628,0.054054054054054
22507L,10,0.5470993357529877,0.442145092159211,0.3711829972644872,0.3879809882475705,0.5521434982114883,0.2
22522L,21,0.5835266584599886,0.7345633027592205,0.387852157626176,0.4326594920464082,0.4934710005637541,0.0
22534L,5,0.5557174018721547,0.8513044346844325,0.2472762850832405,0.3625762502339591,0.5870201895854303,0.0
22539L,22,0.5703928844480093,0.6140834220049236,0.396303068063436,0.4064855876059236,0.5539304793357827,0.0
22541L,1,,,,0.4720024905939944,0.0,0.0
22544L,8,0.630066926240629,0.7362541644626632,0.2508911503117071,0.4187717713969213,0.5975586749902382,0.0
22548,1,0.5619167905166772,0.5802566341680467,,0.7270324006724143,0.7322600794261934,0.0
22549,2,0.6035672788926155,0.5869567630123127,-0.0,0.2737585644694172,0.7572550547486036,0.0
22550,9,0.513478495916216,0.4492633193034401,0.4261332828385406,0.6128729412618016,0.6870602676376966,0.0
22551,11,0.4743639834550814,0.7744009492119741,0.3553589461922984,0.6239489201754258,0.6403517668700938,0.0
22552,4,0.5815982092243731,0.470625661382459,0.2612824261163803,0.5681764801361807,0.6395193070510266,0.5
22553,11,0.4500061286604242,0.6898980112650723,0.2884889992637806,0.4719667441829643,0.7210125900074197,0.1818181818181818
22554,9,0.5199681214925083,0.690179224939935,0.2260023800196072,0.6861668541809129,0.7607054343735545,0.2222222222222222
22555,10,0.6082458132978587,0.5788425537457529,0.240541784206297,0.5256265861178472,0.7114287954814423,0.4
22556,9,0.5182199802995636,0.3659510424580705,0.2612824261163803,0.3106801845730423,0.575142881367655,0.0
22557L,14,0.2211859369063804,0.2854024274309209,0.4328677837154842,0.6939926818654337,0.8653013074824212,0.0
22558L,7,0.1699773730780243,0.3017934133504777,0.3168314930005712,0.5205581088536559,0.6480628405292242,0.0
22562L,30,0.5577766664469643,0.5921524353482204,0.4221771172557421,0.4644498406853461,0.5110326894374608,0.0
22566L,18,0.6281331522422217,0.8272155008631659,0.3553589461922983,0.2942340452293832,0.2896053785734382,0.0
22570L,48,0.4827959088064401,0.5849251840664969,0.5732855951811315,0.4462006659180395,0.5156434555360369,0.0833333333333333
22573L,25,0.5463684635426782,0.734846138382562,0.398658140051514,0.4326209426563045,0.5315317149136531,0.0
22584,3,0.401176724886537,0.9186525533260892,0.1648508567221603,0.5113991753445117,0.7329098296038628,0.0
22587,0,,,,,,
22601L,22,0.4554146517452556,0.6134278218738167,0.5038773196640541,0.4907826294784401,0.5468577684577,0.0
22604L,1,,,-0.0,0.8301823377949212,0.8570199583911063,0.0
22605L,11,0.4121338789678683,0.7813965933496198,0.4859313285167251,0.4137637012443945,0.5535660508690146,0.0
22610L,38,0.4966407426831687,0.6335559171174644,0.5422537090522913,0.6407483042017168,0.7225559150927776,0.1578947368421052
22613L,19,0.1683843666293103,0.2124059923723579,0.3373144752250311,0.6187062823145594,0.6648752685867318,0.2105263157894736
22702L,36,0.4108363360921143,0.5021895991261061,0.4964248048741361,0.5216042626365367,0.6458149845172241,0.0555555555555555
22704L,32,0.44398928669613,0.2747746576151053,0.5019564727186551,0.5600182137608954,0.7001826947156689,0.1875
22709L,16,0.4980460843144718,0.5613043644953042,0.4328677837154842,0.5776950400312397,0.6576847448915947,0.125
22711L,30,0.3961689999474923,0.524528029420374,0.4947111538490603,0.6004997312254178,0.6890430887724875,0.0
22713L,39,0.4654371205582519,0.7274368098771702,0.5328192806147273,0.5025474377972233,0.6000043119576985,0.0512820512820512
22721,52,0.5237051279081206,0.5185796879132578,0.4663327657547534,0.4330676557325267,0.5807533259091048,0.0384615384615384
22722,45,0.4412256141770794,0.5727740617937112,0.5024229916328149,0.4262016909109171,0.5425892539829632,0.0888888888888888
22723,26,0.5681133785624393,0.652098367490798,0.4699928790330034,0.4566205538593897,0.6750849775566946,0.0
22724,17,0.220817957482957,0.4485964196771023,0.4707132474575525,0.5266727859716941,0.636089008170766,0.1176470588235294
22825,9,0.4740924255724606,0.5836625820177658,0.3168314930005712,0.3141187369671616,0.5319107741217592,0.2222222222222222
22826L,2,0.7180096618983692,0.7786592730035446,,0.2989700202917819,0.2179284048985441,0.0
22828L,68,0.4024468981505363,0.5213688321715155,0.4976418497516471,0.6348930345390068,0.720761178743484,0.1176470588235294
22830L,14,0.1625750395084781,0.247220818085417,0.3099138324052966,0.2563757839099367,0.5005137506056536,0.0
22834,3,0.6660132164110646,0.9943245967436808,0.1648508567221603,0.1989028984144641,1.0,0.0
22835L,2,0.1739984367674129,0.1066494874312106,,0.5013491587470116,0.6162478468289454,0.0
22837L,19,0.3963943867744218,0.5045773270090861,0.3578830653973355,0.6121941929467865,0.8554712522713042,0.0
22901L,5,0.2912235971823124,0.6302388787549502,0.1648508567221603,0.4024636399562493,0.4382282195293566,0.0
22904L,124,0.4320804000257592,0.5930682792457568,0.5487679758258771,0.4962915845604206,0.6834873950122331,0.0483870967741935
22907L,64,0.3571814810962077,0.5175758564929964,0.5043499433459115,0.5893414956868128,0.5929915875754284,0.09375
22908,3,0.7828841182698524,0.9432459674368064,-0.0,0.0,0.2931063286797293,0.0
22913,8,0.3558862611239894,0.6514962846578931,-0.0,0.5138363567737101,0.4028175802348002,0.0
22917L,57,0.2137429555186868,0.3504662355310062,0.5385809776093469,0.5845806389110638,0.5866327060373907,0.0701754385964912
22918,14,0.329589807032547,0.469041421021946,0.3393972336525825,0.4870251032939467,0.5088188307769188,0.2857142857142857
22919L,5,0.4394867217956533,0.7300158344555875,0.1648508567221603,0.4542074931370297,0.6954207905501996,0.4
23101L,25,0.1964677763847396,0.3874233430734722,0.4918257051079074,0.4518250007103473,0.5703830560422137,0.32
23102,0,,,,,,
23103L,0,,,,,,
23201L,0,,,,,,
23207L,0,,,,,,
23301L,0,,,,,,
23303L,4,,,0.1648508567221603,0.1980586153632458,0.5007779097809261,0.0
23401L,0,,,,,,
23412L,0,,,,,,
23416,0,,,,,,
23421,1,,,,0.1530883485675008,0.3611906913272112,0.0
23422,0,,,,,,
23423L,0,,,,,,
23425L,0,,,,,,
23501,5,0.635838438213883,0.6209018463184308,0.1337398938570355,0.7738755937070283,0.796216783532743,0.0
23502L,15,0.5825232353597247,0.6767122145104004,0.2902964318780139,0.5431931751609892,0.781854347665751,0.0
23504,7,0.674314748355312,0.3571878196416223,0.4261332828385406,0.6035458216118387,0.6809321885354364,0.0
23505L,9,0.4938499361949146,0.050946455471039,0.3685943744688496,0.2677840717958876,0.4416088289797887,0.0
23507,13,0.3618070516174304,0.5199885616256745,0.3498016643450032,0.5581043013803755,0.6653093730815897,0.0
23510L,1,0.1543285400505755,0.6531698010027054,,0.1164563187401334,0.1866597109364581,0.0
23608,0,,,,,,
23609,23,0.6915384829459224,0.5332395690336408,0.4725034214500945,0.2976942104562183,0.4965184207442639,0.6956521739130435
23610L,1,,,-0.0,0.5626925286320807,0.6557370776913561,0.0
23620L,4,0.0404630292932955,0.26114657607546,0.1648508567221603,0.4487179907590311,0.7175477065052761,0.0
23623,0,,,,,,
23624,3,0.6257719245174986,0.4797547015040578,-0.0,0.312477012428876,0.2306504050038306,0.0
23701L,0,,,,,,
23703L,22,0.5834984661822652,0.559446822228209,0.4482780322360822,0.2525584470004167,0.3372983254677876,0.2727272727272727
24101L,4,0.675757285063093,0.8022617436885553,0.1648508567221603,0.3045291679996286,0.5026947863783888,0.0
24103L,7,0.5192121769774783,0.6696295392602041,0.3168314930005712,0.5360112834948867,0.70469802930683,0.5714285714285714
24104,4,0.5683744377240714,0.1967121544901816,0.2472762850832405,0.4711708036422891,0.6387721766509862,0.0
24106,18,0.3768349147219164,0.5696152530624479,0.3988371864779316,0.3004259713723028,0.419262547578589,0.0
24107,15,0.5558849997923399,0.6304487421512925,0.4156946192466096,0.3081669104833688,0.5217712288457083,0.2666666666666666
24108,14,0.480465815823782,0.6129436005031657,0.453339855985941,0.3796470025189999,0.4428366944995158,0.5714285714285714
24109,7,0.4574752887505303,0.5665554704373017,0.3297017134443207,0.5050328838753098,0.7423915323591728,0.2857142857142857
24110,15,0.3799196486720123,0.4653912913317574,0.3988371864779316,0.4500511790640273,0.620844693491283,0.0
24111,14,0.7447460223833345,0.7316604369465834,0.3988371864779316,0.3743692150637925,0.5459111078035397,0.4285714285714285
24112L,8,0.0425829106795897,0.4590253917380688,0.3037164366253038,0.3632166491867716,0.6383830408221666,0.0
24113,3,0.5012469956030794,0.7855958769834905,-0.0,0.28804740317506,0.406780167376101,0.6666666666666666
24114L,23,0.3251292696055667,0.4440148915912049,0.4707132474575525,0.4175582260466995,0.4994321648001467,0.0869565217391304
24115,7,0.3915511259622338,0.5466090279979894,0.2472762850832405,0.401834787386258,0.5766859951442631,0.0
24117,3,0.3970426836877974,0.0,,0.321882995811253,0.4375695956170258,0.0
24119L,12,0.2618775006537295,0.3893177418024479,0.3622036627618959,0.3482431174818455,0.6018129962617097,0.1666666666666666
24123,1,0.4816439956136275,1.0,,0.257838208253786,0.3287908640996675,0.0
24124L,5,0.3425259295907371,0.7007275782894555,0.1648508567221603,0.5597223495822856,0.8057597256886978,0.0
24126L,3,0.7613637873311591,0.5979922693440447,0.2612824261163803,0.9137576354751372,0.8213687895913757,0.0
24128L,12,0.5483441670423072,0.6476866996388992,0.2884889992637806,0.2588491132364504,0.4107651531455918,0.1666666666666666
24201,6,0.8123013475211738,0.8024375207928935,0.2954920697803505,0.7292228948847544,0.7558290785292694,0.0
24202L,7,0.1809289084562624,0.4137240871897613,0.2612824261163803,0.4390668492255474,0.5775257851111097,0.0
24203,7,0.4147678730662807,0.4482246834133947,0.2612824261163803,0.3252765562345411,0.6135031747729618,0.0
24209L,0,,,,,,
24211L,0,,,,,,
24213L,3,0.4263823098248677,0.8817624321600132,,0.2456864879515471,0.2126436703290723,0.0
24228L,17,0.3907182272048411,0.5256702903485861,0.2384759970070668,0.339964741074002,0.3494040535407107,0.1176470588235294
24238,2,,,-0.0,0.5036065947587819,0.622221891702292,0.0
24239,5,0.2978534608089894,0.4887737531904569,0.1648508567221603,0.4220223133329096,0.6407690435910097,0.4
24240,5,0.8308454715276721,0.9590109764821378,0.1513818549682734,0.1036931228274305,0.1992371072537261,0.4
24241L,40,0.4471168481870905,0.5697459629475705,0.4806357385676885,0.4513124120534499,0.4878676952901677,0.1
24243L,15,0.3948541463600601,0.6325176391533209,0.3626204174827391,0.4142060020321013,0.4244113704783657,0.0
24244L,3,0.5357403510992246,0.5260877958847443,0.2612824261163803,0.6424382753714312,0.7027990028301331,0.0
24246,11,0.4961950576353972,0.429711887240162,0.2743938849133293,0.4281224120842064,0.8564481377172793,0.1818181818181818
24250,15,0.5209879830733625,0.6894690048960981,0.4156946192466096,0.2433125010865773,0.4583740527386457,0.0
24301L,8,0.4061276678070231,0.4436303093487552,0.3297017134443207,0.0892823182740025,0.3639478363292384,0.0
24303L,2,,,,0.2281994013227752,0.0,0.0
24304L,2,1.0,0.4856665798960572,-0.0,0.6754179974000821,0.7902258577768762,0.0
24305L,5,0.1949719739893881,0.6416087943694622,0.1513818549682734,0.4918173112697069,0.3596302377313094,0.0
24310L,18,0.4271770862832656,0.4471252814668124,0.5408816140907785,0.4342401453763462,0.52753040986741,0.0
24319L,4,0.0,0.0,0.1513818549682734,0.1790567558357704,0.3887432673252489,0.5
24324,1,,,,0.0,0.2969079935991318,0.0
24325L,3,0.168809390746373,0.604748701792044,,0.3139703227812351,0.2617393812573683,0.0
24327L,14,0.485627238156468,0.5715858791931143,0.4627948640243697,0.3222213489737471,0.4531076820157497,0.0
24330,0,,,,,,
24331L,5,,,-0.0,0.0861551907996834,0.404502321183173,0.0
24341L,50,0.402171205180879,0.6240075660013505,0.5654444609836707,0.3621594280857498,0.4703506129441113,0.04
24346L,15,0.464617334319142,0.5315319370941174,0.356236774566878,0.4563474105421588,0.4290981652416524,0.5333333333333333
24401L,15,0.2142383814853067,0.555583647855276,0.3168314930005712,0.5414242301735939,0.4549939717253674,0.2666666666666666
24402L,19,0.4861886461577902,0.8048825465109485,0.3508166814030639,0.2404422263661662,0.2383462559696864,0.0
24409L,4,0.2576719421461382,0.6348148261856407,0.1648508567221603,0.4573554479409158,0.4085578539308868,0.5
24416L,6,0.5522964262074338,0.7732301980135585,0.2472762850832405,0.5207427711868705,0.5844542833633471,0.3333333333333333
24418L,7,,,0.3168314930005712,0.1754304580622658,0.2688829712817528,0.0
24421L,12,0.0,0.6982422203060795,0.4121271418054009,0.7326648231348043,0.8084128823206428,0.0
24428,54,0.5558292407857317,0.5606675452259083,0.5730891281694208,0.4485282069571666,0.5944305243552378,0.037037037037037
24429,35,0.5524872547849529,0.5125984703484987,0.302047799178825,0.3011749889140822,0.4748074262995006,0.0571428571428571
24501L,27,0.3821451227776473,0.4486574483675803,0.4846333321460033,0.3007502405126178,0.4229234616312858,0.074074074074074
24506L,35,0.6486741980313487,0.6566612068852447,0.5197924180413945,0.383670564389578,0.6012160778612043,0.1714285714285714
24508,34,0.5016738229613392,0.6781840635425218,0.4840449810976064,0.5415851274794546,0.611949942952016,0.1764705882352941
24509,55,0.4226220061144612,0.6463200777701043,0.5200804898562266,0.3848418374397683,0.5091471248537472,0.0363636363636363
24510,15,0.6432328104900483,0.776759868215993,0.3393972336525825,0.4989561311172371,0.7457797960367468,0.0
24511,3,0.5222586246713986,0.7771634302848248,0.2612824261163803,0.898139288096709,1.0,0.0
24512,1,,,-0.0,0.4069883334550023,0.8605065511824367,0.0
24513,3,0.3869689619657795,0.4348517323225164,0.2612824261163803,0.8009078658815347,0.8621302771652426,0.0
24514,1,,,-0.0,0.4809260023581698,0.7728107004565696,0.0
24515,11,0.4933304371631058,0.6775146382073136,0.3393972336525825,0.6635418901174982,0.7008703678499976,0.1818181818181818
24516,3,0.2801166613761149,0.6428648682608789,0.1513818549682734,0.2201426900393869,0.6724534962839054,0.0
24517,3,0.3388762475671814,0.7241123417066974,0.1648508567221603,0.6458250635003262,0.4572115310339389,0.0
24518,0,,,,,,
24519,9,0.4712264458167017,0.6404573796960876,0.3498016643450032,0.7609955591583064,0.7995843024258192,0.0
24601L,0,,,,,,
24603L,0,,,,,,
24604L,4,,,-0.0,0.1971972800944597,0.4359403106515678,0.5
24610,0,,,,,,
24611,1,,,,0.2823778656052685,0.6903803127572948,0.0
24612,3,,,0.1648508567221603,0.5259401617018983,0.2826137335021784,0.0
24613,0,,,,,,
24615,1,0.5976324273539332,0.8616345485184154,-0.0,1.0,0.838038595956643,0.0
24703L,7,0.4156430195125757,0.5395356158039553,0.1513818549682734,0.3917515963761211,0.2157811370170178,0.8571428571428571
24711L,7,0.4088444337379132,0.7325213242058537,0.2612824261163803,0.4157205063914421,0.5404727134509717,0.0
25101L,73,0.4407807970273769,0.6268517226164405,0.6370759828672865,0.7203810169966351,0.7944495152773782,0.1643835616438356
25103L,15,0.3904374241512107,0.3119983006163839,0.4690585395774101,0.5507444053139418,0.8045214884901062,0.1333333333333333
25203L,5,0.3477835566536919,0.2941217199952786,0.3297017134443207,0.5273441983743175,0.348944463942988,0.0
25301L,56,0.3833412652898929,0.5827999694797699,0.5269500839656974,0.492060003838485,0.6120827469966232,0.2142857142857142
25303L,18,0.4297713351085405,0.3526242876857993,0.5635089967736744,0.6517883128946358,0.7241915154096151,0.0
25305L,7,0.7701035151657837,0.7355419732645627,0.3297017134443207,0.2644683387794063,0.1947112745053069,0.5714285714285714
25306L,8,0.4915421621710928,0.4901320569727324,0.1513818549682734,0.3414693968576759,0.4116895386701624,0.5
25314,18,0.5546411228966752,0.6734336053121924,0.5085587111996209,0.3808584395422575,0.4773579101389123,0.0
25401L,0,,,,,,
25409L,1,,,-0.0,0.2507737614404806,0.3520321349304686,0.0
25411L,11,0.2465071528818922,0.4483966653302529,0.2884889992637806,0.3707757781661751,0.4661517260565814,0.1818181818181818
25413L,0,,,,,,
25415L,0,,,,,,
25501L,28,0.5851117310187712,0.594375590798351,0.4516208344407781,0.3490656453365883,0.5199028284835824,0.3571428571428571
25503L,7,0.5656163269147592,0.688984079733324,0.3711829972644872,0.6124353477874895,0.7284568631617624,0.0
25506L,17,0.3823506246039168,0.3626995093424709,0.3622036627618959,0.2629015367872369,0.2308637567378595,0.2352941176470588
25510,6,0.5132862538218298,0.5898824778811549,0.1648508567221603,0.4107176540571047,0.4257884344852072,0.0
25514,4,0.9090896416955326,0.5743447557760474,-0.0,0.217035789620487,0.0368541874060664,0.0
25515,0,,,,,,
25516,43,0.4917076552308226,0.581366490804838,0.5271750252801202,0.5022061990994748,0.7203231781721721,0.3255813953488372
26003L,24,0.6126014902401528,0.5577352345361313,0.3681875625662872,0.5345050757790732,0.6290782939515582,0.1666666666666666
26004L,5,0.3567899428220721,0.4280202881148507,0.3297017134443207,0.8959470565357835,0.7490896053399918,0.0
26005,11,0.4267259031780863,0.4993388395012162,0.2954920697803505,0.2455406569582165,0.3957205688397063,0.5454545454545454
26007L,36,0.5882976453319116,0.6962613660868188,0.5290043056581957,0.4445449284554971,0.5293691965999534,0.1666666666666666
26008L,17,0.4028134137587369,0.4992790588601993,0.4803716169829101,0.4757374237666141,0.4168891927527966,0.7058823529411765
26011L,2,,,-0.0,0.0321787076340329,0.1055575259892039,0.0
26101L,1,,,,1.0,0.0,1.0
26106L,89,0.4665546617788427,0.5302401193458768,0.5057909182362272,0.4642885794658454,0.6684292286380995,0.1573033707865168
26116,4,0.2346891535395772,0.4960648557219851,0.1648508567221603,0.5712156096024904,0.8138243039066635,0.0
26117L,11,0.4551462946560721,0.561413457217345,0.2612824261163803,0.5544385890752375,0.754945048649141,0.0
26123,29,0.5173036085877581,0.6646031652228794,0.570601590503453,0.4190818681008978,0.5008218057102588,0.1379310344827586
26124,11,0.553569098185248,0.6327097752010609,0.3168314930005712,0.4791367826473424,0.6728618813120341,0.0
26125,12,0.3317873012468291,0.6228973884226594,0.4492978048006894,0.5699551333153662,0.8466010614061779,0.1666666666666666
26202,5,0.6711348339882494,0.4518281140523277,0.1648508567221603,0.2782623861068868,0.6401941581674238,0.4
26203L,8,0.4053909795555835,0.7909745271283684,0.2472762850832405,0.6236641995051634,0.4772422050135345,0.5
26206L,4,0.4823870922505821,0.3512235101109427,-0.0,0.5016313382484828,0.3173419425409206,0.0
26302L,6,0.2994266952837056,0.6716373830272365,0.1648508567221603,0.331647853636527,0.3626596539186872,0.3333333333333333
26310,6,0.4806049800958165,0.7650161489594496,0.1648508567221603,0.473972785107263,0.6554255648935247,0.6666666666666666
26311,1,,,,0.2011101691815286,0.2895762112545703,0.0
26312,2,,,-0.0,0.2150652281633828,0.3665462835342439,1.0
26313,13,0.4253854042744792,0.502398987223716,0.2508911503117071,0.2238172701087571,0.2375117167314298,0.1538461538461538
26314,2,0.2604376318933238,0.55069724220805,-0.0,0.2286508885251294,0.0,1.0
26315,1,,,,0.0,0.3197179831155472,0.0
26316,7,0.5774178747629186,0.6178955932637757,-0.0,0.3078061642619136,0.2772336095480839,0.5714285714285714
26317,22,0.5300720224199179,0.673500929940621,0.3817656253997391,0.4332485203332893,0.6939742157641007,0.1818181818181818
26318,0,,,,,,
26319,0,,,,,,
26320,0,,,,,,
26321,0,,,,,,
26401L,137,0.4216689428161136,0.5745774620710274,0.5808269377228377,0.5608342544913653,0.6775601266591905,0.1313868613138686
26406,20,0.5428695402218104,0.5617649369573225,0.4120773804507443,0.415069524633064,0.6565349850530042,0.1
26407,12,0.3390139952621692,0.4803689226356942,0.4492978048006894,0.3884592811830143,0.4896191399262506,0.0
26408,6,0.4689122768482009,0.6805893460927416,0.3297017134443207,0.8111649798297575,0.9027300099559286,0.0
26417L,7,0.6675042672909725,0.6024261781380442,0.1513818549682734,0.2571059643037501,0.4731931387966603,1.0
26420L,21,0.3950610020040698,0.4110149428858518,0.4690585395774101,0.3628459896895781,0.3825620983614675,0.4761904761904761
26421,7,0.7095701824741338,0.6938960743698119,0.2612824261163803,0.3383408179796809,0.5606596329895313,0.0
26422L,12,0.6397688693219081,0.6774784278532489,0.2612824261163803,0.4700855663436102,0.4660901649924959,0.0
26424,8,0.4786870361694637,0.5925139780281045,0.2612824261163803,0.3374097120635921,0.5007966080994458,0.0
26425,3,,,,0.0415846910164101,0.4008201680628012,0.0
26428,7,0.6367241213058915,0.7022665434581665,0.2612824261163803,0.280067865594887,0.58984566985731,0.5714285714285714
26429,11,0.0830241304883922,0.3985649049206002,0.2472762850832405,0.316210314740399,0.538542392140953,0.0
26433L,0,,,,,,
26434,7,0.4713408731951828,0.7973070265600226,0.1513818549682734,0.2960299786288331,0.3246316996780402,0.0
26435L,3,0.3399012380199621,0.4941488401976215,0.1648508567221603,0.5039677341876438,0.6996711018946803,0.6666666666666666
26437L,9,0.2633142714851454,0.4145422160877423,0.2472762850832405,0.5054888659898272,0.426271725538945,0.0
26440,7,0.6189848126212913,0.5715858791931143,0.2612824261163803,0.2782756431752767,0.2926320590930101,0.0
26441L,13,0.4132846592495335,0.5738883867208867,0.3027637099365468,0.5305762863586237,0.5990314214113179,0.0
26443L,21,0.3328534714491144,0.5721267820896697,0.4496302542242448,0.5810510409940975,0.7386123120550718,0.0
26445,14,0.7192082512498019,0.7017125400845337,0.3908532367417675,0.4157804068069977,0.7112528018534845,0.0
26446,26,0.4192967769493712,0.457264081380012,0.4967073240274046,0.4608955373471252,0.5478161822331943,0.1538461538461538
26447L,16,0.404054301513494,0.500045927620036,0.3977996960911246,0.5593601039943186,0.7058203495764406,0.0
26449,9,0.4100618008571233,0.6198662193944423,0.2472762850832405,0.4094059462130274,0.5954112635385119,0.0
26450,12,0.1898446734854549,0.3255026461432558,0.453339855985941,0.5064658028598442,0.7053999949169151,0.0
26451,8,0.4833421429927277,0.6670544053546781,0.3168314930005712,0.6398106986170794,0.7976396439208848,0.0
26452L,7,0.4648546147399224,0.6024713866198654,0.1648508567221603,0.4929887856767234,0.5528932458286551,0.0
26466,8,0.1169321602702259,0.3218518801664356,0.1513818549682734,0.4195260142519545,0.5775352597356492,0.25
26503L,14,0.5631411059038188,0.5286054861116314,0.4156946192466096,0.4366841934324035,0.3720203784260761,0.0
26508,15,0.3016359451933804,0.5724998743603853,0.4157420070338675,0.6474991738094703,0.5767158131393372,0.0
26509L,2,,,0.1648508567221603,0.677429167665114,0.9545960246557714,0.0
26511,3,0.7704535036079009,0.8360439059285516,-0.0,0.0137429802045735,0.171453051258848,0.0
26518L,94,0.4136200624347345,0.5478643058219191,0.5830456145493936,0.3884668536820441,0.6073295210719286,0.1489361702127659
26520,19,0.3799867315313297,0.6598794432144985,0.3483765681551737,0.3525302283979972,0.4146069934771592,0.2105263157894736
26521,0,,,,,,
26601L,3,0.6357096631478983,0.2167943506279271,,0.2729718822228913,0.3843975790498586,0.0
26602,5,,,-0.0,0.4712801110702276,0.622287063100911,0.0
26603,3,,,,0.3777446360674346,0.1422624896262426,0.6666666666666666
26604L,17,0.4606215605129589,0.7139880528977854,0.3373572791989533,0.3150113069185972,0.3224512236290704,0.0
26606,6,0.4661494861161396,0.677312786283556,0.3168314930005712,0.3992183715960198,0.4094602747558911,0.0
26607,10,0.6272688804732465,0.7060935202571073,,0.2615907200615741,0.3005365804886887,0.2
26608,10,0.5222256412583716,0.5675883233280481,0.3508166814030639,0.2411057786664342,0.2775481261568674,0.2
26609,18,0.4981338225007138,0.6830264686239003,0.4328677837154842,0.3148053413463007,0.4095257282878319,0.0
26610,3,0.5331625952564053,0.4689444095872591,0.1513818549682734,0.6265974718109965,0.6581265552847386,0.0
26611,20,0.6517210601798449,0.5703236180428704,0.5121735764280875,0.4790637912135682,0.5718782682079969,0.2
26612,11,0.4187338939540191,0.3174910275212994,0.3162327116904338,0.363161081710914,0.432654533119283,0.1818181818181818
26615L,18,0.5161978730332751,0.6673615264922884,0.4120773804507442,0.4850367404833047,0.5640564251226049,0.0
26617L,9,0.6500124946914038,0.2886039668294125,0.1648508567221603,0.3408569485125579,0.3558587410663346,0.2222222222222222
26619,12,0.479282262560844,0.622629678828842,0.2472762850832405,0.2152036909545422,0.1386563115078729,0.0
26620,6,0.558561308889143,0.7194748482985582,0.2612824261163803,0.4983694164036109,0.5558111642760447,0.3333333333333333
26621,9,0.6454762179130068,0.6839562020433341,0.1648508567221603,0.4611705116190645,0.6457767881163374,0.0
26622,6,0.693434997500101,0.6142499349220429,0.1513818549682734,0.4709914275864484,0.4635324639843343,0.0
26623,32,0.4218723275877734,0.623062808570888,0.4362677932322495,0.3426746332510722,0.4006135247653851,0.0625
26624,19,0.663986884409843,0.5759491832680323,0.3685943744688496,0.2124060638240864,0.3785183857464946,0.2105263157894736
26625,9,0.2995534544374984,0.3985456792998132,0.3037164366253038,0.7355073072847932,0.7852643822480762,0.2222222222222222
26626,1,0.6475568496426428,0.5341439827104518,-0.0,0.2552886334640217,0.2969079935991318,1.0
26628,2,0.8098916649470486,0.8912214375872121,-0.0,0.4771102246004248,0.5429409949992539,0.0
26629,1,,,-0.0,0.5736852605154847,0.5273219456707471,0.0
26630,3,0.0,0.5790742584896469,-0.0,0.2164214743048419,0.3031063603155493,0.0
26631,10,0.5429952833062146,0.6177398564025757,0.2472762850832405,0.389226375302093,0.6769078982832888,0.6
26632L,15,0.4396351325704405,0.3040593510970937,0.3168314930005712,0.3525752228936304,0.5782377248368268,0.0
26634,4,0.4546084422757736,0.3276223642166082,0.1337398938570355,0.1051502295425528,0.0673114217530424,0.0
26635,3,0.0,0.94009296562774,0.1513818549682734,0.2648237031455381,0.2991690296637305,0.0
26636,3,0.8160277192616859,0.9949244361122348,-0.0,0.3540612713150394,0.4873236216420659,0.0
26637,8,0.8278190317068096,0.4222124184885976,0.2472762850832405,0.0937924268236874,0.2092466346927164,0.0
26638,5,0.7097095638096221,0.6605199805446196,0.1648508567221603,0.4220890536475138,0.7488778421680384,0.0
26639,6,0.3473360271586465,0.3489051264278058,0.1648508567221603,0.1969578550629084,0.2815439598055399,0.6666666666666666
26640L,1,,,,1.0,0.775917773443852,0.0
26703,2,0.5382634732841908,0.6656773650540452,-0.0,0.7398189909668121,0.616003474765581,0.0
26704L,16,0.4695161602130147,0.672086029911356,0.4040207319030763,0.7552452744277959,0.7183686182596173,0.125
26706L,11,0.6024050811157069,0.7026347185204257,0.3037164366253038,0.6390808065784271,0.5929079107318873,0.1818181818181818
26709,0,,,,,,
26710,7,0.4450292402397229,0.8082233017309076,0.2612824261163803,0.608134911847805,0.7801299437955438,0.0
26711,15,0.5672832426676155,0.5503969563214722,0.3508166814030639,0.3386167732191173,0.5041822593520735,0.0
26712L,1,1.0,1.0,,0.1664203611157596,0.0390025592427329,0.0
26715L,9,0.4885285226081439,0.5783415186326104,0.2508911503117071,0.4758426803157405,0.5959508414021529,0.0
26717L,9,0.5891365647263196,0.8592119681905311,0.1422861651827273,0.787785993271501,0.7697372066463471,0.0
26719L,8,0.7263828349627655,0.8251948012254591,0.2063321405423268,0.8724599055751133,0.9120437353513392,0.25
26721,6,0.7894933946933756,0.8600067196774556,0.1648508567221603,0.5611643723437438,0.7407782933820107,0.0
26722,4,0.4556725225681468,0.5440759384090108,0.1648508567221603,0.5023846798533282,0.3943621137871355,0.0
26723L,6,0.5393282146241842,0.5967795763405577,0.3168314930005712,0.4281285577534656,0.5039869180324704,0.0
26724,1,0.8083511565645514,0.6424495948518798,-0.0,0.3071115123429281,0.2981893550725434,0.0
26725L,9,0.6307286522596559,0.8908261358678665,0.2063321405423268,0.7800927528395644,0.8723894163226131,0.0
26728L,9,0.4296089455506759,0.5543454005978592,0.3508166814030639,0.6810030771385217,0.7150462653165633,0.0
26729,8,0.4932574442869463,0.631019727995372,0.1337398938570355,0.4900494481890569,0.7219883351598461,0.0
26730,4,0.811843055512683,0.811106527984118,0.1648508567221603,0.3468388431964342,0.351834089463686,0.5
26734,8,0.6288113602228993,0.6862348331319927,0.4261332828385406,0.4464882499590602,0.7110262966280319,0.0
26735L,7,0.487686118489151,0.5423107539316515,0.2954920697803505,0.7184418892216178,0.7031855402691669,0.0
26737,8,0.5806008187819004,0.6423313572840398,0.3168314930005712,0.3323163506410667,0.4885831635020319,0.0
26738L,26,0.4215983969348145,0.5410736570160921,0.4707132474575525,0.4349765305191924,0.5252741148906779,0.0769230769230769
26802L,74,0.4850799729371749,0.5701133740964823,0.5487353439670267,0.5120629548160792,0.7116806245887369,0.2162162162162162
26807,2,0.863047518060472,0.9527049728640052,,0.0927532406165425,0.2740980040827167,0.0
26808L,3,0.1644027466821008,0.596323033092186,0.2612824261163803,0.8405549668541337,0.9299339419734932,0.0
26812L,4,0.6770269014034649,0.5162394367232539,0.2612824261163803,0.4278609341176811,0.4363970504800646,0.5
26819L,0,,,,,,
26832,0,,,,,,
26833,3,0.2468923320659921,0.6381930424096403,,0.2802207600829099,0.424301986194603,0.6666666666666666
26834,0,,,,,,
26835,1,1.0,0.3378696200960737,-0.0,0.2823778656052682,0.2073407680980079,0.0
26901L,3,0.626715969018124,0.5901097648213789,-0.0,0.2023141350544731,0.0710890973866208,0.0
27101L,0,,,,,,
27102,0,,,,,,
27104,1,0.626219177387031,0.8335665473642851,-0.0,0.7714097932077724,0.7753175105618413,0.0
27105L,0,,,,,,
27107L,2,0.6681247082767711,0.8048005243659854,-0.0,0.5718940341148406,0.7835457894184976,0.0
27132L,2,,,0.1648508567221603,0.8512517405714461,0.5706278677961147,0.0
27137L,1,,,-0.0,0.9776681572305967,0.0,0.0
27140L,0,,,,,,
27145,0,,,,,,
27146L,0,,,,,,
27201L,0,,,,,,
27203,0,,,,,,
27204,0,,,,,,
27205L,2,,,,0.3297840218524498,0.5088508128558237,0.0
27207,0,,,,,,
27208L,18,0.3504921971528393,0.3078233675626182,0.3975546917061868,0.3475526215392476,0.4259028200515118,0.1111111111111111
28002L,23,0.4654848297927466,0.5180142607692954,0.3965716603728385,0.3769969161552355,0.492733377873741,0.2608695652173913
28009,0,,,,,,
28010L,28,0.3328375231430545,0.4082580720784295,0.4229163619711346,0.3763162222356472,0.5465373281842278,0.0714285714285714
28017L,296,0.4319860880751063,0.5742409226216689,0.584343822981525,0.5219705325050393,0.6410960264320431,0.1959459459459459
28102L,0,,,,,,
28103L,2,0.7788758163975256,0.0777469708481026,,0.0,0.0,0.0
28105L,1,,,-0.0,0.501175509823029,0.7408254818801364,0.0
28109,0,,,,,,
28110,35,0.6871691412591124,0.631997393854825,0.5513365910448822,0.332127141462059,0.3766395026577827,0.4571428571428571
28111,1,,,,0.2397123249828051,0.2404532695460041,0.0
28112L,6,0.2649976666971617,0.5516929269898605,-0.0,0.3206350388775666,0.5669197823208825,0.0
28113,61,0.5130976835348315,0.5511271970001954,0.4768644315039975,0.3027274200352104,0.5222132450650996,0.0655737704918032
28116L,20,0.4114077986011386,0.5311524807592429,0.479879566821102,0.4505880500058606,0.5213475642710912,0.3
28120,6,0.656007572165069,0.5504190361660737,0.2472762850832405,0.3564654591012476,0.6392270425527949,0.3333333333333333
28121,1,0.6446523475735989,0.6922670234351276,-0.0,0.3779102716122464,0.3523155424563478,0.0
28122,15,0.435621950259748,0.7126624276810543,0.2338072833293536,0.3287804153417373,0.3600314587418718,0.1333333333333333
28123L,8,0.5040552796109734,0.5121747669625375,0.2260023800196072,0.4917139509983961,0.4744860207985238,0.0
28128L,17,0.7989827228570209,0.7085821306684239,0.453339855985941,0.2477307982184643,0.4669707140651615,0.3529411764705882
28129L,6,0.4818758290928916,0.7644707648627462,0.1513818549682734,0.669868466435168,0.6667368914188834,0.0
28130,15,0.5632520522800729,0.6574704954702717,0.4156946192466096,0.5535279422627659,0.6049631235499153,0.1333333333333333
28131,2,1.0,0.8940591392153718,-0.0,0.6233963444156384,0.8485786271453365,0.0
28132,51,0.5246495290227009,0.6233887798796722,0.520713059103025,0.4178754253745147,0.6365118777870518,0.3529411764705882
28135,30,0.4289890114998028,0.5570212629793774,0.537550317650107,0.2647686735234473,0.4013532693566835,0.0666666666666666
28136,0,,,,,,
28137,0,,,,,,
28139L,39,0.4105150434347931,0.3226040281256088,0.4904209957680206,0.3883604971958139,0.5465810476080523,0.1538461538461538
28141,0,,,,,,
28143,0,,,,,,
28207,0,,,,,,
28209,9,0.6736644072499137,0.6475416927735218,0.3965716603728385,0.4132254415436363,0.5604061310037753,0.0
28210,3,0.641598348103811,0.8503757323333985,,0.155961448946118,0.5609125018909749,0.0
28213L,2,1.0,0.7398773507520289,-0.0,0.103287942004805,0.0,0.0
28215L,1,0.7751662217098158,0.8581149185920158,,0.271223475900049,0.0,0.0
28218L,1,,,,0.183918925707276,0.4413712605364285,1.0
28220L,0,,,,,,
28221,0,,,,,,
28222,0,,,,,,
28223L,67,0.5085036036280542,0.5421506277672336,0.5824270562121625,0.4463904101866058,0.6450926673294666,0.2388059701492537
28302L,0,,,,,,
28307L,0,,,,,,
28317L,2,0.6614554099222701,0.4955197105493895,0.1648508567221603,0.7119961565953505,0.6395981939599127,0.0
28321,44,0.4491929925835664,0.5743597026165366,0.4373560626907967,0.3256601712982468,0.4154839196632802,0.3636363636363636
28322,0,,,,,,
28323,0,,,,,,
28325,1,,,-0.0,0.2823778656052682,0.2632361043129951,0.0
28326,10,0.568059900612525,0.2754401842765606,-0.0,0.2287626202065203,0.2717343422095924,0.0
28327,0,,,,,,
28328L,6,0.7309511560551128,0.5987261576961549,-0.0,0.1849573848723374,0.1906566739264915,0.0
28329L,2,0.9387058881659238,0.2432795658240841,0.1648508567221603,0.0999541757426963,0.5641237535302752,0.0
28332L,0,,,,,,
28335,0,,,,,,
28401L,51,0.4912210892041044,0.6269424637690778,0.4956988560540947,0.5139054900808171,0.6644020532393335,0.196078431372549
28403L,25,0.5373049767234933,0.559869812963862,0.4126642810846537,0.329026289773949,0.4027495487104008,0.0
28407L,28,0.3145159513202513,0.6617879337633792,0.3595736229473487,0.39999871535699,0.4550734376422611,0.1428571428571428
28418L,29,0.50733787170285,0.5360578548085551,0.4505922954414716,0.4607962545865391,0.591345804582342,0.1379310344827586
28420,24,0.505822340149753,0.5730357822977381,0.3354617530446603,0.4225688624548255,0.6252559978595241,0.1666666666666666
28421L,35,0.4859826014714032,0.4484323661672853,0.5202098029144587,0.3566635966683116,0.5016441283508425,0.0571428571428571
28423,7,0.7625573317684751,0.6223673987141343,0.1337398938570355,0.3902195756705185,0.2425627301886334,0.2857142857142857
28425L,4,,,-0.0,0.2918059807132512,0.3327235107515874,0.0
28427,32,0.4217742755761302,0.2621595959683537,0.4465999614308062,0.6006385758517505,0.6971735209011573,0.1875
28502L,29,0.4392854635907184,0.5987200466232345,0.5045846463329805,0.5196805427851862,0.6769590771783256,0.2068965517241379
28505L,40,0.3813747583025175,0.5541532089810218,0.4497081926047801,0.448389286460868,0.5668769341402692,0.05
28508,23,0.513867456801314,0.5817523874652746,0.432132224124981,0.5230966284344803,0.5974136662250737,0.0
28509L,41,0.413562094515864,0.5405034712463028,0.4292051345328261,0.5114788700935554,0.6008844554442108,0.0
28511,21,0.3835679960355757,0.6043313683003151,0.4615897542165394,0.6811385306757901,0.7719150670486682,0.2857142857142857
28512,18,0.4331940549746152,0.6182778825311057,0.398266821997197,0.4970781507556495,0.5901890514686395,0.0
28513L,3,,,0.1513818549682734,0.778872145150913,0.1364106457958844,0.0
28516L,48,0.4550066272464045,0.569691519336903,0.5036685930742699,0.4619192666339423,0.5942714917044808,0.0416666666666666
28519L,31,0.4870284202075353,0.5654384910920713,0.4703228229706832,0.527664426237714,0.6443752295642794,0.1935483870967742
28521L,66,0.4632889704333194,0.5979941841224713,0.3695478993894713,0.5260601587680668,0.6213133108876969,0.1818181818181818
28607L,41,0.25286070578618,0.5821709197745839,0.5044489291852486,0.6103790519052528,0.6662186988778229,0.048780487804878
28613L,3,0.0457944517439326,0.8837893618944129,0.2612824261163803,0.5246759975353069,0.8722266180687165,0.0
28614L,13,0.5177675587294515,0.4212490012691607,0.3760307573686182,0.4539718295939299,0.3571134003346006,0.1538461538461538
28627,0,,,,,,
28628,2,0.5309313190406084,0.7995495871172308,0.1648508567221603,0.5860307572123421,0.9081676480865508,0.0
28629,0,,,,,,
28630,2,0.4104004451321714,0.4787822803853739,0.1648508567221603,1.0,1.0,0.0
28631L,1,0.7952663531457626,0.9564885750348848,-0.0,0.4030480815071849,0.6604854022547203,0.0
28638,3,0.5180495861924407,0.7648761508096262,,0.380200092781992,0.4886748340335659,1.0
28701,6,0.3434309486526983,0.7067708317568326,0.1648508567221603,0.2434538168863244,0.3699792983799374,0.0
28804L,1,,,-0.0,0.2981799176876621,0.5478178782796995,0.0
28806L,2,0.4590733866557234,0.7140542659357758,0.1648508567221603,0.1717635010285116,0.2024999814339689,0.0
28808,0,,,,,,
28809,19,0.4419861262429826,0.7451323537671395,0.4157420070338675,0.1945339847275857,0.4264039221687207,0.5263157894736842
28810,1,0.7056330088570907,0.1959845386880895,,0.0,0.0,0.0
28811L,19,0.3514795766667955,0.6691450101686413,-0.0,0.2459929528156868,0.297653578925433,0.2105263157894736
28813L,0,,,,,,
28815,2,0.7949586723619902,0.7446068534656285,-0.0,0.4562004385116004,0.168601802569296,0.0
28817,0,,,,,,
28818,0,,,,,,
28819,2,0.6869739188479242,0.9716229837184032,,0.1875655531109053,0.0,1.0
28821,0,,,,,,
29001L,32,0.6048369255683482,0.6818559951315989,0.4345561041770465,0.2667679027559814,0.5376583768750948,0.375
29003L,1,,,-0.0,1.0,1.0,0.0
29006,21,0.3080961216713317,0.4965707111524116,0.4487121783782995,0.3659567166498734,0.435723796554691,0.3809523809523809
29007L,3,0.3242540635757448,0.7635248643200263,-0.0,0.3388821730514039,0.3256854450193366,0.0
29009,3,1.0,0.8581149185920158,-0.0,0.2011101691815288,0.0,0.0
29014L,6,0.3718870603832259,0.673033712399823,0.2612824261163803,0.2912755838492377,0.4582735827340505,0.3333333333333333
29101,3,0.5567655325845954,0.4814745206726396,-0.0,0.2747327977819452,0.069602137569893,0.0
29102L,7,0.7988262518133163,0.8966446006988061,0.2508911503117071,0.3006189864819887,0.6214712345486667,0.0
29105,1,,,,0.2191696572756931,0.2664946742439116,1.0
29106,128,0.3265656893297434,0.3436866414834993,0.5569294508166205,0.407223826945693,0.5372590379920079,0.125
29107L,0,,,,,,
29115,4,0.6680075897029345,0.7692002675763456,0.2472762850832405,0.2525708575596549,0.7135033805611903,0.0
29117,5,,,-0.0,0.3067316164616637,0.0917969898299548,0.4
29201,10,0.0,0.62058878230902,0.3711829972644872,0.3616531926973294,0.4530572631531947,0.2
29202L,5,0.3085055084076775,0.5270497286400526,0.1648508567221603,0.3374593042924695,0.586507965259448,0.4
29209,1,0.2501769638352362,0.0,,0.0295450322869673,0.0,0.0
29210,13,0.6235002331668495,0.3787153253498873,0.3685943744688496,0.1608978142669614,0.2911549678329362,0.1538461538461538
29211L,0,,,,,,
29212,0,,,,,,
29301,6,0.1668730569674667,0.8864919348736127,-0.0,0.2144486267122645,0.2404671294921249,0.0
29302,18,0.5556384801343346,0.6049046194639209,0.4032976218878175,0.2857808404969653,0.3688862254569587,0.3333333333333333
29303,0,,,,,,
29306,19,0.4527321744251547,0.5277773444421447,0.4362677932322495,0.1359861466291364,0.2352349113186329,0.2105263157894736
29307,0,,,,,,
29308L,1,,,,0.2134234565184589,0.4939033576045366,0.0
29401,0,,,,,,
29403L,0,,,,,,
29405,0,,,,,,
29406,2,,,-0.0,0.1243573447813303,0.4717845798916489,0.0
29407L,5,0.6140198290967651,0.4324596743680632,,0.263415403106396,0.5599832060217875,0.0
29408,7,0.6673315937618628,0.7800781238176244,0.1648508567221603,0.1830897708884337,0.3695299031201123,0.0
29409,0,,,,,,
29410,2,,,-0.0,0.3297840218524498,0.0471386083943851,0.0
29411,1,0.541083641233382,0.0,-0.0,0.2424568919234314,0.2164727674096676,0.0
29412,0,,,,,,
29414,1,,,,0.0,0.8215377524766828,0.0
29415,1,0.6597970500866414,1.0,,0.1875655531109056,0.0,0.0
29416,0,,,,,,
29419L,15,0.6360460050788351,0.4340089942225181,0.4627948640243697,0.2113134823917067,0.3787390727927928,0.4
29420L,21,0.6201620704768016,0.4642398762979239,0.3099138324052966,0.3976983769570719,0.5627253023314125,0.4761904761904761
29422,1,0.6617250822956745,0.4324596743680632,,0.2981799176876623,0.4964954018677653,0.0
29423,6,0.5364266381025177,0.6573738034147938,0.3827718356894354,0.2159472780275187,0.2744674132511205,0.0
29424L,15,0.1811111157787353,0.3789955629585496,0.5103445000233029,0.4381386930137218,0.6277419782467878,0.0
29427L,24,0.4418827446372959,0.6013740183431806,0.4673913713257089,0.3062767289309295,0.4101420414219978,0.25
29432,0,,,,,,
29433,29,0.4143822045161353,0.5461260575937616,0.4432381046705257,0.3560269476410947,0.4312177148428293,0.4137931034482758
29434L,34,0.3843882610147787,0.5346272282682969,0.4897455213443364,0.5228658227237168,0.5892541245461341,0.1176470588235294
29436L,13,0.7457394664094258,0.5750182369624639,0.3711829972644872,0.3723839337398997,0.5108894002266888,0.0
29439,0,,,,,,
29440,0,,,,,,
29441L,646,0.4147251661035308,0.5002382873167301,0.5688587659579983,0.5815000852335914,0.6824790831097477,0.1176470588235294
29445L,2,0.3857850052079883,0.6000686363890397,-0.0,0.8403118583605582,0.7075974683057432,1.0
29448,13,0.7123542144189401,0.736988241485678,0.1337398938570355,0.2297108300524269,0.2277705398185084,0.0
29449L,8,0.7631238820217963,0.7635248643200263,0.1648508567221603,0.3562305117959006,0.2199023462990032,0.0
29452,8,0.5261885718167204,0.4266791710514416,0.1337398938570355,0.2945446051740261,0.645885841308178,0.25
29453,16,0.534208878020601,0.595154567715885,0.3037164366253038,0.2797856949820788,0.3505909907602277,0.125
29454L,0,,,,,,
29455,0,,,,,,
29456,0,,,,,,
29457,0,,,,,,
29458,1,0.5446566757648622,0.9597992269344044,-0.0,0.3455860739348438,0.0003781298857336,0.0
29702,0,,,,,,
29703,0,,,,,,
29705,0,,,,,,
29706,37,0.5271695681501447,0.6834052939603777,0.5188533104640957,0.3576477133997808,0.4228488213324035,0.3243243243243243
29707L,4,0.4500192168361346,0.5054915118752059,0.1648508567221603,0.2187459995410686,0.0605480126814325,0.0
29711,0,,,,,,
29712L,6,0.951659310594396,0.4226853687599575,0.1648508567221603,0.3860581129220935,0.4561907382176822,0.3333333333333333
29717,0,,,,,,
29719L,0,,,,,,
29721,9,0.6526516336116679,0.91013944844161,0.1648508567221603,0.1431306816250278,0.1558731307534413,0.2222222222222222
29722L,0,,,,,,
29723,0,,,,,,
29725,0,,,,,,
29726,12,0.2540365688482985,0.0934011051045439,0.3711829972644872,0.3164616284441893,0.3955225624292661,0.1666666666666666
29727,0,,,,,,
29728,0,,,,,,
29729,5,0.5149070274933787,0.5979922693440447,0.1648508567221603,0.3603346558784114,0.1362242896723844,1.0
29802L,61,0.5455396883642433,0.5488254787624101,0.5652774500805036,0.4022841724923154,0.4501105785556752,0.2295081967213114
29809,9,0.4328777366712343,0.500764607789471,-0.0,0.3478649808706147,0.3670657652853795,0.2222222222222222
29818L,0,,,,,,
29822,0,,,,,,
29823,0,,,,,,
29824,13,0.4405782010705272,0.4854301047603773,0.3827718356894354,0.3616044722854884,0.5183381327420595,0.0
29825L,29,0.4217376345300107,0.5779867257801026,0.042534598579706,0.4920665299317888,0.5597993108142169,0.3448275862068966
31001L,5,0.60797246240817,0.8512083432007277,0.2260023800196072,0.7253378055640766,0.4383807946870724,0.0
32001L,11,0.3818726205719601,0.7977398605137225,0.3297017134443207,0.4661087791419966,0.5054385829502718,0.1818181818181818
32105L,0,,,,,,
32108L,3,0.7599939763768011,0.947029569607686,-0.0,0.4898495141223446,0.4560859400479981,0.0
32112,0,,,,,,
32113,0,,,,,,
32202L,0,,,,,,
32303L,5,0.425619505472168,0.6027217720576442,0.1648508567221603,0.3336011409268982,0.344542361316529,0.4
32307L,67,0.4366516638498947,0.5525032984923844,0.5718391959005723,0.5750506240148101,0.5966101225410254,0.1791044776119403
32319L,15,0.6298334830103278,0.5432201236322641,0.3393972336525825,0.3782866738080831,0.6633815340896452,0.1333333333333333
32325,2,0.5742448736983892,0.7538839549423043,0.1648508567221603,1.0,0.9663811859059196,0.0
32327L,0,,,,,,
32330L,12,0.557203347834369,0.4166946653227316,0.1648508567221603,0.3240252497809024,0.4089512827303723,0.3333333333333333
32332L,1,,,,0.2823778656052685,0.8671577315095131,0.0
32333,10,0.5399878436822744,0.5743447557760474,0.4156946192466096,0.2594361335250207,0.4302802046188417,0.8
32334,0,,,,,,
32335L,0,,,,,,
32337L,2,0.1551570072980816,0.3930174064546486,0.2472762850832405,0.769947822147992,0.2866237593062267,0.0
32404L,64,0.5067396616017025,0.6376757244629208,0.5602400608795683,0.6173238711729604,0.6507784445114735,0.125
32405,7,0.1356829203913814,0.2145609743465051,0.2472762850832405,0.6602260703955914,0.6728790154283598,0.0
32406,82,0.4856965795461619,0.5081840169339411,0.6598204604541901,0.3727370387870466,0.52446556481791,0.048780487804878
32407,34,0.3010674025976514,0.529312811631333,0.4753360739794234,0.4943711560168378,0.5726326913853272,0.1176470588235294
32408L,5,0.2094941806614713,0.4935394716083295,0.3297017134443207,0.5649487942840224,0.8460324079864832,0.0
32410,38,0.3592823781210921,0.440965311292574,0.4137849579107689,0.3457528294325276,0.4776326382388416,0.2105263157894736
32411,20,0.4191424497452147,0.2549487486169555,0.4690585395774101,0.4270465499559715,0.4720798715108734,0.2
32412,85,0.2555615679675193,0.3199913230388056,0.5527010390327939,0.5615843972882613,0.6510727675195,0.0235294117647058
32415,56,0.3334910262286826,0.4668297247112433,0.5833903137857086,0.4590629802901348,0.6017388696244195,0.1785714285714285
32417,57,0.3620268332324067,0.4217968697201225,0.5705083508955309,0.515570432380215,0.6094438762056542,0.1052631578947368
32418L,58,0.4099110348075538,0.3666594770475029,0.5622619690863618,0.5344958277486606,0.6167865652093693,0.2413793103448276
32422,99,0.3879323646542988,0.560562488057491,0.5461677966224069,0.4892319027212657,0.5875636712079464,0.0202020202020202
32425L,15,0.5902603191724027,0.7009152569685666,0.3709144276248608,0.560714588727338,0.4948538677693398,0.1333333333333333
32433,33,0.5806009830216194,0.6950735072235936,0.3859893908003727,0.3793847466676021,0.4606443147569353,0.2424242424242424
32434L,51,0.5525009591477225,0.694325910745223,0.5442037424528593,0.4132817027782702,0.5356644046834437,0.1176470588235294
32435,27,0.5945552238680664,0.7527280314320084,0.5375503176501071,0.3959131361790488,0.5895216618120394,0.1481481481481481
32437,9,0.4574540406438964,0.6257256254930215,0.1648508567221603,0.4806358407684512,0.5565005135164259,0.0
32438L,38,0.4965674262807265,0.5999661527079849,0.5730066387016354,0.4591955917506314,0.5687420721697214,0.1052631578947368
32440,29,0.3377347780155224,0.227463459200814,0.4773131055895034,0.4593144741326903,0.5372447576445535,0.0
32441,14,0.4513553916659979,0.6510269842392621,0.3827718356894354,0.5251156626587068,0.6860052731307467,0.2857142857142857
32443,25,0.6053542745258622,0.6682341429793555,0.4692379645766816,0.3364732594616884,0.5452405456626531,0.08
32444,0,,,,,,
32445,19,0.4118278448786799,0.3576618723611672,0.3316668887360962,0.6798936911745955,0.7421195463855613,0.1052631578947368
32446,1,,,,0.0295450322869673,0.8063310927990727,0.0
32447,53,0.3424884577769356,0.5638159677312811,0.5139603879842,0.5852469431085812,0.6670898580820398,0.1132075471698113
32451,8,0.4800213856952812,0.5509825138002988,0.1337398938570355,0.3642902336592926,0.4482125008778411,0.0
32452L,51,0.5436765099413489,0.6057812929085522,0.5433614025755935,0.6523830227865363,0.7340534471308853,0.392156862745098
32454,5,0.821109920541611,0.28111558753288,-0.0,0.1211395293915299,0.611236441191766,0.0
32455,0,,,,,,
32503L,1,,,,0.2823778656052685,0.0,0.0
32505,1,,,,0.3636455620290079,0.5608521580033653,0.0
32508L,0,,,,,,
32509L,2,0.5289516550118402,0.727061924044211,,0.3975071022055664,0.5241932462805553,0.0
32511,0,,,,,,
32516,11,0.293129249782642,0.5088593335877469,0.1513818549682734,0.2172794643945292,0.4163767459011704,0.0
32601,12,0.3466906145179088,0.2655673473619218,0.3297017134443207,0.4124411873893913,0.3388054598334375,0.0
32602L,19,0.6101316679566957,0.730236441374307,0.3685943744688496,0.2367300113399405,0.2456032230630922,0.3157894736842105
32603,4,0.0646040315036223,0.4099945364784656,-0.0,0.4341100094229884,0.1410594218719718,0.5
32604,47,0.4192765650076525,0.5013893551319073,0.6187297238258823,0.3627487360810159,0.4882264478787553,0.1276595744680851
32605,0,,,,,,
32608,0,,,,,,
32609,15,0.5553228445227236,0.5959714818209614,0.4945525701664811,0.2813574050005062,0.3721486713392559,0.2666666666666666
32610,8,0.5896250642363754,0.2432795658240841,0.2612824261163803,0.277217729966475,0.4790615700917576,0.0
32611,12,0.5050759506499242,0.6125185991072432,0.2063321405423268,0.2087649884476697,0.5948447897124963,0.1666666666666666
32612L,3,,,-0.0,0.9636218887129132,0.7505733406478352,0.0
32613,58,0.465373068903975,0.5268930369088117,0.5985709912569103,0.339425344038111,0.433675350857405,0.1724137931034483
32615,19,0.537384387293031,0.5590813606548855,0.3988371864779316,0.3064608085531502,0.3937308417859809,0.3157894736842105
32617L,189,0.4371128370802399,0.590258345943472,0.5409149663846229,0.4127113741780623,0.6141610165018908,0.1375661375661375
32621,0,,,,,,
32625,13,0.2820034391730153,0.3006373646911416,0.2272936401355692,0.2226482265085629,0.2115192282222688,0.0
32626,0,,,,,,
32630,2,,,,0.86705379265384,0.9355877000587588,0.0
32702L,22,0.6251676781254693,0.4821194528608576,0.3988371864779316,0.2603457927983261,0.2648029968191348,0.2727272727272727
32704,80,0.4171982060073915,0.3486894415367766,0.51118796094603,0.3093687285758536,0.3911624882969248,0.125
32706,0,,,,,,
32707L,1,0.5241409688711189,0.6003570207008444,,0.2224964050825131,0.2512880145663015,1.0
32708,10,0.6421003143798565,0.683775663390711,0.3168314930005712,0.3191740725971281,0.3244157547659517,0.4
32710,22,0.5976947389699023,0.2273712385147041,0.3904529678617316,0.265140476005804,0.2779547801769955,0.0909090909090909
32714L,32,0.5028775398071129,0.7030694818070591,0.4795008576758727,0.3755257315515098,0.5617942306769346,0.0
32716,6,0.2244356142748627,0.3985649049206002,0.3168314930005712,0.5044737805437914,0.2405478144357678,0.0
32717,2,,,-0.0,0.3203027906030133,0.2695360061794335,0.0
32718,0,,,,,,
32722,0,,,,,,
32802L,78,0.5234691935570325,0.6284709878272468,0.539263740290598,0.5495564603693939,0.6783080053539872,0.0769230769230769
32803,1,,,-0.0,0.2191696572756931,0.3881479516647929,0.0
32804L,0,,,,,,
32805L,5,0.3825191322722338,0.8581149185920158,0.2612824261163803,0.2197987150428011,0.3936073122603752,0.4
32806,2,0.5646840787243451,0.7280535939680303,,0.2435014191918095,0.4279468867780221,1.0
32816,0,,,,,,
32817L,3,,,-0.0,0.3360090726727869,0.4977050225239389,0.0
32820,1,0.6462185122634947,0.604613573143084,-0.0,0.5626925286320807,0.3959874097594612,0.0
32824,0,,,,,,
32825,8,0.9140438572983248,0.8243327563520195,0.1513818549682734,0.3338517478967364,0.2066382956186699,0.0
33501L,12,0.1820907334690284,0.0,0.2743938849133293,0.321507616590599,0.3719464321289029,0.0
33503L,3,,,-0.0,0.2348735599662711,0.5364837219982511,0.6666666666666666
33504,2,0.4552773005645857,0.7237414003173954,0.1648508567221603,0.8937538116896084,0.7277415024824577,0.0
33505,18,0.3835916176539525,0.428442139804898,0.5085587111996209,0.3676681979559915,0.5071459760055086,0.2222222222222222
33506L,0,,,,,,
33601L,1,,,,0.4547638883222917,0.2989816290097152,0.0
33603L,2,0.0,0.0,-0.0,0.5762960343377936,0.622074868130409,0.0
35001,3,0.3719216378907353,0.5811011882240467,0.1648508567221603,0.3601725835493611,0.3354120357315422,0.0
35002,0,,,,,,
35003L,9,0.7532041707641636,0.7452291564542599,0.2612824261163803,0.3130566592370334,0.4717626987822318,0.0
35004L,15,0.4539078522869332,0.6041344806604076,0.4816823497227316,0.3130133465338184,0.5505688089278696,0.4
35007L,4,0.1731809710437926,0.0,0.1648508567221603,0.395716721920369,0.5198297589592704,0.0
35008L,8,0.8488707756297553,0.8079821898278614,0.1648508567221603,0.0715061716628266,0.1996639362748469,0.25
35009L,5,0.5664764312575177,0.783794161664024,0.160062037330743,0.314362169519407,0.3307422397028792,0.4
35018L,16,0.7149897489141032,0.6342517901483073,0.3908532367417675,0.3633070969380669,0.4012752817519434,0.25
35038L,17,0.6502183178017295,0.4299130190607403,0.2954920697803505,0.2010107466603468,0.1074154351044156,0.3529411764705882
35041,0,,,,,,
35043L,8,0.8210252091637996,0.8751411283609739,0.1513818549682734,0.4068568105361088,0.7008725565234386,0.0
35045,4,0.5982646375660363,0.226726306326486,-0.0,0.1688852701135041,0.1085083420933116,0.0
35046,0,,,,,,
35050,2,0.4670905036759009,0.6511991748720388,-0.0,0.2324433810249041,0.4271001410085496,0.0
35051L,1,0.2564800560093409,0.0659232140641039,-0.0,0.7042926562051839,0.6504628311035684,0.0
35053,68,0.4760730357019533,0.501363558408725,0.5744961617383377,0.4151171803596247,0.5691510189592098,0.1764705882352941
35055,2,0.2019710156765666,0.4963079610016561,-0.0,0.8731830734615564,0.999006383032429,1.0
35101L,4,0.3368771560931037,0.4696200528320591,-0.0,0.3959833328976213,0.2705339432207768,0.0
35103,1,,,,0.6616271155827201,0.0,0.0
35104,44,0.556475262027617,0.6571252134518035,0.549609304101591,0.2815317675834138,0.2702737291534308,0.1363636363636363
35105,0,,,,,,
35106,0,,,,,,
35107L,2,,,-0.0,0.2823778656052682,0.2421640187597354,0.0
35118,7,0.9146460308770872,0.7682543670336258,0.1648508567221603,0.2519024794463661,0.4361303938975377,0.2857142857142857
35119L,0,,,,,,
41101L,1,0.1753296146171647,0.4335724985359689,,0.6826965183592452,0.5067598971501521,0.0
42101L,20,0.4120537458741395,0.6404616656625051,0.3988371864779315,0.3936687049458659,0.5818926068690313,0.0
42203,22,0.3681833632703489,0.365510935955555,0.5085587111996209,0.4370581881933931,0.5682107377261102,0.3636363636363636
42204,20,0.4958077926804763,0.7066957602851882,0.4603429265025109,0.3152764912838115,0.3464093850992744,0.2
42205L,11,0.6110555385109484,0.8354291697267839,0.3685943744688496,0.4634767614353196,0.775255020343946,0.0
42209,11,0.4304394697567651,0.6753003042663406,0.3297017134443207,0.3902940404242205,0.4384494314614685,0.0
42210L,10,0.7645311838661788,0.6865015344128349,0.4627948640243697,0.2223426690096218,0.1622947174037891,0.4
42224,0,,,,,,
42225,18,0.4421821647434717,0.6819232951122502,0.4390856565370173,0.2325023412939224,0.4731020654348077,0.3333333333333333
42226,13,0.357110609391051,0.4444984085481346,0.3685943744688496,0.264854327725819,0.5293299186410513,0.0
42303,32,0.420526879206998,0.4561071879360605,0.4539060174914769,0.3127091787220069,0.4827700015059079,0.125
42304L,24,0.410449502792883,0.5901916609722638,0.4433705635981766,0.6116390367605715,0.6902059521205284,0.0833333333333333
42309L,26,0.4830395931252696,0.5417756802710328,0.5175611771296422,0.3619888609577804,0.555726007465833,0.1538461538461538
42317L,15,0.3448926110079158,0.5572284602411159,0.453339855985941,0.3755482760553966,0.449189185926963,0.0
42328,11,0.5976746215997514,0.5370065764581567,-0.0,0.243322727060666,0.3423481630279027,0.0
42334L,17,0.5603009517981992,0.5976769691631381,0.4492978048006894,0.3222149716953367,0.4832996681135857,0.1176470588235294
42336L,20,0.282354753928451,0.5423752778477475,0.4362677932322495,0.4040191413966029,0.5349209374671798,0.6
42338,2,0.3609412529250287,0.8227562554474863,-0.0,0.4968823172769123,0.6253475766892174,0.0
42340L,1,,,-0.0,0.0548283156187975,0.9036537147357776,0.0
42341L,7,0.336193714687459,0.5339620787599287,0.160062037330743,0.4207586931268029,0.4447656042144663,0.0
42343,3,0.7574204335400824,1.0,0.1648508567221603,0.5871393279889447,0.3743761240363646,0.0
42344L,9,0.6775632814187008,0.6807585668320355,0.2472762850832405,0.2608500562822917,0.3829635793896471,0.0
42346L,40,0.4220014497392271,0.7020044158513221,0.561772359647402,0.3400029971028699,0.3695185753361487,0.3
42349L,0,,,,,,
42354,2,0.4777386563871911,0.721026904222111,-0.0,1.0,0.8323344808477858,0.0
42358,0,,,,,,
42360L,1,,,,0.4087942822644189,0.395751281503598,1.0
42362,54,0.5452274534627884,0.5130087072405478,0.5488529834004077,0.4553778322738699,0.462169073070671,0.074074074074074
42363L,2,,,-0.0,0.3771901780996312,0.4676746718706731,0.0
42365,9,0.5800781626799106,0.6612493681384377,0.2612824261163803,0.3028202028229683,0.6203059732706887,0.4444444444444444
42367L,0,,,,,,
42404L,25,0.2002914977226834,0.5119353390156396,0.5116478836050761,0.5105493856714876,0.6981043552432143,0.0
42405L,33,0.4833116359056491,0.5713936947508229,0.5280774790697457,0.4029865906250198,0.523972936150607,0.0
42411,17,0.3268105177055116,0.4690491604779256,0.4362677932322495,0.3756127067807406,0.5235297118727427,0.0
42412,17,0.6394990307749459,0.5066839108325121,0.4156946192466096,0.3242171562804442,0.4036659031332103,0.1176470588235294
42413,28,0.5725792947762617,0.5782419015575451,0.5627734371831713,0.4292883396583662,0.5776221058620147,0.2142857142857142
42415L,34,0.5188827637056987,0.5564004634006063,0.4384265780763609,0.5721016216984401,0.7109282907859783,0.4117647058823529
42418,36,0.4853475470400329,0.5738365107083172,0.5727751239745997,0.3477638822716771,0.4801801346907754,0.1666666666666666
42419L,46,0.4843916886335524,0.5709447446086671,0.5009096043057567,0.3229941305314708,0.5332261966325924,0.0434782608695652
42421,21,0.3436165962207191,0.4967924526862153,0.4789424759767669,0.7006014130379575,0.7972239728832602,0.0
42422,43,0.4748477832983234,0.5894482237876075,0.5315911317011944,0.316945402133919,0.2849768251313311,0.1860465116279069
42423,2,0.5723956210078001,0.6468637973845726,0.1648508567221603,0.3139819697700561,0.5021978992468692,0.0
42424L,7,0.5690036493825484,0.4267842711117438,0.1648508567221603,0.0978427327158071,0.3814506030113261,0.0
42426L,22,0.4903621643640733,0.5543139207537437,0.4076606059815353,0.6077924144137796,0.711165249427458,0.3636363636363636
42430L,3,,,,0.3425761592524831,0.493508379431092,0.6666666666666666
42431,128,0.4706389282528841,0.5906739861977381,0.535536998841435,0.4993227224662029,0.6434267471476978,0.140625
42502,0,,,,,,
42504L,93,0.3937460062267264,0.4315758185836612,0.5930337570541273,0.4637109787429764,0.6208109344288935,0.0
42505L,0,,,,,,
42506L,3,0.5990979562961147,0.7067708317568326,0.2612824261163803,0.8529573588914503,0.9072576646822472,0.0
42507L,3,0.4918658810346899,0.546668406563132,0.1648508567221603,0.7246848281781771,0.1969209147340663,0.0
42510L,0,,,,,,
42511,0,,,,,,
42512L,0,,,,,,
42513,12,0.3031838605605122,0.5534785369231117,0.0975377644484777,0.3203413022421114,0.3296186261681368,0.3333333333333333
42514,1,,,,0.201110169181529,0.5673692978651983,1.0
42516L,0,,,,,,
42520L,2,0.5157586571862866,0.5685494496340311,0.1648508567221603,0.8220987420418822,0.891873714116742,0.0
42523,0,,,,,,
42527L,17,0.5336016711637511,0.4333750619900501,0.3685943744688496,0.3030400446306506,0.2260684056482861,0.7058823529411765
42529L,2,0.5799805934448944,0.5901097648213789,-0.0,0.1970467843603421,0.681256316950729,1.0
42539,0,,,,,,
42540,2,0.8036210398693602,0.0351814464257074,0.1648508567221603,0.1454267475578555,0.1083991745148181,0.0
42547,0,,,,,,
42601L,24,0.4304960477308837,0.4881828452619453,0.5008696861703605,0.5909075431858504,0.6526774251566632,0.25
42606,0,,,,,,
42609,0,,,,,,
42610L,1,,,-0.0,1.0,0.7553887828790783,0.0
42612,0,,,,,,
42614L,0,,,,,,
42617,1,0.2729679198459253,0.3898941499456679,,0.9095977790295152,0.8496115857276553,0.0
42621,1,0.1465133131874588,0.0,-0.0,0.6890727849889825,0.7612113328345844,0.0
42623,2,,,,0.2823778656052685,0.7702152760647486,0.0
42625L,0,,,,,,
42631,2,0.5225504202993544,0.5648857503488485,-0.0,0.8196476364066583,0.5516195431991022,1.0
42708L,0,,,,,,
42715,1,,,,0.38448343290689,0.1582934419224546,0.0
42718,0,,,,,,
43101L,2,0.6416917502309508,0.7824428751744242,-0.0,0.9954454658232896,0.4128587736409094,1.0
44101,1,,,-0.0,0.5984189072531452,0.6656694907811785,0.0
44102L,0,,,,,,
44104L,16,0.6672807528495721,0.7033311934196693,0.2317208036506781,0.3520457338938925,0.5592415896128478,0.125
44114L,5,0.5126380089179235,0.5230669895128109,-0.0,0.7205427225114522,0.8187813365274282,0.0
44116L,0,,,,,,
44119L,0,,,,,,
44203L,1,,,,0.8591527666126431,0.7062205832548059,0.0
44204L,0,,,,,,
44206L,0,,,,,,
51002L,0,,,,,,
51004,18,0.7021794033305231,0.5751815139484534,0.4390856565370173,0.2870416741585821,0.177995798193364,0.5555555555555556
51005,65,0.4052681706251001,0.5140176098990079,0.549250525176148,0.3335614402911241,0.4471029591912899,0.0923076923076923
51006L,24,0.4723463696029474,0.6645994325605706,0.4690585395774101,0.2369943769660897,0.5019121334299567,0.1666666666666666
51008,15,0.5974433920535922,0.5929365940295074,0.3965716603728385,0.295647859880169,0.4020539291022114,0.2666666666666666
51009L,39,0.4217056681438229,0.6544507079876385,0.5274425993196642,0.3829422668270344,0.5091880462480807,0.358974358974359
51010L,0,,,,,,
51013,0,,,,,,
51014,18,0.5673084408570227,0.6375881060160404,0.4289777020680615,0.3729283706609071,0.5215735689071702,0.3333333333333333
51017L,6,0.6448441789870664,0.5375597346702736,0.1648508567221603,0.1999000239099383,0.0,0.6666666666666666
51021,1,0.7550049064745759,0.9768779867335136,-0.0,0.3407239040633381,0.0,0.0
51022,0,,,,,,
51023L,0,,,,,,
51025,3,,,0.2612824261163803,0.6911951009917932,0.483839158851771,0.6666666666666666
51026,21,0.4193764502943424,0.5707707565663387,0.524556384658117,0.3326653797409065,0.4615610933677097,0.0952380952380952
51027,0,,,,,,
51028,0,,,,,,
51029L,20,0.5467854807757591,0.6266246787721759,0.4354707101939672,0.3267927373653083,0.2341914998485857,0.6
51031L,1,,,-0.0,0.4178240263115015,0.1415828268921138,0.0
51033L,43,0.5221455040123564,0.61014232515247,0.5641948364866107,0.4071831253112395,0.4296224796574776,0.1860465116279069
51037,9,0.3522646931347579,0.4887158645403516,0.2954920697803505,0.199654829710754,0.1447892717884058,0.2222222222222222
51038L,0,,,,,,
51101,2,0.4861859286463125,0.2432795658240841,,0.0927532406165425,0.9583976895751742,0.0
51102,1,0.1663213399187592,0.5642101071040486,-0.0,0.3203027906030136,0.5544074308066641,0.0
51103L,1,,,,0.8512517405714461,0.5569418740862658,0.0
51105L,0,,,,,,
51108L,0,,,,,,
51111L,1,0.4969062552080694,0.6081269180160436,-0.0,0.7754018905759558,0.575189865699398,0.0
51201L,0,,,,,,
51203L,1,,,-0.0,0.0927532406165425,0.0,0.0
51205,0,,,,,,
51207,12,0.5541007990952469,0.0,0.2612824261163803,0.3019157988395425,0.6507678369505489,0.1666666666666666
51212,0,,,,,,
51213L,0,,,,,,
51217L,0,,,,,,
51301L,25,0.391995142136482,0.4935043898054502,0.0490385550854126,0.35811396932413,0.4451688440630088,0.08
51402L,2,0.924485864676954,0.5576095923279261,-0.0,0.4147756216715654,0.6038219446115632,0.0
51403L,2,0.0905257223997338,0.4797547015040578,-0.0,0.3786159271596966,0.1831153015379175,0.0
51414,0,,,,,,
51501,7,0.3618682401393995,0.8325756039385787,0.1648508567221603,0.1586703721602423,0.2983407299020902,0.0
51502,6,0.6355814462238291,0.7382509154297052,0.1648508567221603,0.3301790731545098,0.2725826182051215,0.3333333333333333
51503L,0,,,,,,
51519,14,0.5845948611392131,0.6034887184436333,0.4121271418054009,0.500323031422882,0.5100166169772615,0.0
51601L,1,,,-0.0,0.2823778656052685,0.4109579411812081,0.0
51603,0,,,,,,
51701L,1,0.5928055540258919,0.3300556590909963,,0.3748776826729396,0.4215284241278397,0.0
51710L,7,0.4765574569425785,0.6037727726606663,0.2954920697803505,0.6963834031117909,0.8994174994839303,0.0
51711L,5,0.4247238890258971,0.0,0.2472762850832405,0.397954981290972,0.4047753804496748,0.4
51717,1,0.9823872627488386,0.9905409945728012,,0.4273753159199233,0.5111419305526573,0.0
51848L,0,,,,,,
51901L,1,0.6200056187356301,0.3851646472320684,-0.0,0.4501227261722186,0.595192471890716,0.0
51902L,1,0.0,0.0,-0.0,1.0,0.8671577315095131,0.0
51904,3,1.0,0.0,0.1648508567221603,0.3621536912734034,0.5230118179070515,0.0
51905,1,0.2021656462342196,0.3197398596939423,-0.0,0.94385911556594,0.7499139433410784,0.0
51910,0,,,,,,
51911L,14,0.5501496628489292,0.7449282759801449,0.3709144276248608,0.4372433508603748,0.4459119225651639,0.1428571428571428
52101L,2,0.8509270560816125,0.6121807774848431,-0.0,1.0,0.4491982177234339,0.0
52106L,6,0.4579062190889846,0.8037359939609071,0.2612824261163803,0.6993454054745164,0.8118627575674179,0.0
52108,5,0.4412545729093395,0.5521285390819025,,0.3771901780996314,0.557150592944586,0.0
52109,5,0.5813435920277349,0.79709506005185,0.3827718356894354,0.7333232833165526,0.5367550333642384,0.0
52110L,9,0.5526091639359377,0.7672304540750114,0.3162327116904338,0.8404855829485596,0.5824012424196483,0.0
52113,1,0.3193581765681094,0.5382285532358333,,0.650472725877501,0.6779689949321869,0.0
52201L,0,,,,,,
52202,1,0.8830332986741593,0.4371891770816626,-0.0,0.2507737614404806,0.0,0.0
52204L,0,,,,,,
52205,3,0.2902339918478308,0.456713534437804,0.1648508567221603,1.0,0.8091737791802475,0.0
52206,2,0.4090557711301358,0.9438765677986196,-0.0,1.0,0.8440309365831479,0.0
52207L,0,,,,,,
52208,0,,,,,,
52209,1,,,-0.0,0.3203027906030136,0.2974446992348123,0.0
52210L,3,0.4833812172800853,0.6425433866778457,0.2612824261163803,1.0,0.853611126343001,0.0
52211,0,,,,,,
52212L,0,,,,,,
52215,0,,,,,,
52302,0,,,,,,
52303,0,,,,,,
52309,0,,,,,,
52310L,0,,,,,,
52313,0,,,,,,
52314L,1,,,-0.0,1.0,0.9862765656507928,0.0
52315,1,0.1705300304747295,0.3851646472320684,,0.4720024905939939,0.4907929044886616,1.0
52322,0,,,,,,
52401L,13,0.3946444160260935,0.5041904655243219,0.2743938849133293,0.3982034157664623,0.5121705969684837,0.3076923076923077
52402,11,0.4633261124239462,0.3706771310169755,0.3553589461922984,0.6280806431208754,0.6893078068854883,0.0
52403L,11,0.579721589467254,0.71778759646942,0.3685943744688496,0.6107670043374139,0.5562333942728319,0.0
52404,13,0.5421084723346953,0.8368898332431791,0.3297017134443207,0.3686966050257329,0.5952203973123333,0.0
52405,25,0.4124095086267141,0.5731613738204744,0.437439050715692,0.4982189240015874,0.5677188991190119,0.16
52406,36,0.4803071888929063,0.0,0.4530206801203783,0.3902273159860259,0.5015234161161517,0.0555555555555555
52408,7,0.641268179608781,0.6337081691467441,0.3297017134443207,0.4933709459016732,0.2778126448386239,0.0
52409,24,0.4118245804246909,0.6537294323428363,0.5501362140162069,0.5127842527489805,0.6388388961945689,0.25
52410,32,0.4109818172128454,0.6005943140895891,0.52798754363074,0.3880413530131275,0.5439740275998631,0.1875
52411L,76,0.4711735395452031,0.583006601777809,0.5753570292567106,0.3215417997866812,0.443160649510414,0.0
52412,24,0.7806883955894459,0.6718289833503888,0.3078810469699462,0.2951573867909349,0.5079197584117701,0.0833333333333333
52413,22,0.3185223663292982,0.5640149496601818,0.4157420070338674,0.3721421477623993,0.6089446317330831,0.0
52415,20,0.5606560279624955,0.6287020808830251,0.2482449908538959,0.6201247165737562,0.7839112522517032,0.0
52417,18,0.4937792580269588,0.6794054558963121,0.4673913713257089,0.5873530018852077,0.6502815849747943,0.1111111111111111
52418,21,0.5163402012251684,0.6007488045890008,0.3491670074158389,0.4205011155567414,0.4976697256979006,0.0
52419L,96,0.3540981654306625,0.5686122665167832,0.5189435522707303,0.5021163720641211,0.62237942381631,0.0208333333333333
52423L,25,0.4963282256938103,0.5820428734440531,0.4371024819489638,0.6107598350477896,0.7382892508884609,0.08
52425,45,0.3841271982786059,0.5946836083863891,0.5611034429716324,0.542457610173357,0.738827638327677,0.0
52426,38,0.4304008536103985,0.4679491763631729,0.510671849662429,0.558030570964049,0.7311309613005116,0.0
52427,0,,,,,,
52428,42,0.3432845247505526,0.5370676012762943,0.5162107699508155,0.5694160849636619,0.7457737873060304,0.238095238095238
52429,14,0.6098573283854472,0.5655572229563348,0.4707132474575525,0.3937640197717616,0.536170272081153,0.5714285714285714
52430,3,0.3418154272399902,0.0,0.1513818549682734,0.295458033118446,0.4736308429984401,0.0
52431L,0,,,,,,
52438,0,,,,,,
52439,73,0.4880005279389891,0.6429050394201652,0.5746008846944132,0.45833514183921,0.6182077103423953,0.0821917808219178
52440,0,,,,,,
52501L,2,0.5347782597417986,0.2770617280640803,0.1648508567221603,0.2300275090132889,0.8863138700241954,0.0
52601L,8,0.4189954294735375,0.5696630258171307,0.3168314930005712,0.4656923951357532,0.052488677673777,0.0
52605,2,0.7467190915051957,0.7895371292448234,0.1648508567221603,1.0,0.9590313003950744,0.0
52606L,15,0.2849655518749122,0.5568762184151699,0.374366803791944,0.7599945790624567,0.833558751231569,0.1333333333333333
52701L,0,,,,,,
52702,1,,,,0.3203027906030136,0.7348597923143046,0.0
52704,64,0.4933022994016069,0.5480634619955935,0.5232519536515352,0.3977674101118733,0.6130840491194977,0.0625
52705L,37,0.4523521438012786,0.387942114627555,0.5094220970863529,0.4874018231449346,0.559718977282735,0.0
52707L,6,0.2594127159408834,0.3350600145236384,0.4261332828385406,0.643332937253272,0.7080930717796233,0.0
52710,1,0.235125194230713,0.4507674268078031,-0.0,0.4720024905939944,0.7360002917901256,0.0
52711,36,0.4254244485532111,0.5165126403346298,0.3837551300837268,0.4930206900348613,0.5623244949311167,0.0555555555555555
52712L,17,0.6899832309120362,0.6037307326365455,0.4157420070338674,0.3279226611578242,0.4670039310312106,0.3529411764705882
52713,48,0.3909820241147587,0.5640477472064388,0.5252219644153513,0.4489874948407489,0.627818037706373,0.0
52714,77,0.4788896093025619,0.640113245119267,0.4833209758065122,0.5286004610341011,0.6790380395896312,0.0519480519480519
52716L,2,0.4018452140696514,0.5743447557760474,-0.0,0.723255118704056,0.6861034397229668,0.0
52719L,1,0.0,0.1959845386880895,-0.0,1.0,1.0,0.0
52722,1,,,-0.0,1.0,0.0,0.0
52723,0,,,,,,
52801L,0,,,,,,
52901,1,0.2994628451602129,1.0,-0.0,0.4156276020838323,0.3947416736636626,0.0
52902L,0,,,,,,
52903L,0,,,,,,
52904,0,,,,,,
52907,0,,,,,,
52908,0,,,,,,
53101L,0,,,,,,
53102L,1,0.8425419489443475,0.4986727123584558,,0.2329105721299488,0.1962915971551815,0.0
53103L,1,0.6427173800583416,0.0616666616218644,-0.0,0.1433198072802027,0.1063178589730846,0.0
53104L,1,0.1326233074035092,0.676502014389796,-0.0,0.8492127661092016,0.701846624691622,0.0
53108,0,,,,,,
53109,0,,,,,,
53111L,1,0.5923614767427899,0.1486895115520947,,0.2146547852521522,0.2140024547798535,0.0
53114,0,,,,,,
53119L,2,0.6156915983390101,0.6331921747862441,0.1648508567221603,0.7015480892645574,0.6089956167607675,0.0
53124L,2,0.5474303098554643,0.4797547015040578,-0.0,0.4865890002085117,0.442102349944006,0.0
53201L,0,,,,,,
53203,0,,,,,,
53204,0,,,,,,
53206L,1,0.6936695251721217,1.0,-0.0,0.457415980979477,0.4214856286503228,0.0
53207L,4,,,-0.0,0.3139819697700561,0.1676513863394454,0.0
53214L,6,0.5950623923780264,0.5984222241361902,0.3297017134443207,0.6358210575955325,0.6677636720602548,0.0
53216L,0,,,,,,
53301L,0,,,,,,
53303,1,0.3901956728498474,0.586168512560046,-0.0,0.5984189072531445,0.9203810403811488,0.0
53304,0,,,,,,
53305L,2,1.0,0.8581149185920158,-0.0,0.3523583819701554,0.4492461378694765,0.0
53306L,4,0.2285611511868717,0.5815793832146583,-0.0,0.8522446038309216,0.6308370509804805,0.0
54101L,2,,,-0.0,0.6365695758520673,0.656276101942028,0.0
54102L,5,0.5134711325334227,0.7052694023239439,0.1337398938570355,0.6572405770411738,0.6562821801981797,0.0
54104L,11,0.3925002935875685,0.6868393560352348,0.3685943744688496,0.4931593305926527,0.5862398977965142,0.1818181818181818
54107,0,,,,,,
54201L,2,0.2835255150089693,0.6631963467555362,0.1648508567221603,0.956293915578411,1.0,0.0
54205L,0,,,,,,
54206L,2,0.7639747654702901,0.8675739240192147,-0.0,0.4087942822644191,0.4717845798916489,0.0
54208L,1,,,-0.0,0.8363792209644869,0.4494218450716339,0.0
54209,6,0.4991150703468729,0.3221046110507422,0.1648508567221603,0.2899779001782292,0.3029272963881856,0.0
54211L,3,,,0.1648508567221603,0.6679479364156778,0.8108930907023556,0.0
54301L,1,0.6147466975914029,0.7733622299643133,-0.0,0.5839121053414388,0.7623314955351677,0.0
54312L,0,,,,,,
54401L,0,,,,,,
54402,0,,,,,,
54501L,2,0.6171322017266285,0.8472227305243322,,0.7510215816488338,0.4262732198565156,0.0
54701L,1,,,,0.3365563298877613,0.3718551020102106,0.0
54703,0,,,,,,
54704,1,0.6166132612387437,1.0,,0.0656640084752959,1.0,0.0
54705L,0,,,,,,
54709L,1,0.0,0.411871043152145,-0.0,0.9733359092439628,0.9079594206220222,0.0
54712L,0,,,,,,
54801L,1,,,,0.5668148030883572,0.0,0.0
61001L,6,0.1914660079056927,0.3121062763667293,0.2472762850832405,0.6011510927535788,0.4585176411064621,0.0
62114L,2,1.0,1.0,0.1648508567221603,0.5747158291295541,1.0,0.0
62122,0,,,,,,
62301L,0,,,,,,
62303,3,0.6513934007736666,0.8504576284842833,,0.8898692695928744,0.6497550556992185,0.0
62401L,11,0.4517861801354886,0.4898305985895524,0.2472762850832405,0.3268045708517689,0.3502571852524496,0.1818181818181818
62403L,9,0.8547989621108816,0.6318741166529458,-0.0,0.2920418449470629,0.3316613858372739,0.0
62408L,59,0.4556886341046696,0.5952705074799919,0.525832880217983,0.3478011305747889,0.3986843100110302,0.0338983050847457
62412L,29,0.4218709003134064,0.4260309491226316,0.453339855985941,0.4417034379233459,0.5236285777407554,0.0689655172413793
62419L,23,0.2993984975822409,0.4370840770213604,0.0975377644484777,0.2312444783871343,0.3414065246628427,0.0
62421,25,0.5029840998663977,0.6466928870061373,0.4158758577409859,0.4301255256828991,0.6352535999002965,0.4
62422L,9,0.4129974219642075,0.5870654872126253,0.1648508567221603,0.4080142127092405,0.6179519582150395,0.0
62424L,3,0.8189518827178808,0.7564306102496271,-0.0,0.2144875677697989,0.393991251448319,0.0
62428,5,0.3477199141021063,0.6479147979875948,0.1648508567221603,0.2719197802271023,0.3110916598075207,0.8
62434L,4,0.2342133562697856,0.9033536402003586,-0.0,1.0,0.870671476218108,0.0
62435L,1,,,-0.0,0.0611491364517548,0.0,0.0
62438L,1,0.0,0.4482246834133947,,1.0,0.9247829681825624,0.0
62439,0,,,,,,
62441L,1,0.8686166899983851,0.0,,0.2823778656052685,0.6390578363453606,0.0
62501L,3,0.5329903864883438,0.7668681334796398,0.1648508567221603,0.6893684959051452,0.6830726679677765,0.0
62511,17,0.4581730778897462,0.6322453344516288,0.2985907505791958,0.231180884820047,0.5174465346714578,0.4705882352941176
62513L,20,0.5479892781878926,0.6624427979799847,0.4835074484646595,0.4772475848176956,0.5684067209018965,0.2
62515L,15,0.5786107179984578,0.5408191669201523,0.3553589461922984,0.3214809371612001,0.3346163235061432,0.0
62521L,0,,,,,,
62525,8,0.7344894341060886,0.6949470749728339,0.2612824261163803,0.1801912621391217,0.4791978264844836,0.25
62526L,7,0.4474537217226116,0.5133248972358817,0.3685943744688496,0.6758570973614217,0.5919379629087168,0.0
62527,6,0.1396834686431091,0.5719800044192476,0.2612824261163803,0.2782392329170225,0.6366817957707346,0.3333333333333333
62528,7,0.4676979635242518,0.5763361253396682,0.2612824261163803,0.4529270018871452,0.4527257348305911,0.5714285714285714
62529L,40,0.4871227876102751,0.5225705402551375,0.5743706711830028,0.4391902751269795,0.5951341213058768,0.25
62536L,32,0.5570176365585354,0.5605384951148413,0.4422270504564398,0.2783260258947933,0.3760291237027688,0.125
62539L,32,0.4637554545435666,0.3601440522310905,0.5186932215933298,0.4625639678829152,0.586152383789987,0.0625
62542,0,,,,,,
62544L,11,0.4142000452160291,0.3918245592165248,0.3214941296910895,0.3458562504167103,0.5159643174413472,0.5454545454545454
62548L,3,,,-0.0,0.1301035455385644,0.3828954349021463,0.0
62601L,0,,,,,,
62603,2,0.5658655182203227,0.586168512560046,,0.1875655531109053,0.0,1.0
62604L,2,1.0,0.8581149185920158,-0.0,0.265785710918755,0.4670324987423956,0.0
62607,23,0.441769664282274,0.3862366678471509,0.4763446992186461,0.4090095108456715,0.5051016110219085,0.0869565217391304
62608,0,,,,,,
62701L,3,0.9138872212153386,0.6831233181888352,-0.0,0.1250596582072144,0.0683012097790591,0.6666666666666666
62702,1,0.5579264138911381,0.9054099457280104,-0.0,0.7483126584347093,0.5113218950534351,0.0
62704,0,,,,,,
62705,4,,,-0.0,0.3009452768020813,0.2131110933186087,0.0
62801,0,,,,,,
62802L,0,,,,,,
62806,5,0.5274862589759092,0.7493363561792279,-0.0,0.5288898780906119,0.6604992264907912,0.8
62810,12,0.4491305873818552,0.4333195839523539,0.4156946192466096,0.2936527652425034,0.231745248217621,0.5
62811,4,0.5949020358819268,0.6039041477360441,0.2612824261163803,0.1763377792628891,0.3304726930849095,1.0
62812,0,,,,,,
62813,24,0.4052869064569475,0.644240603256538,0.4459593187317031,0.3084158178267482,0.3768537831529613,0.0833333333333333
62814,17,0.3959770069497388,0.7009682485956097,0.3988371864779316,0.2993471275378848,0.2680768102084775,0.1176470588235294
62815,4,0.405534903747561,0.7523460397242457,0.1648508567221603,0.4123856577376901,0.4616756072650557,1.0
62816,0,,,,,,
62817L,0,,,,,,
62822,0,,,,,,
62823,0,,,,,,
63101L,0,,,,,,
63103,0,,,,,,
63104,2,0.2026277061898805,0.3317670359494936,-0.0,0.5308859267747039,0.9397895402328356,0.0
63106L,0,,,,,,
63108,0,,,,,,
63109L,1,,,0.1648508567221603,0.9526788655654158,0.7987277629602672,0.0
63401L,0,,,,,,
63402L,1,0.4601326095222976,0.7967839479188872,-0.0,0.930262000983415,0.8633560665901108,0.0
63403L,0,,,,,,
63407,0,,,,,,
63414L,1,,,,0.0,0.2740980040827167,0.0
63421,0,,,,,,
63422L,0,,,,,,
63428L,0,,,,,,
63430L,0,,,,,,
63434L,1,,,-0.0,0.2191696572756931,0.6466611661841657,0.0
63435,0,,,,,,
64101L,0,,,,,,
64105L,0,,,,,,
64106L,1,,,-0.0,0.6616271155827201,0.3197179831155472,0.0
64201L,1,0.5746783336009632,0.6162346369536428,-0.0,0.7697131518262942,0.449620873411532,0.0
64202L,1,,,,0.0927532406165425,0.0,0.0
65101L,1,,,-0.0,0.5352106989235694,0.8291410823154879,0.0
65201L,3,0.5591341541333728,0.5270497286400526,-0.0,0.1559614489461178,0.5782311976349201,0.0
65212L,7,0.4578222822050201,0.7111365265693861,-0.0,0.5145671854127785,0.2492109681521421,0.0
65238,0,,,,,,
71101L,12,0.4200699784305783,0.5483679621216022,0.362203662761896,0.7031243338067523,0.7169703790083443,0.1666666666666666
72001L,0,,,,,,
72203L,7,,,0.2472762850832405,0.4182632002265182,0.5542004787012034,0.5714285714285714
72206L,11,0.3589339949831514,0.5435984838493522,0.2260023800196072,0.1937114392030681,0.2844236922659543,0.5454545454545454
72210L,0,,,,,,
72213,2,0.8903734482503418,0.9527049728640052,-0.0,0.0295450322869675,0.0459981089185641,0.0
72214L,0,,,,,,
72215,0,,,,,,
72225,2,0.8301010978812168,0.8344674050240184,-0.0,0.5254421576362717,0.648389195692985,0.0
72231L,49,0.3567075842289466,0.505697539936055,0.5567236026630646,0.4271770768036201,0.5369626438132472,0.4489795918367347
72234,1,0.376461999329733,0.2799332118544801,-0.0,0.8535091765832168,0.8734033238771028,0.0
72301L,10,0.3968392360930194,0.4365323017047738,0.3711829972644872,0.3717607283393509,0.5749739532791233,0.0
72303L,4,0.6864191303289546,0.5005645134438956,0.1513818549682734,0.4240638109799337,0.8875934211403674,0.0
72306L,5,0.6746536291310408,0.4845837726958384,-0.0,0.1753753986473445,0.4380040716078147,0.0
72308L,7,0.5228608663149157,0.2584496688677051,0.2612824261163803,0.3084725172427781,0.4894721604441983,0.2857142857142857
72310L,6,0.1518713071722685,0.5821890420949669,0.3168314930005712,0.3477357958432383,0.1827728642893871,0.0
72313L,19,0.4908584051031416,0.5880603136454858,0.4390856565370173,0.4854657098649007,0.5372679702011478,0.1052631578947368
72315L,4,0.4124638033724155,0.8786094303509469,-0.0,0.3808368055032607,0.3797842888421072,0.0
72317L,94,0.4896677927633622,0.6652398447112303,0.4970156345942919,0.3384931890497412,0.4304083442377155,0.0638297872340425
72319L,13,0.5579825103459125,0.5634705098421836,0.3168314930005712,0.2923594670601633,0.551770555556099,0.1538461538461538
72325L,25,0.4507183643029127,0.4951260831656471,0.5156513049293996,0.4666611824286205,0.6349222133267146,0.16
72328L,3,0.5001672445704516,0.7011465582595793,0.1648508567221603,0.6576349634261998,0.5397274444706551,0.0
72330L,7,0.4610974081792978,0.5265261051253327,0.1337398938570355,0.523024009822307,0.6995199701846914,0.0
72336L,11,0.7217602850514043,0.4968991488408559,0.2260023800196072,0.2088090831831043,0.2593563414365708,0.3636363636363636
72340,0,,,,,,
72341L,0,,,,,,
72342,20,0.4196241360236586,0.2770361112585904,0.4458448952702009,0.3308251621420103,0.5523557995304522,0.3
72350,0,,,,,,
72351,0,,,,,,
72353L,8,0.7117923599345726,0.702597741127186,0.3711829972644872,0.3974243997129826,0.5794387505634759,0.5
72355,2,,,,0.2918590968547047,0.2560944052144032,0.0
72356,0,,,,,,
72358L,1,0.59331070015903,0.2905745929600789,,0.6616271155827201,0.2893046637603267,0.0
72403L,0,,,,,,
72406,0,,,,,,
72408,1,0.3535603420773755,0.9586864027664987,-0.0,1.0,0.8199084675112244,0.0
72416L,0,,,,,,
72420L,0,,,,,,
72424L,1,,,,,,0.0
72503L,0,,,,,,
72508L,1,,,-0.0,0.61948831002967,0.9660010194139792,0.0
72518,0,,,,,,
72601,18,0.4867146334131525,0.5034424661589795,0.46406709854253,0.3178227053765071,0.3866279479088482,0.2222222222222222
72602L,29,0.3283417110405914,0.5320749405504593,0.4112895095836323,0.596315447559987,0.6904052886262212,0.1379310344827586
72604,17,0.4290542457594306,0.4818755100893139,0.366175268161008,0.617077857212002,0.6079417703271778,0.1176470588235294
72605,10,0.3072666760504323,0.5075786986989705,0.4859313285167251,0.57238271917342,0.6492291987994376,0.0
72606L,18,0.4034185656138961,0.5979607393259541,0.4202469362268184,0.6404104178279973,0.8192822280866663,0.0
72611,25,0.4876382763224336,0.5628979883387848,0.4516208344407781,0.3329499352389056,0.5467595486441835,0.08
72614,40,0.4926080161271261,0.5697485357276288,0.4629943406564658,0.5150413092722511,0.5980712797038138,0.35
72615,5,0.4188169865973036,0.4650683509723543,0.3297017134443207,0.4294907834262399,0.6039266295199696,0.0
72616L,27,0.3586277311631441,0.2910699653501473,0.4539060174914769,0.3424143599994735,0.4829156076228146,0.074074074074074
72618,1,0.6406951742604542,0.4365979892424627,-0.0,0.6097639702866586,0.8000924631877451,0.0
72620,0,,,,,,
72621,6,0.4844433374444873,0.612506950085781,0.1648508567221603,0.2966485044675927,0.4781835813896616,0.0
72622,12,0.4259118284177218,0.6631456386852048,0.4126642810846537,0.4674502325253745,0.4939114357655789,0.0
72623,19,0.5840077483357976,0.470365762783727,0.4863449864132499,0.2282597481987583,0.4643418007669276,0.1052631578947368
72624L,1,0.0,0.1013944844161,,0.7564394280770832,0.6960828101363987,0.0
72625L,0,,,,,,
72627L,0,,,,,,
72628,16,0.4139224531070234,0.7187336915618195,0.4803716169829101,0.2826145587834825,0.3722246022025756,0.25
72631,9,0.1542608165462588,0.3565888814200947,0.2954920697803505,0.4566859735016958,0.5843709997345409,0.0
72632L,26,0.3075083916883674,0.2060795189120035,0.4962951977369943,0.5290809020403808,0.6409976467114099,0.0769230769230769
72634,1,1.0,0.7540658588928274,-0.0,0.9119316205678384,0.9821200786722464,0.0
72635,2,0.3067625831142702,0.1342227973693199,0.1648508567221603,1.0,0.9627424494830628,0.0
72807,0,,,,,,
72808L,1,0.6810660145631314,0.6358282910528406,,0.2661903976184257,0.2593686988981479,0.0
72813,0,,,,,,
72814L,0,,,,,,
72820L,3,0.683049986199659,0.283063029826715,-0.0,0.6742687572486351,0.8245790844122048,0.0
72823L,4,0.352863996392996,0.2562106156766377,0.2612824261163803,0.6891830329532062,0.6882252494534852,0.0
72828,3,0.4814260474106489,0.4529992290099808,0.3297017134443207,0.921446119295343,0.6590065727908571,0.0
72904L,1,,,-0.0,0.5434195571481893,0.8729282003037387,0.0
72908,0,,,,,,
72917L,3,0.3852563566331477,0.4426466928480926,0.2612824261163803,1.0,0.8216466099349575,0.0
72919L,0,,,,,,
72925L,0,,,,,,
72928L,0,,,,,,
72930L,0,,,,,,
72932L,39,0.4109996793803254,0.4467065579846122,0.5384687881740834,0.5301127193427713,0.5935477982365199,0.1538461538461538
73101L,1,,,,1.0,1.0,0.0
73201L,0,,,,,,
74105L,0,,,,,,
74106L,2,0.5820249930984206,0.6346459153744406,-0.0,0.5157620194375462,0.5290811011769299,0.0
74108L,10,0.7708197448756994,0.6843056938672352,-0.0,0.2472972551940171,0.4382623098666092,0.0
74122,0,,,,,,
75107L,0,,,,,,
75302L,0,,,,,,
75303,2,0.5326660046222033,0.6372193212627227,0.1648508567221603,0.4495923076407813,0.8503612846837895,0.0
75312,8,0.3163450596923408,0.471346696679881,0.3168314930005712,0.4421412598206472,0.7222563945704744,0.0
75313,6,0.3777753669902006,0.2932771659392786,0.3297017134443207,0.2929356362950263,0.4983148508068025,0.6666666666666666
75314,12,0.5048795107883963,0.5823485295990618,0.3229672125673773,0.5725886944329114,0.8470336004999635,0.0
75315L,23,0.5168573919206693,0.5863515900844435,0.3354617530446603,0.6901625254511151,0.6868386877419996,0.0869565217391304
75322L,25,0.3020413036187694,0.4735100744506179,0.4387054282775823,0.3693199033699069,0.5017496008445105,0.24
75323L,47,0.5449369357630796,0.5912004460594131,0.5387720741857676,0.4694389154172019,0.6382894741898875,0.0851063829787234
75326L,0,,,,,,
75327L,10,0.520472888735318,0.4341018628102852,0.2612824261163803,0.3871367884653406,0.5127819985180138,0.0
75334L,0,,,,,,
75347L,3,,,,0.3835109989325886,0.5432558803764166,0.0
75401,9,0.3426565420824848,0.5297682616959012,0.1513818549682734,0.5514583431701519,0.6234831436448749,0.2222222222222222
75402L,58,0.4419360869560051,0.6130608421335108,0.511606014983029,0.4883939824448474,0.4966466306944957,0.2068965517241379
75407,24,0.3945518460465994,0.4255771890758848,0.4692379645766816,0.3813720221710689,0.491346018089539,0.0833333333333333
75409,11,0.3245270587886011,0.5339579910307035,0.3214941296910895,0.3784632149710332,0.4601697914764954,0.0
75410,12,0.6986116600045505,0.6958929755155538,0.3168314930005712,0.285193317265929,0.3862532005417388,0.1666666666666666
75411,15,0.4164658177408762,0.4428007465590254,0.3791398904562317,0.3827039474614661,0.5966356100655371,0.1333333333333333
75413,20,0.1347846858319433,0.3707114014204633,0.4277725791315173,0.3168020883465016,0.4405607307298423,0.3
75416,3,0.0,0.4482246834133947,-0.0,0.3060809437288592,0.3641718486181357,0.0
75417,0,,,,,,
75430L,2,0.0313161128359036,0.5196927244188978,0.1648508567221603,0.1968340644284637,0.5492261528907734,0.0
75438,0,,,,,,
75440L,0,,,,,,
75442L,0,,,,,,
75446,0,,,,,,
75501L,4,0.6736861044374618,0.8597702445417756,-0.0,0.1578768491985292,0.3072185696684207,0.0
75504,7,0.7560341225734746,1.0,-0.0,0.2667590469653882,0.5776859866919334,0.0
75506,24,0.475882879432804,0.52120579414739,0.4277725791315174,0.3554578582399245,0.4546816920109381,0.3333333333333333
75507L,0,,,,,,
75509L,2,0.5746512610925787,0.604938726454644,0.1648508567221603,0.8266476682501752,0.9338035853816706,0.0
75511L,11,0.5505871663431307,0.6111166393742833,0.3711829972644872,0.4470893578707653,0.5122956367619113,0.5454545454545454
75513,32,0.6463245059377339,0.7164639893812471,0.5144584005854088,0.5037965801959354,0.5944341219678543,0.0625
75514,7,0.491516636834419,0.4862255211258462,0.2612824261163803,0.3824691326063945,0.6755361118731606,0.0
75515L,4,0.5455414591327196,0.7988647595966446,-0.0,0.3485247011642008,0.2828685117476541,0.0
75518L,2,,,-0.0,0.2634154031063958,0.2846256915518314,0.0
75523L,8,0.5487045962267962,0.379489243975749,0.3827718356894354,0.2303982465030743,0.1300501431599617,0.25
75601,0,,,,,,
75602L,0,,,,,,
75603,122,0.4543553853985771,0.5461794224146189,0.5752703860460305,0.5090859344666746,0.6183391867728152,0.1147540983606557
75604,0,,,,,,
75610L,3,0.3671926320566702,0.739201707507229,0.2612824261163803,0.3166156451171217,0.9422406136677136,0.0
75612L,1,,,,0.1306781656142877,0.6938018111847573,0.0
75614L,1,,,,0.4720024905939944,0.3805446218259878,0.0
75617L,48,0.4707742763443147,0.5512834340936792,0.4799791289092187,0.3594350813759618,0.484152521904349,0.25
75618L,18,0.3956399541064532,0.333720500222002,0.4040207319030763,0.3896159585581463,0.4910850037968056,0.0
75620L,6,0.3035964296249519,0.6573260306601109,0.2612824261163803,0.3583642229493339,0.5808584196417212,0.3333333333333333
75625,16,0.5021204329492384,0.6550245079492149,0.4121271418054009,0.1933019048633268,0.4657890462117863,0.25
75626,0,,,,,,
75627,0,,,,,,
75706L,6,0.4848664197595806,0.7696338053250923,0.1513818549682734,0.6092928013925369,0.6047838252680967,0.0
75708,17,0.4973281198550235,0.7045186876074996,0.3965716603728385,0.3108968072206363,0.373886916202429,0.1176470588235294
75710,0,,,,,,
75711,21,0.5359930418610632,0.4958847949693866,0.4736009486703994,0.343677261700393,0.520116671904114,0.0
75712,0,,,,,,
75713,0,,,,,,
75714L,21,0.3423400151664129,0.4938332212096563,0.4816823497227316,0.290783348361863,0.4562189145224382,0.2857142857142857
75716,15,0.5315717051011288,0.5016286515544555,0.3988371864779316,0.3554252332948175,0.2946316125542442,0.2666666666666666
75717L,0,,,,,,
75719,6,0.7612563050556104,0.5734848461917565,0.3297017134443207,0.29857773158624,0.1942555083389428,0.0
75720,23,0.456667200896671,0.5915608002560012,0.4653046919063661,0.3891657636635411,0.5165366844170238,0.2608695652173913
75721,6,0.5803727261629927,0.6069935809602502,0.2612824261163803,0.2762722853399267,0.3930855087079646,0.0
75722,78,0.5281580985593419,0.5542943287789567,0.5482350401357473,0.4060194814302584,0.5715740814469504,0.1538461538461538
75723,6,0.4691878262412866,0.6394439206879826,0.3168314930005712,0.7151469882736684,0.8014659424396072,0.0
75724,3,0.1645892351582887,0.4700001021572589,0.1648508567221603,0.4506353155093214,0.531558911556663,0.6666666666666666
75725,9,0.4028948110053149,0.6598019772217758,0.2472762850832405,0.3216431901457145,0.4079156670901967,0.2222222222222222
75726,3,0.620295896802589,0.3154667125053393,0.1648508567221603,0.487052064005798,0.7453234224258033,0.0
75727,23,0.515347388658107,0.6901397843856556,0.4158561192109103,0.4657916308231933,0.5510075625464841,0.6086956521739131
75728,5,0.3624901381288423,0.5229409731576131,0.3297017134443207,0.63686139785101,0.6656555194787669,0.0
75730L,2,,,,0.134892046169593,0.0,0.0
75731,0,,,,,,
75732L,4,,,,0.1085552926989363,0.0022789623454347,0.0
75733,6,0.0340552281554646,0.8076668896469548,0.1648508567221603,0.5055898482590016,0.3792251628569056,0.3333333333333333
75736,9,0.4231150377815373,0.5529375329671234,-0.0,0.2248892552516436,0.2769777789736841,0.4444444444444444
75737,1,0.2933319228222188,0.5858503460138584,,0.9325194369951856,0.9665441144024656,0.0
75738L,8,0.2845266265868496,0.55164314275077,0.2472762850832405,0.4095160677260773,0.5101570992228666,0.0
75739,13,0.6055821658678195,0.7113184305199091,0.3965716603728385,0.4754833899017527,0.5609592378654679,0.6153846153846154
75740,2,0.3454488506221618,0.5307760035053128,,0.8036974400859922,0.8651152640224755,0.0
75741,0,,,,,,
75802L,127,0.4516611686572941,0.5267912046546328,0.556102379779333,0.5393331378092994,0.7443433879173323,0.1102362204724409
75804,22,0.1368235152658718,0.5437568394307437,0.4712193480176374,0.4107696124183304,0.618256758958706,0.2727272727272727
75805,15,0.6205756375616046,0.7322266845976768,0.3297017134443207,0.3539418452202961,0.6033326672485012,0.0
75807,28,0.4955742490086635,0.532176844413645,0.4583907316436487,0.2678801790830923,0.4557904525613129,0.2857142857142857
75810L,38,0.5816524008717778,0.6793503441139412,0.5370017339386075,0.2919840791335228,0.4657859824260066,0.1578947368421052
75815,0,,,,,,
75816L,37,0.6405354984862444,0.596629416921581,0.4310959401483673,0.3631837352312465,0.5959096636560616,0.2702702702702703
75820L,1,0.4066270194139456,0.5115530601742161,-0.0,0.3379366729268058,0.2639086592364517,0.0
75824,15,0.3561207696728805,0.4444976402440387,0.4291328243190824,0.4057859559711082,0.4347137661484073,0.6666666666666666
75901L,0,,,,,,
75908L,18,0.4869778175722517,0.424478638538864,0.2294966625044755,0.4519851346901311,0.5760884122774743,0.1111111111111111
75909,0,,,,,,
75910,0,,,,,,
75911L,3,0.1009185326897874,1.0,-0.0,0.3436412059862412,0.1971790430980579,0.0
75913,0,,,,,,
75914L,0,,,,,,
75916,9,0.7265468430526274,0.8142154318657848,0.2954920697803505,0.3335235065589864,0.5484451930625008,0.0
75917,11,0.3751756364287717,0.6452872964800395,0.4261332828385406,0.3864734170875505,0.4352803044306502,0.1818181818181818
75918,0,,,,,,
75919L,11,0.5844174790391672,0.4105857243176656,0.3553589461922984,0.2296664605479146,0.2246314995851892,0.1818181818181818
75921,0,,,,,,
75923,1,,,-0.0,0.3672099346791723,0.5708079466607181,0.0
75927,2,0.2448890054869062,0.4482246834133947,,0.1354187812390058,0.5204458908600014,0.0
75929L,2,0.7854297733269,0.9865997423114682,-0.0,0.4190356122216155,0.5905793902718652,0.0
75931,0,,,,,,
75932L,1,0.8597921990932373,0.7061159775349497,-0.0,0.8586397129736042,0.8193095603895345,0.0
75938,0,,,,,,
75939,8,0.209688777933466,0.4413622677113091,0.3827718356894354,0.3275813115621768,0.4458394511235186,0.5
75940L,0,,,,,,
75943,24,0.4428855127687917,0.3265188135834349,0.3450442520799696,0.3884705196258611,0.3555523130840812,0.0833333333333333
75944,0,,,,,,
75945,29,0.4021656442757192,0.5176837626104982,0.4216969115073984,0.4467512736521008,0.51317472242357,0.1379310344827586
81101L,10,0.2510893454590175,0.6431414535345549,0.3297017134443207,0.6658740981062523,0.5021886423660907,0.0
82001L,0,,,,,,
82006L,0,,,,,,
82009,0,,,,,,
82010L,0,,,,,,
82101L,6,0.3417243773032771,0.6922847868256012,0.1513818549682734,0.778747285332288,0.7138988715165007,0.0
82201L,0,,,,,,
82204L,0,,,,,,
82209,0,,,,,,
82214L,1,,,-0.0,0.3013403281041414,0.1691720523072067,0.0
82301L,1,0.4948094817772747,0.7004648281387,,0.2823778656052685,0.775917773443852,0.0
82327,1,,,-0.0,0.9189748209245628,0.705858519929148,0.0
82502,8,0.5402119923149731,0.5549833540422495,0.3168314930005712,0.5942681326013771,0.677254283761898,0.0
82503L,1,,,,0.2823778656052685,1.0,0.0
82601L,113,0.4250041443139241,0.5997035281661203,0.5854827558591384,0.4741507280984619,0.5983877897527079,0.0530973451327433
82602,51,0.4039549449717728,0.679109892563833,0.4056231767707219,0.5481250562468185,0.6002064771606299,0.0392156862745098
82603,2,,,-0.0,0.7840930192212721,1.0,0.0
82701L,0,,,,,,
82703L,0,,,,,,
82901L,2,,,0.1648508567221603,1.0,0.6561653284826723,0.0
82907L,2,0.2293993779247244,0.0,0.1648508567221603,1.0,0.7800650442650188,0.0
83102L,1,0.5371995334592268,0.3221046110507422,,0.203912503540968,0.3173583290276422,1.0
83106,1,0.6597970500866414,0.0,,0.0,1.0,0.0
83107L,2,0.8830411833104035,0.8079821898278614,0.1648508567221603,0.6532613233038058,0.7162092714744122,0.0
83108L,1,,,-0.0,0.7699840441477064,0.7824349133056849,0.0
83109,1,,,-0.0,0.4340775655962491,0.5523798761829829,0.0
83112,0,,,,,,
83113L,0,,,,,,
83121,0,,,,,,
83122,0,,,,,,
83124,2,1.0,0.8770329294464136,0.1648508567221603,1.0,0.8872305222839584,0.0
83125L,0,,,,,,
83127L,1,0.5175061731926865,0.3221046110507422,,0.2701440188318024,0.3929433777144063,0.0
83201L,23,0.5910647178467667,0.6652305841464765,0.4496302542242448,0.5456945171387585,0.6893132701715072,0.0
83208L,0,,,,,,
83211,0,,,,,,
83304L,18,0.4508096454399598,0.5466315293489908,0.3988371864779316,0.2957283022852908,0.4620208163240661,0.4444444444444444
83305L,0,,,,,,
83312,1,0.8925655001940737,0.9527049728640052,,0.2539341718569596,0.3699599863398617,0.0
83313,22,0.305013090659378,0.5101449520488761,0.5010062622692372,0.3727393408302198,0.5206912330075032,0.1818181818181818
83501,11,0.8059586639565487,0.4844842042176573,0.1893864099604874,0.3014055818228776,0.488822852283274,0.3636363636363636
83502L,1,,,,0.5352106989235696,0.2817013339215217,0.0
83601L,9,0.652888495125158,0.8060903887424216,0.240541784206297,0.2675682984622542,0.6020424224002606,0.0
83609L,0,,,,,,
83613,17,0.2283948438432187,0.5101023439163213,0.3297017134443207,0.3597457336739361,0.5198933661674002,0.4705882352941176
83614L,16,0.4895118979772662,0.7387263655783654,0.3760307573686181,0.553979358538671,0.7422330299312404,0.0
83616L,66,0.5233088938323833,0.5619220024489717,0.5482879684941073,0.4489029926249387,0.5533091252101047,0.0909090909090909
83618,62,0.4352786005473198,0.4305638395916096,0.5994472133043945,0.4354774891963498,0.5709983583567166,0.3870967741935484
83619,0,,,,,,
83620,5,0.9533406844135144,1.0,-0.0,0.2187943032094222,0.5706866498419275,0.0
83622L,1,0.0979909844206211,0.650016799193639,-0.0,0.3068455591522008,0.1166354958081083,0.0
83624,7,0.064152337069341,0.711500334470432,0.2472762850832405,0.3300918540358731,0.4828316256801727,0.2857142857142857
83701L,10,0.2963648154142587,0.4801895983053085,0.3214941296910895,0.429430829586735,0.4473465669123048,0.4
83705L,6,0.690885261818327,0.2905745929600789,-0.0,0.1871140659085514,0.5741882371967607,0.0
83709,1,,,,0.2823778656052685,0.4679829149722462,0.0
83710,3,0.5164416409314442,0.2787508361760803,0.1513818549682734,0.3549521485294286,0.3034883113125268,0.0
83711,42,0.5626429859765368,0.6073924462595852,0.542235091710041,0.3720597857061196,0.5488869609083645,0.0952380952380952
83712,67,0.4671040236888484,0.4492529772132652,0.5305360773055524,0.4896073547692907,0.6359578144354844,0.2388059701492537
83713L,8,0.3500736275800446,0.5607531073872973,0.3168314930005712,0.4650335440837181,0.5742221176681438,0.75
83715,11,0.558227666097059,0.5339961857506519,0.3168314930005712,0.2946438026905934,0.2577407249735747,0.5454545454545454
83801,22,0.5867015455291051,0.5650324015957817,0.47363970250103,0.3340588305797952,0.3049162184176066,0.1818181818181818
83802L,2,0.6493869599023929,0.6143451261842869,-0.0,0.4226692548245698,0.3527090167331917,0.0
83804,1,0.512974925965835,0.731662951302093,-0.0,0.3094670977465148,0.358820822286545,0.0
83805,57,0.4366210809646678,0.4406484418053039,0.5898567894585288,0.5170948347071448,0.6618874246949272,0.1403508771929824
83806L,35,0.2335227896249163,0.3432265308799351,0.5706146304776651,0.6237146175572621,0.6247526089858648,0.2285714285714285
83808,10,0.122002744594768,0.5430118002984509,0.3827718356894354,0.2839611692550928,0.3399812298482096,0.0
83809,45,0.5667467553241209,0.5561164640673827,0.56758317450572,0.4635490250497074,0.5356934118456407,0.1777777777777777
83810L,13,0.3875019662644688,0.5706208946920763,0.3975546917061868,0.8603743675219991,0.8542076337977745,0.3076923076923077
83812,57,0.2999577840712776,0.5070743971596433,0.5416428753283248,0.6152233326616782,0.6472877088349638,0.1403508771929824
83813,7,0.7171021945844807,0.6805766628815124,,0.2434513518928272,0.0,0.2857142857142857
83814,44,0.3613273066346205,0.5129108694321063,0.5809321220506756,0.7468646511574834,0.766232005319246,0.1363636363636363
83901L,1,,,,0.8512517405714461,0.1828580460170556,0.0
83905L,38,0.4819979862941041,0.4943920744857304,0.5853075251899723,0.5759101289592139,0.6701252858480782,0.1052631578947368
83912,0,,,,,,
91101L,21,0.4763613007588457,0.6716627196489166,0.1715853575991038,0.4327947484683022,0.5102408413223162,0.6666666666666666
91208L,4,1.0,0.9858114918592016,0.3297017134443207,0.3522195556913564,0.3719451337997458,0.0
91217,40,0.436601898025737,0.5683231724241966,0.4253877345961223,0.4808440725461234,0.4890174672415547,0.2
92001L,1,0.7518470469557977,1.0,,0.119842472757789,0.4891636195232033,0.0
92004,138,0.4717281517807762,0.7041696052643529,0.510078745976106,0.3994707055935922,0.5778014248327444,0.144927536231884
92005,3,0.5531495533048361,0.7353137955020645,-0.0,1.0,0.3446731254238175,0.0
92006L,4,0.5411209000461867,0.8573449995456159,0.1513818549682734,0.6693916075422417,0.5971074682340766,0.0
92007L,4,0.5423987085489741,0.8439264104512174,0.1513818549682734,0.5366669905246412,0.7152224810757357,0.0
92010,0,,,,,,
92013,0,,,,,,
93101L,1,1.0,0.9527049728640052,-0.0,0.3297840218524498,0.3482304700110663,0.0
93115,5,0.5571430638027645,0.1784853786477714,0.3297017134443207,0.8498972789643835,0.8176817780584312,0.0
93116L,6,0.3666074669170735,0.4322323649353166,0.3168314930005712,0.8292656819598381,0.791883760373883,0.0
93201L,17,0.6514319261902424,0.6787294576032977,0.4492978048006894,0.3651485118082309,0.423639686624888,0.0
94401L,46,0.5697526269065312,0.6745013957625254,0.3101000827797125,0.4103780524817799,0.4847744642833801,0.0434782608695652
94411,1,,,-0.0,0.9189748209245624,0.7586222868874494,0.0
95001L,85,0.5151962129783314,0.5383288080973192,0.5880491966931308,0.4793414690462285,0.5764925810985436,0.2588235294117647
95003L,14,0.5210957650656224,0.6244519196606688,0.4126642810846537,0.6433338972788593,0.6826794544870279,0.0
95006L,23,0.2679813686147,0.4358345540822119,0.4816823497227316,0.4003828330964246,0.3924092506691844,0.1739130434782608
95013L,12,0.2315626075677383,0.60857294167398,0.5146525210671637,0.5052298613921102,0.641345591280503,0.0
95014L,1,,,-0.0,0.9211134445146608,0.6666699289178635,0.0
95033,26,0.3762344155978826,0.4224734085904964,0.5244509648647913,0.6029147262313591,0.6945141612981244,0.1538461538461538
95035,17,0.589130955296913,0.6171159107512079,0.4503987339425173,0.3410780224168205,0.4575131768277629,0.2352941176470588
95036,84,0.4428663934585949,0.497241734614341,0.5985627428471838,0.5329189424562266,0.6320049455590822,0.238095238095238
96101L,2,0.4076998729097529,0.8265849005013527,0.1648508567221603,0.3120067132597567,0.6058407891120807,0.0
96201,32,0.3707796377057601,0.6514694321699588,0.5339650422086426,0.5040673331940517,0.5054519985511097,0.0
97101L,3,0.4161018816598128,0.6541787615816065,0.2612824261163803,0.5450011577261934,0.5810521843151635,0.0
97106L,21,0.4613734475815782,0.6540403267547035,0.5533206499958385,0.6691813964781932,0.6808063207821673,0.0
97107,15,0.4094036652910175,0.3847582055926184,0.4539060174914769,0.806325914859384,0.796376635240633,0.2666666666666666
97501,4,0.3664978978929566,0.6070391604269052,0.2612824261163803,0.9291805032989642,1.0,0.5
97502L,16,0.6255655161887328,0.6528749159414257,0.5085587111996209,0.5167013232017601,0.6279131634889661,0.0
97601L,29,0.5137230117806127,0.579426455500234,0.3789633110932831,0.3893857970960359,0.4684324560698065,0.2068965517241379
97602L,0,,,,,,
97608L,0,,,,,,
