lsbg,restaurant_n,nutrition_score,carbon_score,diversity_score,sustainability_score,hygiene_score,practice_score
11101L,1,0.3618884886076953,0.0,-0.0,0.2823778656052685,1.0,0.0
11103,0,,,,,,
11104,11,0.260216019352231,0.5191454792773242,0.3249128940529034,0.9139033822280106,0.8188428601472235,0.0
11105L,24,0.5445379490314688,0.6897616433344016,0.4648421324673411,0.7661202753827694,0.8421208945098623,0.1666666666666666
11107L,29,0.3433483763878059,0.4450045964594546,0.5156513049293995,0.5160631314910371,0.5600663368088536,0.1379310344827586
11109L,14,0.3556590561305282,0.5627761879873867,0.524556384658117,0.6777283469285328,0.7106423084087624,0.0
11111,3,,,-0.0,0.3250264147738799,0.3947537418883964,0.0
11112L,10,0.2478964243637861,0.5171703229716449,0.3685943744688496,0.4935397982893228,0.7839838915283511,0.0
11114L,6,0.4610178965429815,0.5919114801408454,0.3827718356894354,0.603751009332327,0.7357715202721565,0.0
11116L,10,0.3958340236371276,0.5723533862124266,0.4816823497227316,0.3333609462346834,0.3219452763905174,0.4
11118L,3,0.256607644533173,0.5895787329377467,-0.0,1.0,0.9505861203908816,0.0
11121,14,0.4301371531353454,0.4911055080166966,0.4503987339425173,0.701753772937811,0.7049746397965582,0.0
11122,30,0.5625900708608953,0.7718864160788762,0.5127814506390862,0.5370333445709474,0.6463971276719415,0.3333333333333333
11123,7,0.443715791333371,0.3125912435233868,0.3711829972644872,0.635859753797286,0.660462724659403,0.0
11124,0,,,,,,
11125,3,0.81567875058702,0.8813324773678678,0.1648508567221603,0.4693459137221714,0.7168762643477398,0.6666666666666666
11126,4,0.4319965654199012,0.5629383080550134,0.2612824261163803,0.7236112486955681,0.6134371546940297,0.0
11127L,9,0.53762619587964,0.3571817561766048,-0.0,0.3539532039536169,0.394487213127728,0.4444444444444444
11129L,1,0.3078593375789326,0.7777133724608247,-0.0,1.0,1.0,0.0
11135L,0,,,,,,
11139,0,,,,,,
11144L,0,,,,,,
11150,2,0.18262957665467,0.518808218960909,0.1648508567221603,1.0,0.9875141182917476,0.0
11201L,6,0.1937360882291228,0.5800201590323668,0.3711829972644872,0.7217727814444348,0.364026183099144,0.3333333333333333
11202,4,0.3260764349030648,0.5709202097295472,0.3297017134443207,0.8546159362512961,0.8930286625601321,0.0
11203,2,,,-0.0,0.5186561681705855,0.8104948210441324,0.0
11204L,17,0.4131569330014699,0.493304824093391,0.490193462198466,0.7971947303449469,0.8273341934272348,0.0
11205,3,,,0.2612824261163803,0.7188555453392905,0.688229356211955,0.0
11206,15,0.3058704220647359,0.696803277650752,0.5085739767244777,0.6483838179983624,0.8647696704444242,0.1333333333333333
11208,27,0.736903592450158,0.5145410770647485,0.5454412003647369,0.3479810699906134,0.482398068921417,0.074074074074074
11209,33,0.3644185132436539,0.4508111302098944,0.5973313408087569,0.471880114170453,0.5480773970258731,0.2424242424242424
11213L,19,0.5005072454518671,0.5859101783782108,0.4867748294501999,0.7945414718879621,0.7468570736042285,0.0
11217L,17,0.4473529857326321,0.6232722241712523,0.3709144276248608,0.3243189247290485,0.5208373852942045,0.0
11220L,10,0.3340721550069581,0.2258395245676862,0.4945525701664811,0.4770683370701319,0.4928927922395356,0.2
11221L,54,0.3981731981808696,0.6432247454398967,0.4913425685134606,0.6219484119097779,0.718245470856567,0.037037037037037
11223,2,0.0,0.5334345573034119,0.1648508567221603,0.6266368574002766,1.0,0.0
11224,8,0.5844481611409756,0.8290022018883034,0.3168314930005712,0.3982612626112313,0.6510517863550976,0.25
11225L,4,0.7194253557869041,0.811157713078421,0.2472762850832405,0.8088166794299044,0.8792937840264061,0.0
11226L,5,0.5908713353647576,0.7203370369089996,0.2472762850832405,0.7266029946863413,0.7558079305585464,0.0
11228,6,0.1504683544655107,0.5602613476955511,0.2260023800196072,0.5687657506373737,0.7894780460706919,0.3333333333333333
11231,3,0.0,0.0,0.1648508567221603,0.4485020028817162,0.6745574491504409,0.0
11232,7,0.5475066404949835,0.7034034258247498,0.3508166814030639,0.6080486856456693,0.8490381591524905,0.0
11233L,18,0.4407593642654216,0.6626773141500437,0.4487121783782996,0.609592478864625,0.7095606947617084,0.1111111111111111
11235L,15,0.3550800730709526,0.6716027346557083,0.2732803086892609,0.6361431869272866,0.7172446258541213,0.0
11237,11,0.2049522631510673,0.6286265482844049,0.3988371864779315,0.5369011844732715,0.7551680655301164,0.1818181818181818
11238,3,0.2877621371558045,0.5254732277355195,0.1513818549682734,0.9995479216523728,1.0,0.0
11239,5,0.60852476756867,0.6594758046208379,0.3168314930005712,0.6765688555293821,0.7978812777951407,0.0
11241L,2,0.779439599896534,0.7143084767066318,-0.0,0.9132948206368816,0.8599107921147655,1.0
11244,19,0.4108403655882371,0.5577275840796168,0.4302360357863436,0.7893551044421279,0.875029199562148,0.1052631578947368
11245,5,0.359436883336893,0.6878528209024347,0.2472762850832405,0.5044214688967421,0.5508258264883131,0.0
11302,2,0.5772077754825613,0.3950290386061473,0.1648508567221603,1.0,0.9662725669082224,0.0
11303L,56,0.4280660602826586,0.561930485255288,0.5294867805560911,0.711779919174198,0.853764991661076,0.1428571428571428
11305,7,0.2700818700182714,0.6141972117901975,0.3037164366253038,0.973923247727536,0.9712389249793522,0.0
11306L,45,0.5040976204670797,0.5160393601359554,0.5622356310792199,0.526146124050121,0.5916008521204338,0.0444444444444444
11309L,13,0.5585481890377809,0.6751777536299881,0.4432381046705258,0.6587294566580527,0.6973364465460434,0.3076923076923077
11310L,39,0.3292080082287284,0.6702617372930542,0.5842475762936598,0.7163729296316733,0.8822346451528669,0.1025641025641025
11315L,24,0.3416430511038913,0.5367057337813035,0.3534040083204547,0.689265255752856,0.7864451418057303,0.25
11318L,33,0.4015374093959881,0.536758525278533,0.5746930094049115,0.7363660464578848,0.8194676132255111,0.2424242424242424
11320L,15,0.5434438907516257,0.5576274114904265,0.3402591974236923,0.898147123196659,0.8427784057738721,0.1333333333333333
11321,12,0.5748306177679215,0.7873249424916882,0.3250442245771505,0.8685084461253992,0.8929428158135874,0.0
11323,6,0.2628883999889184,0.3295234388367805,0.3711829972644872,0.689513089845768,0.952978639859914,0.0
11403L,286,0.3909446409119037,0.6175454871126911,0.6102161711915223,0.6507531354119372,0.7438082962984254,0.1958041958041958
11419L,159,0.3833798158060181,0.6081671470341974,0.5894558165765584,0.8130943090954883,0.8870176083338958,0.050314465408805
11427,3,0.5507700256282066,0.5625849111908812,0.1513818549682734,0.9178626302279792,0.8343423512017722,0.6666666666666666
11428,5,0.5287180924100333,0.6878528209024347,0.3168314930005712,0.6560877568040689,0.8381405419089053,0.0
11501L,11,0.4694890287181617,0.9255103322608084,0.4121271418054009,0.5204595267465568,0.7620670266681934,0.0
11601L,5,0.4986131766376531,0.5330574753303006,0.3297017134443207,0.6224913256653541,0.7235980291520628,0.0
11602,5,0.6180522950321973,0.3536346291414052,0.1648508567221603,0.5750874563370881,0.4817891260097167,0.0
11603,14,0.5696199580647288,0.6036750051627108,0.4690585395774101,0.6192164204204711,0.7377787925114511,0.2857142857142857
11604L,11,0.4579737986926324,0.8083523248228387,0.4354707101939672,0.6471984608572775,0.6692578959506441,0.1818181818181818
11606,5,0.3529665053393415,0.2489965471262374,0.2472762850832405,0.9324068508007192,0.7854008834305857,0.4
12102L,744,0.3674226142677743,0.547485656807861,0.6188776985593362,0.7103646381389974,0.8042262948291453,0.1263440860215053
12201L,75,0.3758568210950555,0.5453587866077443,0.6102025757964333,0.7488198328526302,0.8816887203984921,0.0
12222L,313,0.4063052356173485,0.4890507112846514,0.5665750967280333,0.7069636613138716,0.8233468209862094,0.2236421725239616
13101L,70,0.2712113947854794,0.5102686636246676,0.6563493872809347,0.5737323878480317,0.6635482396762001,0.0857142857142857
13108,18,0.480536628320481,0.6774709856774603,0.4990314226178029,0.3576858285371502,0.5606046128542462,0.4444444444444444
13109L,25,0.5125059742493457,0.4886824477223319,0.5140178641379993,0.5862559012539275,0.745166916954699,0.0
13110L,40,0.4466791899844516,0.5092059706144074,0.6007752979124492,0.6559162735648286,0.7411646132607246,0.15
13112L,35,0.4150398539389949,0.4372777557309704,0.6305960260699666,0.529111834227753,0.690937923124094,0.1142857142857142
13115L,37,0.5059953151637399,0.7040434283904509,0.570955203733211,0.5507475426816796,0.6065532405458952,0.0
13117L,21,0.5497859589032841,0.6845731821354633,0.4990013727659778,0.3582711579359006,0.4252145633670268,0.0952380952380952
13121,27,0.4759512603038993,0.5347165014599928,0.5635089967736743,0.6052006265671994,0.7037489055884859,0.0
13123L,33,0.3864483978579968,0.5471611228436927,0.5878761138967636,0.6353003874407911,0.7933731330169387,0.0
13125L,60,0.426643721465226,0.6402572732815133,0.6126671684350107,0.772954913517673,0.8428136962220176,0.0
13128L,101,0.4069148849666923,0.5893048049750258,0.5726660132132131,0.6975269073148122,0.806085815157291,0.1782178217821782
13131L,22,0.6576205773406576,0.5844829982950931,0.4387054282775823,0.4407338435193942,0.5871236147436497,0.0
13134L,16,0.4495722552398541,0.3738762791961146,0.4121271418054009,0.4820536946059213,0.5631072794422058,0.125
13144L,26,0.3530493240666221,0.5549041844819651,0.483786812146301,0.7911982354111853,0.8263432291952819,0.0769230769230769
13151L,10,0.4093658043146678,0.5746285259388633,0.4816823497227316,0.7438600197098232,0.892551283661126,0.2
13159L,8,0.3132673326098854,0.3834920182236003,0.4627948640243697,0.6848352430876483,0.7539642255777793,0.25
13163L,18,0.5389568055892638,0.6588001613760379,0.4303558951025969,0.6491140217725926,0.7766757994766244,0.0
13201L,81,0.4358619720045818,0.5829812389921856,0.5669998170608562,0.5293249163529914,0.6244837834015973,0.1975308641975308
13207,22,0.4819088433736269,0.8107013385880002,0.4867748294501999,0.4381434373533162,0.5831824053237717,0.1818181818181818
13208L,29,0.2896918824794287,0.3965008864878889,0.362203662761896,0.457081335144711,0.4825632293379194,0.0
13210L,255,0.3200957991664534,0.4909511877464845,0.5847548078158533,0.7416768793654449,0.835792082803697,0.1176470588235294
13212L,42,0.4351785313819782,0.612006713462454,0.5141572502914804,0.5042423612677605,0.7289291925507383,0.1428571428571428
13217L,22,0.4635414397657942,0.6458503325173728,0.5446180549495082,0.6656089044913124,0.7050538352147458,0.0909090909090909
13223L,22,0.5685934873207609,0.5409229365999444,0.3823288171042914,0.7705292251256175,0.8590820037893109,0.0
13233,15,0.5048125720445888,0.7422750986393887,0.4432381046705257,0.6048227379320212,0.7033895173563716,0.1333333333333333
13236,27,0.2555994139948476,0.4461504088807175,0.4180383268856806,0.5789245197340986,0.7831146279509706,0.0
13304L,69,0.2771645165320138,0.4427366445455899,0.5216090542150242,0.7259850124676497,0.8106582882404175,0.1159420289855072
13306L,16,0.3575958921043877,0.6659728992577019,0.4990013727659778,0.7962264494112343,0.8118518156177044,0.125
13308L,30,0.4308429927431125,0.4847192418145186,0.4480599689406628,0.6328641304953945,0.7121874067500664,0.0
13310L,27,0.3482479418382199,0.5541083960402337,0.5121735764280875,0.4840770006089438,0.5182433498091583,0.074074074074074
13312,12,0.4780015473960773,0.6149764390888819,0.4492978048006893,0.5324089370115108,0.7020561707357674,0.0
13314,13,0.4617783453146404,0.3274456691487846,0.4690585395774101,0.542517181061259,0.6386140050126493,0.3076923076923077
13402L,89,0.3235741284537263,0.506533139847449,0.538905522607969,0.7176079118777029,0.7949695161786235,0.3146067415730337
14001L,0,,,,,,
14002,0,,,,,,
14101L,5,0.0690817218816059,0.0,0.2472762850832405,0.7161242767139334,0.7788206694019167,0.0
14104L,5,0.5842607967021907,0.6689348100480368,0.3297017134443207,0.5292811669993187,0.6701844204521259,0.0
14106L,3,0.5554339904457647,0.9581101188224048,0.2612824261163803,0.6860172394490236,0.7057247139174926,0.0
14109,3,0.6137651617715159,0.5533247437156052,0.1648508567221603,0.3954283068016087,0.6052109762497774,0.0
14110L,0,,,,,,
14111,4,0.2135031178415296,0.4365135338368627,0.1648508567221603,0.8202633007735051,1.0,0.0
14112,1,0.4925069181246387,0.6815468172843021,-0.0,0.5984189072531447,0.5985067438717336,0.0
14114,0,,,,,,
14115,0,,,,,,
14117L,0,,,,,,
14201,0,,,,,,
14202,0,,,,,,
14203,2,0.5859746871510423,0.8699386753760144,0.1648508567221603,0.4358835144056656,0.6614906765642162,1.0
14204L,0,,,,,,
14205,0,,,,,,
14206,1,,,-0.0,0.2823778656052685,0.0,0.0
14207,3,0.4752118180448915,1.0,0.1513818549682734,0.3883731688040948,0.4437745508071559,0.0
14208,5,0.4367735620115791,0.6582401687767443,0.1513818549682734,0.7805789438296158,0.8487504320330918,0.0
14209,8,0.3075123660492223,0.706420498222492,0.4156946192466096,0.7194409211052565,0.8096672011777403,0.25
14210,3,,,0.2612824261163803,0.5121848516035099,0.6473038285872077,0.0
14212,0,,,,,,
14213L,0,,,,,,
14214L,0,,,,,,
14219L,1,0.0,0.2669270793920816,-0.0,0.5261809548764875,0.79003824314449,0.0
14221,0,,,,,,
14301L,1,,,-0.0,0.5562801017000947,1.0,0.0
14303L,1,0.6092770406584482,0.5436029881376507,-0.0,0.5620477035774673,0.5590317278743621,0.0
14304,1,0.235763464890186,0.6567732316416381,-0.0,0.9189748209245624,0.9869101764706932,0.0
14308L,0,,,,,,
14311L,0,,,,,,
14313,0,,,,,,
14401L,43,0.4199954223218866,0.6836396686231345,0.4622715725726295,0.8796734606749727,0.8777047155326172,0.0
14402L,36,0.3338228636039268,0.584820017984681,0.4619561859346505,0.6955736857222423,0.800445307776776,0.0555555555555555
14406L,3,0.1757595386837134,0.3538097959085756,0.1648508567221603,0.4980201917799619,0.2806111238287729,0.0
14413L,0,,,,,,
14415L,0,,,,,,
14418,5,0.2584550247797969,0.3706608389103634,0.2508911503117071,0.701811222858527,0.8578983884804392,0.0
14424L,6,0.6874688829156906,0.4689696672786535,0.3162327116904338,0.8667253960982184,0.9782243228469482,0.0
14430L,11,0.5158069526233747,0.6760503681847135,0.3988371864779316,0.4988919487806539,0.6366882382143007,0.1818181818181818
14432L,6,0.2179442580427653,0.3929038334906857,0.1190104649339787,0.5689890535360221,0.6685837258195663,0.3333333333333333
14434L,0,,,,,,
14435L,1,0.852476094294865,0.6216397829120421,-0.0,0.5261809548764875,0.7598755830147252,1.0
14437L,15,0.6946045703051366,0.6465816866963929,0.4261332828385407,0.6419580425856848,0.7561375395346909,0.1333333333333333
14444,0,,,,,,
14445,0,,,,,,
14446L,10,0.4149283432106643,0.6538004013645186,0.3685943744688496,0.5471810507313951,0.5529410445995253,0.0
14451L,1,0.7159198703594839,0.8675739240192147,-0.0,0.4320815169121572,1.0,0.0
14456L,7,0.458006546696189,0.3183413508270178,0.3711829972644872,0.7571825678684935,0.8940937954649038,0.2857142857142857
14501L,40,0.4515992050791047,0.6074151913717938,0.5243630430309255,0.5996779305361382,0.7055842478887475,0.05
14521L,17,0.5139548081928678,0.6173270056123682,0.3280364058270831,0.7916283631460184,0.7917507533991278,0.0
14530,0,,,,,,
14531L,0,,,,,,
14538,2,0.0783970639888233,0.4677732946296059,0.1648508567221603,0.8807476606921838,0.8701564237558569,0.0
14601,34,0.4430587698847147,0.528944876071752,0.4750698628697279,0.6222189259445182,0.6630917998552134,0.2352941176470588
14602L,48,0.345949620016874,0.4895461461131574,0.4505719142954517,0.9072854607078455,0.9252505813032958,0.125
14604L,38,0.3837780412779892,0.5736550544278705,0.4886672442481467,0.8171301447192403,0.8553984537244478,0.2105263157894736
14607L,178,0.316438759287857,0.5158268778507672,0.4571226663478382,0.7112452973556153,0.8267336644281383,0.0561797752808988
14609,21,0.3463105987785165,0.4636535344929746,0.5009096043057566,0.6367720567337429,0.72314222454232,0.2857142857142857
14610L,62,0.2869942283445268,0.5301011951393377,0.5502716615972176,0.6972360259096365,0.7589198689928435,0.2258064516129032
14615L,182,0.3826099028037266,0.4567684424821285,0.5623636255551063,0.6284444476989879,0.7796145001389149,0.0879120879120879
14622L,107,0.4227669188062176,0.5934288623806803,0.5906410148538336,0.7316342285115751,0.8818907316521805,0.0747663551401869
14631,26,0.5240471803936383,0.6093165327292092,0.4341728810689281,0.672435364444857,0.7849360703785573,0.1538461538461538
14632L,45,0.5829687050844662,0.7268444677086712,0.5323083904056131,0.5902160312182355,0.7918810851021615,0.1333333333333333
14635,10,0.5277616397119317,0.9220447483758432,0.3162327116904338,0.5569984453099849,0.5900287411246637,0.0
14801L,1,,,,0.2306620587901612,0.0024517652963167,0.0
14803L,19,0.1210042850879519,0.0,0.4528728660350642,0.8929525306012279,0.9342783482519352,0.0
14902L,0,,,,,,
14919,0,,,,,,
14920,3,,,0.2612824261163803,0.9465657055128688,0.9617618613094074,0.0
15102L,0,,,,,,
15103,3,0.4051914275449471,0.5584393733625039,0.1648508567221603,0.6108348053178829,0.7391864490559107,0.0
15104L,36,0.5168369437180127,0.6079746856083352,0.5150795771143466,0.6596176948534408,0.7802586835928673,0.1666666666666666
15107,7,0.5563001496859602,0.5016286515544555,0.2508911503117071,0.5919710485231684,0.818288935639689,0.0
15108L,25,0.2741922200228389,0.4845313563595149,0.5224533626509485,0.5378248492202337,0.6777344827216678,0.08
15111,8,0.5659658799750797,0.852955461086271,0.2260023800196072,0.4337280971367347,0.743883872568502,0.0
15112L,30,0.5685978871649797,0.5981527047717852,0.5775151378068142,0.4504024433711254,0.5432504849708948,0.0666666666666666
15115,16,0.5106869175609329,0.7230045302602687,0.4354707101939672,0.526658719651971,0.5015410945740942,0.25
15117L,28,0.3561817109453476,0.564616717042314,0.4711896278930821,0.7443576336018543,0.7532076297171686,0.0
15119,8,0.7728034490688183,0.7592683118777868,0.3168314930005712,0.3957985055908172,0.5592167151899545,0.5
15121,4,0.3344536488853663,0.3559277213661808,0.1337398938570355,0.8863174656703986,1.0,0.5
15122L,23,0.4726157182598275,0.6061200073407489,0.4024122477123064,0.6370248391138199,0.7244019931155106,0.1739130434782608
15125L,25,0.4625050616014469,0.6130998058530539,0.4599170912048114,0.5789893475259984,0.6944538342950946,0.16
15127L,35,0.3927151633841667,0.4187888880389427,0.5233826554542707,0.5379925656900898,0.5880252754836736,0.1142857142857142
15129L,41,0.4533105017840101,0.6982460952087682,0.5617260027121798,0.6813298557294504,0.8283066165323819,0.1463414634146341
15135,5,0.7182983498849852,0.0,-0.0,0.3622500561308228,0.2409050258318812,0.4
15136L,30,0.37371577007876,0.5203691376275096,0.5119470047404376,0.7780921457456076,0.8379006949589358,0.2
15141,20,0.542437261437713,0.6776623190555324,0.446873924748624,0.4993364365116011,0.7443444886271466,0.2
15142,0,,,,,,
15201,1,,,,0.0,0.2227755276707824,0.0
15202L,0,,,,,,
15204,6,0.2674483250574729,0.6527091328040662,0.2954920697803505,0.8905602989122531,0.9033108461766512,0.3333333333333333
15205L,0,,,,,,
15208,6,0.2433483897450647,1.0,0.1513818549682734,0.4905561266176111,0.6145041182187089,0.0
15303L,65,0.4357376109944978,0.4009728331721386,0.5683063008483156,0.6567441435985689,0.8160089648585166,0.0923076923076923
15307L,38,0.4775441646758899,0.5827387296098061,0.5446397173384488,0.6094061979586473,0.7284900364652928,0.0
15309,6,0.5462743237428412,0.6187357022984283,0.3168314930005712,0.5257159421549276,0.6017154887359581,0.6666666666666666
15310,22,0.6749744108617132,0.649576845452839,0.4126642810846537,0.3019353481193226,0.3652134561712002,0.0909090909090909
15312,9,0.3855140039017927,0.4203836774393392,0.3553589461922984,0.567360973510716,0.6575065160544037,0.0
15315,11,0.2302428937548587,0.7653280979389193,0.3827718356894354,0.4907270164405624,0.5543023949563715,0.0
15316,3,0.001284697207696,0.5238967268309862,-0.0,0.25565299155715,0.1587456679445195,0.0
15317,6,0.7121809529590583,0.2362881270300675,0.2260023800196072,0.6173216577964011,0.693937271227153,0.3333333333333333
15318,15,0.2140801501481894,0.4834707393504575,0.4032976218878175,0.5348464891804,0.6185265040426072,0.0
15321,5,0.3016071182159028,0.6149682138667714,0.2612824261163803,0.6701139968085834,0.79970760359024,0.0
15322,5,0.5486281840408351,0.6245236260300906,0.1648508567221603,0.4196424224186805,0.6384035799738093,0.4
15327,14,0.4111548961886177,0.1460094600143884,0.453339855985941,0.3640557113109106,0.4911062456895025,0.1428571428571428
15328L,4,0.611657588027215,0.4284058148992635,0.2612824261163803,0.4761074597627665,0.4906557435794175,0.0
15329,11,0.4903024121761736,0.5391181148747547,0.3760307573686181,0.4633585942775903,0.630543862299495,0.3636363636363636
15331,15,0.523848274919326,0.0956634399513853,0.4362677932322495,0.3958395403749524,0.6009921749023993,0.8
15332,5,0.5388914678372919,0.4750251987904584,,0.3502461300783575,0.4817065450126702,0.0
15333,6,0.3123732231766925,0.605086523414444,0.1190104649339787,0.6628242407404769,0.4158969055217853,0.0
15334,0,,,,,,
15337,3,0.6454980647052153,0.8920359630545542,0.1648508567221603,1.0,1.0,0.0
15338,22,0.4420832122731699,0.6742303181573814,0.4996034458241886,0.5291862253131792,0.5920019510974446,0.0909090909090909
15339,0,,,,,,
15341L,8,0.470238742835709,0.4757791774839308,0.4261332828385406,0.5592740367191744,0.7103122541060226,0.0
15342,0,,,,,,
15343L,1,0.3437789777332293,0.3378696200960737,-0.0,0.2586747874816777,0.3995529464230005,0.0
15349,0,,,,,,
15351L,9,0.1599948575758515,0.7186409562144941,0.2508911503117071,0.4459720703515493,0.4839866244507084,0.4444444444444444
15353L,6,0.684056918891019,0.5856112144695901,0.2612824261163803,0.6893866153811272,0.930200325039479,0.0
15355,2,,,-0.0,0.0925617005913015,0.1705890365044385,1.0
15356,5,0.2034536479381376,0.7942666319584228,0.3297017134443207,0.7955660610333892,0.8875854847490967,0.0
15401L,28,0.2151556442403904,0.2276676151189985,0.4141144008414851,0.4859240916887867,0.5025169257908951,0.2857142857142857
15409,12,0.4505583864928457,0.651067799796661,0.2508911503117071,0.2503637871989385,0.4288831088342267,0.1666666666666666
15411,1,0.2054586098603351,0.7729838697472253,,0.256940415911659,0.4418348782095264,0.0
15413L,14,0.4132837215418866,0.5092360686730942,0.5085587111996209,0.325932308140228,0.4874318974203946,0.1428571428571428
15418L,3,0.6076706848152859,0.3378696200960737,-0.0,0.3079410920509123,0.1411682264055655,0.6666666666666666
15501L,41,0.5266012408902531,0.5801432556783372,0.5105924062293055,0.4859497040459572,0.5952441909311557,0.1951219512195122
15502L,54,0.3932347302292739,0.5775584146925659,0.5309820677066981,0.7514106459596903,0.7572623715275664,0.037037037037037
15503L,42,0.5248949954518383,0.50780189720168,0.5709956667572993,0.4944021734082033,0.6515471658721887,0.0476190476190476
15507,12,0.3161916210491934,0.5672745021671799,0.4990314226178029,0.7418827657384526,0.7525972910535851,0.1666666666666666
15508L,12,0.4935707201098632,0.3749917546028167,0.3988371864779316,0.3595156798845787,0.3973657143823612,0.1666666666666666
15514,1,,,,0.3895570014684616,0.7005456341722193,0.0
15515L,2,0.3152857102698459,0.2903926890095558,-0.0,0.6923884436364462,0.6833218882236043,0.0
15602,40,0.4875171577134377,0.6386901580233325,0.563375025099009,0.5077059705182473,0.6402353598675442,0.1
15603,3,0.7324180087666191,0.7162298371840317,0.1513818549682734,0.4189571706625073,0.4553106985742378,0.0
15604,6,0.2010697268632202,0.0949758735905007,0.3827718356894354,0.54410164479902,0.6884547694246884,0.0
15605L,39,0.3526926536044685,0.5102684218417988,0.4007266777920413,0.5878477620223032,0.6486049058726394,0.5128205128205128
15606,1,,,,0.3094670977465148,0.2056680355334709,0.0
15607,0,,,,,,
15608,1,,,-0.0,0.155961448946118,0.8215377524766828,0.0
15609L,15,0.55030940939598,0.5838037612032463,0.3827718356894354,0.428924274826923,0.2623141244895799,0.0
15613,0,,,,,,
15614,1,0.8254646602590813,0.8108198914560211,-0.0,0.2718431642170059,0.138505288624026,1.0
15702,1,0.7215858776860561,0.9477265489549532,-0.0,0.8038455843242645,1.0,0.0
15703,8,0.352535801809893,0.5043481156147751,0.1648508567221603,0.2767855892163275,0.1594472444019986,0.5
15704,0,,,,,,
15705L,3,0.6574061300254143,0.9562217825741176,0.2612824261163803,0.7254373068487677,0.6435955192115775,0.6666666666666666
15708,5,0.5910389372685576,0.6721124446837364,0.3297017134443207,0.7586478622101536,0.7367229534346281,0.0
15709,9,0.3190029253072048,0.4742026765793977,0.4121271418054009,0.8161853740870486,0.7508595195805386,0.2222222222222222
15710L,4,0.9858905159556534,0.4324596743680632,0.2612824261163803,0.353926045867218,0.1797340397285625,0.5
15712L,1,0.0,0.0,-0.0,1.0,1.0,0.0
15715,2,0.4463175998178615,0.0777469708481026,,0.3519068947678013,0.3197179831155472,1.0
15716,15,0.5319972113439064,0.6381114992594058,0.1804975634275945,0.5695080076216515,0.6854462309521254,0.0
15717L,16,0.5096766171772518,0.5877450134645792,0.5428159874597069,0.868797879318691,0.847428129119709,0.25
15719,11,0.5309797692923662,0.5417343384640958,0.4032976218878175,0.4980036601929761,0.722668233703069,0.0
15720,94,0.4751418060654815,0.5950543908763302,0.5355136930515998,0.5060054772568302,0.619198237368352,0.1063829787234042
15721,10,0.5139370728944426,0.6195861830495581,0.255320172860584,0.5873749108894718,0.6264765586272711,0.0
15722,0,,,,,,
15723,3,0.1450987535526112,0.8888566862304124,0.2612824261163803,0.4850322528373716,0.6619229624523375,0.6666666666666666
16101,68,0.5226500014575705,0.6701604123641416,0.5193744830910334,0.3445000454342228,0.388794110429341,0.088235294117647
16102,3,0.6682615286550305,0.6042982729621773,-0.0,0.5013631800886996,0.6765760324278446,0.0
16103L,8,0.6321126955937575,0.6539388258341848,0.3297017134443207,0.4321183192704304,0.4411065299534802,0.25
16107L,4,0.7538583840128902,0.9527049728640052,-0.0,0.3865587850743576,0.5426393603746847,0.0
16109L,14,0.6143905541825707,0.6773913665305055,0.3711829972644872,0.5081377876827616,0.6449545707819466,0.1428571428571428
16111,4,0.590099280690966,0.8211388064675108,-0.0,0.438918443331137,0.4051269520118218,0.0
16113,14,0.4997037141675639,0.6813819544446124,0.4390856565370173,0.6035174887937481,0.6330056226762979,0.4285714285714285
16114L,7,0.4386081374497976,0.2979071553067448,-0.0,0.3748074713938924,0.7195346130202351,0.0
16117,8,0.605175489238331,0.5895614166806717,0.2612824261163803,0.2845297049248788,0.4712512929171203,0.0
16118,55,0.6895418433854218,0.7365747149588036,0.5039508861286209,0.4001551381507546,0.6126815775587546,0.0363636363636363
16120L,19,0.5179989934565425,0.6370002848960155,0.4362677932322495,0.4209940557044793,0.5910861729944534,0.2105263157894736
16126L,15,0.3981294428071328,0.5349992140301649,0.3162327116904337,0.4610715515181839,0.6839241223624914,0.1333333333333333
16128L,1,0.8579477177230336,0.6727184122189165,-0.0,0.2823778656052682,0.2138144603607621,0.0
16129L,5,0.4064707954654615,0.3496933768800724,0.1648508567221603,0.3867503996149213,0.7199456180441175,0.0
16130,6,0.3340079437168637,0.5840903977313432,0.3168314930005712,0.418840931254804,0.6645593948993584,0.3333333333333333
16131L,4,0.7986379547924836,0.5743447557760474,,0.2135477733617646,0.2493963207241949,0.0
16143L,8,0.7451635765107255,0.3089361917305239,0.4261332828385406,0.3882830864304318,0.1336987692646289,0.0
16145,4,0.4754353126755781,0.8127116925414608,-0.0,0.2466697347231816,0.3165848284355368,0.5
16146,9,0.4573297212962301,0.4537947461058413,0.2743938849133293,0.462738615405609,0.4656268506769168,0.2222222222222222
16148L,34,0.5229501635409161,0.6725453816318335,0.4918257051079074,0.4656848188262056,0.5164322503948162,0.1764705882352941
16151,0,,,,,,
16152L,3,0.0353860341405739,0.6324500748288409,0.1648508567221603,0.6426646530838478,0.1372380669842252,0.0
16155L,0,,,,,,
16159L,0,,,,,,
16163,2,,,,0.0601615081966054,0.0,1.0
16164L,18,0.3810358702563073,0.6541979537665312,0.3508166814030639,0.3003582294965873,0.2391846721858644,0.2222222222222222
16181L,4,0.0,0.2773754750421255,0.2472762850832405,0.8222996329735296,0.9445175984390048,0.0
16191,0,,,,,,
16202L,29,0.6493774571186025,0.4964097351106828,0.5083613254352493,0.3939461766624018,0.3403778361396395,0.5517241379310345
16305L,16,0.5031187297347326,0.4457022819661417,0.453339855985941,0.3850558267727139,0.4831320396722067,0.0
16313L,5,0.4947245523934496,0.426010352485882,0.2612824261163803,0.5115633567201144,0.5814777938834862,0.0
16315,1,0.3556204396844458,0.7256888426112305,,0.7090332718299015,1.0,0.0
16316L,4,0.5479097567475083,0.587587363374126,-0.0,0.5432056532463752,0.4764193544223225,0.5
16319,17,0.6507880663502238,0.6639996767816723,0.3827718356894353,0.2862772140972718,0.3790680862340764,0.3529411764705882
16321L,10,0.4444701563688599,0.5097688533403624,0.4121271418054009,0.5668797498051004,0.736027982941656,0.0
16332,3,0.8225853023094386,0.2905745929600789,-0.0,0.2985561570229574,0.3450533643284226,0.0
16333,16,0.5281322332680412,0.3134723073173837,0.2743938849133293,0.360863036798906,0.3820886318232717,0.125
16336,0,,,,,,
16402L,0,,,,,,
16502,10,0.3990268546559973,0.4514902924299276,0.3827718356894354,0.3209183108264422,0.4914490534405166,0.2
16503L,0,,,,,,
16504,10,0.5907218109191594,0.3489978617751312,0.3711829972644872,0.3535505500742939,0.2039829420529108,0.2
16508L,0,,,,,,
16523,0,,,,,,
16524,4,0.75159783665515,0.5270497286400526,,0.1524498818166969,0.6586532353743715,0.0
16526,0,,,,,,
16528,0,,,,,,
16531,0,,,,,,
16532,13,0.5171569975180582,0.6602640550731045,0.3297017134443207,0.3720398592720654,0.4963656530576995,0.0
16601L,3,,,0.2612824261163803,0.2628134201699235,0.5269992370544002,0.0
16603L,3,,,,0.2170148319917305,0.0664176576144461,0.6666666666666666
16605L,0,,,,,,
16701,13,0.2369064611626478,0.5273875502624527,0.2889366153298247,0.3395505536924577,0.3923752140238908,0.4615384615384615
16702L,8,0.7508673518965466,0.6148082789923985,-0.0,0.3099544987036016,0.4953554708227042,0.5
16704,12,0.7778212820314555,0.5533704393939975,0.3363573019826504,0.2596757263246241,0.6244436904676739,0.0
16705,8,0.3999592806382554,0.4587084144285402,0.3168314930005712,0.4643787796326565,0.7056511426186494,0.0
16706,21,0.3092192467161682,0.4610516680457327,0.3988371864779316,0.3198871492148619,0.3322121844781087,0.1904761904761904
16707,0,,,,,,
16708L,0,,,,,,
17113L,0,,,,,,
17128L,3,,,-0.0,0.1542056653814077,0.0,0.0
17134L,0,,,,,,
17143L,3,0.1419838999864819,0.2314558090400855,0.1513818549682734,0.7552689057006094,1.0,1.0
17152,21,0.4911223139216881,0.6073566847169717,0.5201975958898796,0.6988768334974942,0.6471040863537172,0.1904761904761904
17154,0,,,,,,
17201L,0,,,,,,
17204,8,0.5948003141466108,0.4040826580864664,0.3297017134443207,0.256325979059907,0.5238889986988647,0.25
17205L,1,,,,0.2823778656052685,0.8671577315095131,0.0
17206,6,0.4941392322911984,0.5109694194138144,0.1513818549682734,0.6097060873119978,0.673502881691495,0.3333333333333333
17208,12,0.5800679863659065,0.7395991447100525,0.2472762850832405,0.3306056556760739,0.2977288614982572,0.3333333333333333
17210,0,,,,,,
17302L,2,0.2074708610891673,0.9716229837184032,-0.0,0.4582116087766322,0.5250078887632843,0.0
17306L,11,0.1581311254077899,0.9054099457280104,0.3297017134443207,0.1633699434938376,0.5105319387065462,0.0
17312L,9,0.7198266374699324,0.7191857763800312,0.2405417842062971,0.2541646259168208,0.318265944539133,0.2222222222222222
17317,1,,,,0.4720024905939944,0.2056680355334707,0.0
17318L,1,0.5633750585565498,0.3221046110507422,,0.5814013127028745,0.6557266748381257,0.0
17320,2,,,-0.0,0.0727373079788435,0.1793098254256132,1.0
17321L,15,0.7029348342569363,0.6125749027109764,0.5103445000233029,0.3781949659923005,0.5401016153733573,0.1333333333333333
17322L,14,0.6224522469420181,0.6424925903310943,0.255320172860584,0.3346744035939586,0.3824698312464279,0.1428571428571428
17326L,4,0.5423554424238879,0.8423499095466842,-0.0,0.2252951477820155,0.2799999111018054,0.0
17330L,0,,,,,,
17333L,7,0.7568252320555442,0.9174964526627648,0.2472762850832405,0.4612110959323892,0.5106041485604103,0.0
17336,42,0.3910872797555205,0.5720169536591977,0.51306546584463,0.3979015628512833,0.5024837102872217,0.6666666666666666
17338L,20,0.823745887985409,0.5876986457909165,0.4328677837154842,0.1866654292748593,0.3125816481628191,0.2
17344,3,0.3141552114448919,0.1013944844161,,0.5429901707179791,0.5410333685773809,0.0
17376,3,0.3060863314450051,1.0,-0.0,0.098020591310674,0.0,0.0
17379,10,0.2620402326193687,0.6862763199979016,0.2954920697803505,0.4117133206765619,0.4350408617975592,0.0
17402L,3,0.7491481117480484,0.58065075939418,-0.0,1.0,0.8763075013155328,0.0
17411,0,,,,,,
17412,12,0.4876216437495121,0.631808213746281,0.3685943744688496,0.3961234708293884,0.449933659784525,0.1666666666666666
17414L,23,0.6317218509240761,0.8099599818717302,0.4539060174914769,0.284779795492625,0.3959059514984793,0.3478260869565217
17415,0,,,,,,
17417L,10,0.5037948430602058,0.5502752250428365,0.3297017134443207,0.3429525092464061,0.3626909331478784,0.4
17421,0,,,,,,
17422L,6,0.5256476971892261,0.624385945778003,0.2472762850832405,0.4836694112237563,0.5148339174997535,0.0
17423,11,0.5141424694164193,0.5509461634035027,0.4156946192466096,0.4711853468751201,0.6907810672049499,0.0
17424L,22,0.5318466789854072,0.6563400795340131,0.2141074586800439,0.35305541713582,0.465367150068307,0.0909090909090909
17439,0,,,,,,
17501L,66,0.4411067269396972,0.5297738146379922,0.5523390234939776,0.7863955262798924,0.8238303138343558,0.0
17502L,40,0.4339630977517164,0.3519830567652277,0.4168266284307063,0.6832291131198855,0.8022573376998443,0.4
17518,0,,,,,,
18101L,26,0.5246651612626211,0.4650548957726,0.4192686728916943,0.6027994124669331,0.6080551716867606,0.0769230769230769
18206L,0,,,,,,
18301L,0,,,,,,
18405L,0,,,,,,
19002L,1,,,-0.0,1.0,1.0,0.0
19103L,0,,,,,,
19106L,3,,,0.2612824261163803,0.4732338193276872,0.198262194781388,0.0
19205,1,,,-0.0,0.5261809548764871,0.5934378573125303,0.0
19206,5,0.4051669962724347,0.7354165697835204,0.3711829972644872,1.0,0.9275758367141448,0.0
19207L,12,0.6017677229693617,0.64365643347535,0.3765455891160495,0.7872328480660524,0.7686526480036892,0.1666666666666666
19215L,0,,,,,,
19218L,0,,,,,,
19219,0,,,,,,
19301L,0,,,,,,
19502L,0,,,,,,
19505L,19,0.5260144961337914,0.6854079084826926,0.490193462198466,0.6007666028289645,0.6165871048470419,0.0
19513L,0,,,,,,
19519L,19,0.3530316291433781,0.5753793344946472,0.4651906866066417,0.467547986628211,0.5684040490734132,0.3157894736842105
19603L,0,,,,,,
19606,1,,,,0.4957055687175846,0.0,0.0
19607,0,,,,,,
19702L,11,0.6568256739137934,0.7323889714554964,0.3988371864779316,0.4876877971153767,0.5334959228966161,0.0
21105L,56,0.3864394516396656,0.5812050713927942,0.5341444718342931,0.5388745716039062,0.633854717777172,0.0714285714285714
21107L,42,0.4493326067411132,0.5491222604054435,0.4386223334736399,0.4957780537993311,0.6194096929326138,0.1428571428571428
21108L,64,0.3191164935004411,0.5808565786235567,0.5463842706526688,0.5832522885844433,0.6731877636324033,0.15625
21110,12,0.6524909570502153,0.7433730701490373,0.4156946192466096,0.3694973468645573,0.5032253644954112,0.1666666666666666
21111L,9,0.6169156486036551,0.7003215098746516,0.4121271418054009,0.5934368790934001,0.7524222978154539,0.0
21112L,28,0.4783182597874891,0.6977820593409634,0.5134427082266826,0.6556277212253817,0.8097171770838762,0.1428571428571428
21117L,161,0.4546008196669203,0.5584598700160353,0.6131144954173349,0.7363577068703862,0.8150345703618377,0.186335403726708
21119L,145,0.4460364449855619,0.4972665097335922,0.5354325855570533,0.727860771638598,0.7853963823863889,0.096551724137931
21123L,121,0.413864329399858,0.6235807056592776,0.6065295490659699,0.6700802823537161,0.7383200767059379,0.2148760330578512
21201L,18,0.5336037409807288,0.5849787929333332,0.4673913713257089,0.5509745457565758,0.624860446205351,0.0
21202L,20,0.559408033266665,0.7762179487456675,0.4202469362268184,0.639929561983135,0.6949249857681651,0.1
21205L,184,0.3456353365984964,0.551821229440704,0.5639686388513723,0.7807763166839622,0.8118650752319422,0.0978260869565217
21207L,83,0.4046287831966885,0.486121879210229,0.5267605763968294,0.7441771968845963,0.8725173634684201,0.072289156626506
21212L,123,0.3703732671273403,0.4516128704494022,0.5425673662219888,0.7624696132847013,0.8264325052057828,0.1138211382113821
21216L,92,0.2162798790597374,0.0834404291767739,0.5801933611975624,0.6461742633648653,0.7306970028757346,0.0434782608695652
21217L,206,0.3059186650404298,0.4893636341276038,0.5720132840273444,0.721467758107791,0.8035889058301229,0.0776699029126213
21221,44,0.3379446060074524,0.541632433662329,0.4729230608945409,0.7587596562271613,0.8529679130061928,0.1363636363636363
21303L,0,,,,,,
21304L,13,0.4580967743768891,0.5955289866807116,0.4685672933474641,0.8763247633027174,0.8690194660211407,0.0
21401L,106,0.2768113545717395,0.4604540738893625,0.542584491156262,0.7830704274213725,0.8456413392837501,0.0188679245283018
21405L,66,0.4564414236604485,0.6073462855091978,0.522697253898165,0.7818215397660482,0.8576753458905764,0.2121212121212121
21406L,121,0.411426115501093,0.603871166703748,0.4660709969237768,0.7357039086097722,0.8471849385537594,0.0330578512396694
21501L,368,0.3738209602466207,0.5262133162534621,0.6236193932946265,0.7188392996492513,0.7940944546892856,0.0978260869565217
21702,6,0.7652996309135693,0.740552993996829,0.1071567530973445,0.4616114828028557,0.5442207252202621,0.0
21703,0,,,,,,
22025L,217,0.3362928004276935,0.4314110350469369,0.5799445644993351,0.6540507597154867,0.7465835253691774,0.1105990783410138
22101,1,,,-0.0,0.4403983864292068,0.4470737579155322,0.0
22102L,9,0.4127826882283001,0.6278186493604543,0.2508911503117071,0.6558030585601852,0.7397121885606578,0.0
22104,6,0.3917622706289083,0.7729838697472253,0.2472762850832405,0.5902037482892903,0.7663674675022719,0.3333333333333333
22105L,19,0.6127758413510997,0.550440082486034,0.4032976218878175,0.4852791646000341,0.7216921884576587,0.2105263157894736
22106L,29,0.3572216796333809,0.54473022361007,0.4979695624245892,0.6535825761045457,0.7272653311525498,0.1379310344827586
22108L,22,0.4370668656893002,0.4566116682255111,0.3810161789402761,0.3316590885777024,0.4794604974305114,0.2727272727272727
22109,9,0.4674045158792762,0.7285993058195994,0.3711829972644872,0.4746617573173324,0.585658828746294,0.0
22110L,13,0.3989750741492308,0.4863841596181205,0.2260023800196072,0.4286140944652601,0.6752384566689609,0.0
22111,7,0.3847502399775977,0.5948950728767319,0.2954920697803505,0.4397547974941351,0.6069689926335701,0.2857142857142857
22113L,24,0.5635173395489995,0.6217421785342354,0.4214670485697041,0.4385211215741124,0.5435328005531245,0.25
22114L,2,1.0,0.0,,0.4008932562232222,0.9821580953214404,0.0
22115L,1,,,-0.0,0.5857772655872298,0.3516519684385285,0.0
22117,10,0.598595006222306,0.5808891918108927,0.3162327116904338,0.6232977789775692,0.5959779739305813,0.2
22119,17,0.1690941112110398,0.3231563995102881,0.2018424732910312,0.6242601841643494,0.6728444901284582,0.1176470588235294
22121L,4,0.5597913218602067,0.5743447557760474,,0.0408322123458199,0.0,0.5
22125,3,0.442208733027234,0.6838932372352351,0.2612824261163803,0.8462000004404874,0.5113196772615524,0.0
22126,22,0.4499317063963136,0.5347477928608155,0.4990013727659778,0.4713452868881251,0.6083380111869928,0.0
22128L,8,0.5102454611117428,0.6094535459930595,0.3827718356894354,0.3917218018078204,0.6282484936391272,0.0
22129L,5,0.6250727242679647,0.6334635396960409,-0.0,0.3436412059862412,0.627945277350184,0.0
22131,4,0.8218802983776287,0.6925823236160342,0.2612824261163803,0.3139819697700561,0.5561000768541124,0.0
22132,11,0.7323527006406569,0.6968388760582738,0.2508911503117071,0.3540659407502944,0.6032233198433267,0.0
22135L,2,0.0603739575729528,0.3360453833351139,0.1648508567221603,0.6425541205951882,0.7718817053506628,0.0
22137L,13,0.3927676800161597,0.5440865964432948,0.2732803086892609,0.4106030345082348,0.5357196788355219,0.1538461538461538
22142,66,0.489015240981114,0.528857929107319,0.5537471450153019,0.638021131284047,0.7739145603156502,0.0909090909090909
22143L,27,0.5606546535106282,0.5402697121932597,0.5307419955783058,0.5392840679984697,0.6906127893489368,0.1481481481481481
22146L,4,0.3948188716433354,0.0,-0.0,0.5675850175262406,0.5535419068273973,0.0
22150,3,0.0,0.4971791851857402,-0.0,0.3898318197655463,0.7795673717664785,0.0
22152L,5,0.0,0.5167630602379738,-0.0,0.4459222342006173,0.5920189288904385,0.0
22153L,10,0.5508760266015392,0.6514807863406701,0.240541784206297,0.4960786351930794,0.6704304501851484,0.0
22160L,23,0.2328615499084547,0.3359428596452746,0.4433245776767448,0.7348115637911711,0.7210639327429692,0.0
22167L,2,0.5300763870691207,0.7103179587920323,-0.0,0.5108916086001569,0.5624317359698778,0.0
22170L,5,0.1742868179653035,0.6419090802560399,0.2612824261163803,0.5915414936409568,0.9098223057212208,0.0
22173L,16,0.259719757512674,0.2614836894764293,0.3977996960911246,0.4765373321616399,0.5266815561025455,0.0
22177L,64,0.5050779761635845,0.4381115282332775,0.601762462604177,0.4941506273921939,0.6854450601278307,0.0625
22179L,15,0.3892149845436383,0.5360004889995215,0.2757844435431258,0.6899859328493854,0.7088134328481247,0.0
22181L,12,0.6439058729638026,0.9674376477262912,0.2743938849133293,0.4715251593696856,0.5004678227688532,0.0
22186L,19,0.5128054273047269,0.5843404423622363,0.3914475989105412,0.6616350576228682,0.7844501106744131,0.1052631578947368
22190L,12,0.5866797853304262,0.8038014306983399,0.4690585395774101,0.6125783320677004,0.7205536864730099,0.1666666666666666
22197,42,0.389379882036646,0.4048670196370709,0.5546028262517514,0.4946349814763977,0.6704422292202846,0.0
22198L,33,0.4563848356933683,0.5554776780277959,0.5148332194019849,0.7360325481203827,0.7884722386057443,0.2424242424242424
22201L,23,0.3492603375746603,0.608689942283614,0.3324836863492213,0.5837856868641559,0.7382943014007772,0.0869565217391304
22203L,8,0.3642463359518698,0.6357827321056773,0.4156946192466096,0.8499204297488431,0.8864523488045014,0.0
22205L,10,0.714729935126701,0.5949518747424452,0.2743938849133294,0.4948724068649429,0.5771928944610228,0.0
22206L,19,0.4592848124510308,0.482743835005646,0.381765625399739,0.567764824777017,0.5384086335338526,0.1052631578947368
22212L,43,0.4982256850930867,0.6510437143661751,0.4933349929514126,0.4344214324091083,0.4599016430154928,0.1395348837209302
22215,7,0.2158582149598701,0.339483215139537,0.2612824261163803,0.1649016331536537,0.3983455317765713,0.2857142857142857
22216L,89,0.4699115909672166,0.632004998721363,0.4999795106943046,0.6271511856939292,0.7379280576812113,0.2696629213483146
22219L,164,0.4036791133855008,0.4594477185095682,0.6001089896319988,0.5208303591977733,0.6192200664032258,0.1097560975609756
22221,14,0.6136293212105912,0.5141838780378032,0.3711829972644872,0.2290102808060236,0.3217929367988554,0.0
22222,4,0.5108895113970575,0.6502015797647749,0.1513818549682734,0.4312239647820573,0.4616265573552862,0.0
22226L,15,0.3189930664292123,0.4467861659884334,0.4354707101939672,0.4897211977265726,0.7100380977555953,0.1333333333333333
22506L,39,0.4393902121011693,0.6522599347663747,0.5076130114214051,0.3865171778352645,0.4182843977953105,0.0512820512820512
22507L,9,0.6357367077584253,0.2024166623785847,0.3168314930005712,0.4086005452140271,0.5317266484729245,0.2222222222222222
22522L,26,0.3633650234603952,0.4564400898260954,0.4381311654114213,0.5358858982869857,0.5772054089732042,0.0
22534L,3,0.5991186002591654,0.5894791644595656,0.1648508567221603,0.528753063786868,0.685069502066857,0.0
22539L,25,0.3343654651176745,0.5996399670636213,0.4779681569648827,0.4735756014669566,0.6284827987754366,0.0
22541L,2,0.0,0.6736643127616363,-0.0,0.5478523405894846,0.6025618531190962,0.0
22544L,3,,,0.1648508567221603,0.487052064005798,0.5452834350000978,0.0
22548,1,0.6682491435121265,0.3378696200960737,,0.7302240421339417,0.7520031037165575,0.0
22549,1,0.6016696755711364,0.5152259718560539,-0.0,0.4381409504174363,0.6354232775762613,0.0
22550,10,0.3984009313750552,0.6413980070976828,0.4261332828385406,0.6268114085227479,0.70428311057626,0.0
22551,9,0.5257891584730321,0.5945090545076777,0.3553589461922984,0.8210949032487519,0.9149025741492528,0.0
22552,3,0.3388358793094526,0.6085205536456227,0.2612824261163803,0.5013733391167617,0.949719914913715,0.6666666666666666
22553,12,0.5506687454736606,0.2414215469008844,0.2884889992637806,0.3893752085772597,0.6642749590290659,0.3333333333333333
22554,9,0.5311630535818864,0.7739586527492648,0.2260023800196072,0.663085759298499,0.749435350746038,0.2222222222222222
22555,9,0.494652161068889,0.5154918314760492,0.2508911503117071,0.5397053927148355,0.7416852225799861,0.4444444444444444
22556,7,0.3567844373642282,0.3526609079944877,0.2612824261163803,0.5100730272889067,0.5934556858615021,0.0
22557L,18,0.5272529502281997,0.6042180147343102,0.4291328243190823,0.7161525165450047,0.7724146727539054,0.0
22558L,5,0.2547789293195963,0.326383684934475,0.3168314930005712,0.5930527183995358,0.7629886329330605,0.0
22562L,30,0.2810864052865163,0.57979502315777,0.3662867500172193,0.5234555076106816,0.5482140956878933,0.0
22566L,19,0.663508053625174,0.6512206726116461,0.3553589461922983,0.3209213789041437,0.4232081627336268,0.0
22570L,46,0.4020697491536086,0.2718342650805566,0.4930292076484766,0.5430978885498514,0.6545002490744168,0.0869565217391304
22573L,20,0.6366130079719287,0.7549775702593043,0.4390856565370173,0.479529947567245,0.5102288893308194,0.0
22584,2,0.2838660223344662,0.8584932788091038,0.1648508567221603,0.4728358409196027,0.5342815497799436,0.0
22587,0,,,,,,
22601L,26,0.6547447426973428,0.7967486152172365,0.5073811865404698,0.4578013888198619,0.5530899355228595,0.0
22604L,1,,,-0.0,0.9144599489010216,0.7474052865483329,0.0
22605L,12,0.5245370401029402,0.7235305378014529,0.4692379645766816,0.4806016799384699,0.59042853185897,0.0
22610L,47,0.4170055046216043,0.6154980440734727,0.5473053674241166,0.6504733059921315,0.7533920207809374,0.1276595744680851
22613L,17,0.3914853905906823,0.3644436522445987,0.3004927133646313,0.6753557167761985,0.6482106896527331,0.2352941176470588
22702L,43,0.4338416289108004,0.5203898873234853,0.5096097265460049,0.5976832522637976,0.7509024776289182,0.0465116279069767
22704L,33,0.5670381298928794,0.5808576424032467,0.5618578817829202,0.6899305725108048,0.7529382828378097,0.1212121212121212
22709L,14,0.5301656597768901,0.4879234323028201,0.4690585395774101,0.6177703893719616,0.6885914084608744,0.1428571428571428
22711L,38,0.3547716340223938,0.5385458550684723,0.465245201709932,0.7354437496691137,0.7854234059071913,0.0
22713L,45,0.3813694272235108,0.615010599077163,0.5294587988478232,0.5055165951400239,0.6297520430256823,0.0444444444444444
22721,66,0.5373371845136895,0.5917396132318605,0.5933710382174237,0.5339103468636405,0.7317744179296808,0.0606060606060606
22722,57,0.42905818810728,0.4272435318794508,0.4818382054301665,0.5004413401886849,0.613347431550504,0.0701754385964912
22723,25,0.5689705549687548,0.6674063548853562,0.4025531844210852,0.502275743335453,0.690863481706774,0.0
22724,20,0.385126729603069,0.3514371239675212,0.4202469362268184,0.5745090615338065,0.6862771990638206,0.1
22825,11,0.4352970157825185,0.6073960972395851,0.3168314930005712,0.3999464239393553,0.4659977953053901,0.1818181818181818
22826L,2,0.969668565385218,0.8581149185920158,,0.2368679556079741,0.1652183207910279,0.0
22828L,84,0.3932053529469484,0.5371293202373963,0.5555261545307394,0.6228025151644906,0.7250072276783741,0.0952380952380952
22830L,12,0.121973036074465,0.2822979632112798,0.3297017134443207,0.3146725219663203,0.4160963482484662,0.0
22834,5,0.782031696244057,0.6096583760375902,-0.0,0.6161013291123759,1.0,0.0
22835L,3,0.5362867343549599,0.8313144032149521,,0.5197711770508934,0.655465021786993,0.6666666666666666
22837L,12,0.3971989651212636,0.5322161091466879,0.2260023800196072,0.7184628071269199,0.8734982549031151,0.0
22901L,3,0.3362017156546629,0.5281007292430747,-0.0,0.3791811862567433,0.4468550708240653,0.0
22904L,102,0.4425108937446664,0.6335152069395138,0.5108484089093903,0.5664337400787319,0.6887520875574685,0.0784313725490196
22907L,78,0.3402668945728055,0.4107598534292715,0.5085170038009948,0.6037566889056024,0.6133218079015058,0.0769230769230769
22908,1,,,-0.0,0.0,0.0,0.0
22913,8,0.3008833034056922,0.6832359253963018,-0.0,0.5136805629775114,0.5336544324593249,0.0
22917L,62,0.23324779532976,0.2216340854526972,0.5590025613482329,0.6068764738088693,0.6453374031016292,0.064516129032258
22918,19,0.3679044494794676,0.4862561433411853,0.4204258509021245,0.5343223799646549,0.5796891120375768,0.3157894736842105
22919L,7,0.5726005783206365,0.4894107695443235,0.2472762850832405,0.4716483320219917,0.7979915213662082,0.2857142857142857
23101L,20,0.5047413734023666,0.5283954428142315,0.4503987339425173,0.5026746028006139,0.5871304420769029,0.4
23102,0,,,,,,
23103L,0,,,,,,
23201L,0,,,,,,
23207L,1,0.6873203808906416,0.9054099457280104,-0.0,0.9650265155646812,0.6938018111847573,0.0
23301L,0,,,,,,
23303L,2,0.4894686304118664,0.3142221065280763,-0.0,0.2078824772168404,0.4321386457321652,0.0
23401L,0,,,,,,
23412L,0,,,,,,
23416,0,,,,,,
23421,1,0.4670656646879101,0.7029703385048329,-0.0,0.8426324394355948,1.0,0.0
23422,0,,,,,,
23423L,0,,,,,,
23425L,0,,,,,,
23501,4,0.6531649365642102,0.614072578570283,-0.0,0.8934592982664625,0.8081561741073047,0.0
23502L,14,0.5131782447665139,0.6688165724801969,0.3363573019826504,0.5818593725359847,0.7474609222945322,0.0
23504,8,0.7134277928055892,0.5091004111125366,0.4261332828385406,0.4310803447240933,0.4816950732897773,0.0
23505L,5,0.111558109990885,0.4265277557103282,0.2472762850832405,0.42673740515023,0.5858074908841682,0.0
23507,13,0.6457916599418375,0.5971164355081929,0.3827718356894353,0.5521681185516083,0.5747155248319209,0.0
23510L,1,1.0,0.6452872964800395,,0.1144246263295398,0.068156384448796,0.0
23608,0,,,,,,
23609,23,0.6007214169682612,0.6468179355400772,0.4536084256255674,0.3407274335451763,0.4682280062126953,0.6956521739130435
23610L,1,,,-0.0,0.5504678526582947,0.6254617342198127,0.0
23620L,4,0.0530576326851964,0.2180555513515537,0.1648508567221603,0.4318310373635271,0.6946799667537868,0.0
23623,0,,,,,,
23624,3,1.0,0.6925823236160342,-0.0,0.5231710401941265,0.7831590399570001,0.0
23701L,0,,,,,,
23703L,21,0.4516362830441519,0.3658525111515373,0.4685672933474641,0.2816771922714494,0.3124783880149603,0.3809523809523809
24101L,6,0.6105718999547739,0.7590735676484033,0.3297017134443207,0.2910183635277336,0.7631022579104056,0.3333333333333333
24103L,11,0.4386722788202949,0.5694445491428488,0.3162327116904337,0.5118543263820142,0.6774974052173812,0.3636363636363636
24104,1,0.0,0.981081989145602,-0.0,0.4108332567266626,0.5478178782797,0.0
24106,13,0.2961579763297224,0.6771543595916718,0.3622036627618959,0.349120929935924,0.4238943878674329,0.0
24107,14,0.6482935737285619,0.514719239422454,0.4156946192466096,0.379859862765928,0.5924904703519495,0.0
24108,16,0.5719817299353633,0.6085640989391494,0.4354707101939672,0.3791361541488518,0.3262293440318096,0.625
24109,2,0.4870127524861793,0.7250009149437978,-0.0,0.3019586692725828,0.5690510033034584,1.0
24110,17,0.4903050583135517,0.6606875982587004,0.4157420070338675,0.437857856497378,0.5489529499299799,0.0
24111,16,0.5162698543823913,0.4613772052454999,0.3765455891160495,0.4019752858018856,0.3894480808225535,0.5
24112L,6,0.0910698427474747,0.5878576206720458,0.3168314930005712,0.2714555236897321,0.6227784269202914,0.0
24113,2,0.3885949555543111,0.775348621104025,-0.0,0.3128685460460936,0.3284958110595334,1.0
24114L,17,0.3653042534202789,0.5970232275036436,0.4981883902445792,0.4159527309382542,0.6775217104602308,0.1176470588235294
24115,10,0.7822958201012128,0.8172993101736523,0.2954920697803505,0.3400394825965106,0.5778193722647416,0.0
24117,4,0.557055347443596,0.7650028339180261,0.1648508567221603,0.6694772984704991,0.6692161212296365,0.0
24119L,8,0.506819380124429,0.5357204836149849,0.3037164366253038,0.3458684095765627,0.6952729992143754,0.25
24123,1,0.9926614288701808,0.4561071879360605,,0.2606500439919768,0.3164165372644871,0.0
24124L,7,0.7458543008648967,0.6573738034147938,0.3827718356894354,0.4111211778457825,0.7377214851382506,0.0
24126L,4,0.5192820950132323,0.8620143453191468,0.3297017134443207,0.9832847180926976,0.8757456166977332,0.0
24128L,13,0.5800544650925538,0.4832532377579535,0.3043871078545213,0.317617829530627,0.5301568339725286,0.1538461538461538
24201,7,0.6556406466516003,0.7310834316439299,0.3553589461922984,0.7690470774632842,0.7170037140850861,0.0
24202L,7,0.4496968903442229,0.3757056418048694,0.2954920697803505,0.6554821011936071,0.8421447194683574,0.0
24203,4,0.2991726553376208,0.6642053073344374,0.1648508567221603,0.3644957982173068,0.4048622781692645,0.0
24209L,0,,,,,,
24211L,0,,,,,,
24213L,5,0.4927527247170831,0.8376204068330847,-0.0,0.5205033052861817,0.5929290630601592,0.0
24228L,19,0.6281970124834401,0.601094823124166,0.2236662875945368,0.3871986784334746,0.2837331229788664,0.2105263157894736
24238,8,0.5320422657675915,0.6731264477471486,0.2472762850832405,0.844156924501702,0.924352624818964,0.25
24239,4,0.5010826555599138,0.4630769814087334,0.1648508567221603,0.7030921409584842,0.8211712471029834,0.5
24240,4,0.0976430386767713,0.4986727123584558,-0.0,0.2681882678169965,0.3467491378331691,0.0
24241L,30,0.7406587125698628,0.6734616197881964,0.460723285358404,0.376532164699467,0.5180755635070596,0.1333333333333333
24243L,12,0.6035704748985653,0.739315722304789,0.4204258509021245,0.5780586376016689,0.5455366934157083,0.0
24244L,6,0.2543497889916587,0.6527549323436177,0.2954920697803505,0.4796436144627835,0.8472691132003515,0.0
24246,11,0.4755486969246968,0.411361282601633,0.3168314930005712,0.3141594178535832,0.6247806978207626,0.1818181818181818
24250,15,0.3493336106235862,0.5188501525871492,0.453339855985941,0.3147816877031334,0.5723275944461751,0.0
24301L,7,0.4362908207318502,0.8784881610505981,0.3827718356894354,0.1333584552292452,0.6283674088371334,0.0
24303L,2,0.4122341739914093,0.2951689670247185,-0.0,0.4992772654211398,0.6997629606519847,0.0
24304L,2,,,-0.0,0.7209455880150909,0.6339986976449249,0.0
24305L,6,0.5049090159155867,0.4788947919197671,0.2612824261163803,0.3350883364111013,0.4314306848907415,0.0
24310L,10,0.5599793873345681,0.5213743253837333,0.453339855985941,0.537252944143327,0.67656228936426,0.0
24319L,4,0.5711890834083327,0.5585797467307159,-0.0,0.2442349812684555,0.7481918379109682,0.5
24324,1,,,,0.0,0.2969079935991318,0.0
24325L,2,0.0,0.3063396020054105,,0.2841500583621724,0.2479886086910509,0.0
24327L,9,0.1670312333797919,0.6625554808064376,0.3297017134443207,0.3655344243977331,0.5135109941304666,0.0
24330,1,0.6658300669902558,0.6689348100480368,-0.0,1.0,0.9812076790915892,0.0
24331L,3,,,,0.1296246954754615,0.7271297403115194,0.0
24341L,39,0.548455337557311,0.6137572783893763,0.5221638573299785,0.3667322817404952,0.4216848717525847,0.0512820512820512
24346L,19,0.4129005738031006,0.6990293825782566,0.3879820877476868,0.5052148513369049,0.550581228154477,0.4210526315789473
24401L,9,0.4525898406416616,0.6782872351323941,0.160062037330743,0.6199165933863731,0.6155658668910913,0.2222222222222222
24402L,13,0.3470615536284334,0.7207033903390128,0.3168314930005712,0.3001793889549996,0.3611130640344998,0.0
24409L,5,0.5501741665224862,0.6660971084198772,0.1513818549682734,0.3905733364272081,0.4567948158747299,0.4
24416L,7,0.7352313563115193,0.5270497286400526,0.3827718356894354,0.5639958371853268,0.668961450648869,0.2857142857142857
24418L,5,0.1825295544967854,0.8581149185920158,0.1513818549682734,0.1691224272909332,0.169760747887032,0.0
24421L,32,0.4006937235543986,0.5839113139010836,0.433382030082254,0.7381554419957401,0.8644100494271583,0.0625
24428,46,0.4431520481958507,0.5559641884118313,0.497211081525866,0.4783985368788083,0.6793099259786621,0.0434782608695652
24429,38,0.5277917266384398,0.6242057897034631,0.3642694499611261,0.3580714450603862,0.4766414348301516,0.0526315789473684
24501L,21,0.5370040298810681,0.5862182967991366,0.3703274505433854,0.3719235703355747,0.4774860146872816,0.0952380952380952
24506L,35,0.5266750322047102,0.7165222064426904,0.5861326861167829,0.3598001700864101,0.5781456240587368,0.1714285714285714
24508,42,0.4939269192167925,0.6100968403516633,0.4759084464664306,0.6227601442500186,0.6226930320807716,0.1428571428571428
24509,49,0.4956739079219204,0.4751540642290591,0.4032172026585702,0.4419826731585148,0.6146618673291159,0.0408163265306122
24510,15,0.5503871734913761,0.6886667015841308,0.3965716603728385,0.5642642905126581,0.7374800831713171,0.0
24511,5,0.583193945585179,0.8171448890609553,0.2508911503117071,0.7420819973814955,0.8829922646768508,0.0
24512,0,,,,,,
24513,1,0.5290937641833922,0.4324596743680632,-0.0,0.9800943308836508,1.0,0.0
24514,1,,,-0.0,0.4797649021432408,0.7731029678600777,0.0
24515,6,0.5715968372122877,0.6370728970301035,0.2260023800196072,0.6429950914884377,0.6476899311782182,0.3333333333333333
24516,3,0.2433451055736557,0.6449558860709113,0.1648508567221603,0.7932600397825836,0.7256337827193606,0.0
24517,1,,,-0.0,0.8986578968186275,0.7588102813065407,0.0
24518,0,,,,,,
24519,5,0.34375304437236,0.5270497286400526,0.3711829972644872,0.7587719842625625,0.846594765201448,0.0
24601L,0,,,,,,
24603L,0,,,,,,
24604L,2,,,,0.2191696572756933,0.4844567962896574,1.0
24610,0,,,,,,
24611,0,,,,,,
24612,1,0.0475881891174156,0.4797547015040578,-0.0,0.2823778656052685,0.1828580460170556,0.0
24613,0,,,,,,
24615,2,0.8030841537899542,0.8692937431877964,-0.0,0.8287777109431524,0.943191029897564,0.0
24703L,12,0.4098630943617096,0.4551875624084163,0.2260023800196072,0.5447373777119019,0.4967374508978009,0.6666666666666666
24711L,5,0.1673607356213371,0.1952175923021003,0.3297017134443207,0.6158408708780178,0.6143522249968353,0.0
25101L,91,0.4403862082605114,0.5263610390052696,0.6313060203861558,0.7660939684385936,0.7914822973531261,0.1318681318681318
25103L,16,0.4922500541270262,0.6546363134720385,0.3827718356894353,0.6778712917409082,0.7413182192823053,0.125
25203L,6,0.3762522985257572,0.4740792982477385,0.3827718356894354,0.5403231275384618,0.3946517803749473,0.0
25301L,60,0.4646056136418278,0.5163334760965113,0.5511637986213219,0.5461769172035255,0.6511763183142433,0.2666666666666666
25303L,19,0.396722899607704,0.4862135910615587,0.600094033346573,0.7706594432452747,0.8053145959839209,0.0
25305L,9,0.5096000628397892,0.6808103497084619,0.3827718356894354,0.3578547382457379,0.4966434269933378,0.4444444444444444
25306L,5,0.4859046091443611,0.4882756237483941,0.2612824261163803,0.296992027307373,0.3229284466713855,0.4
25314,19,0.3839932033048396,0.4335959834615903,0.4810835684125942,0.4824206089233585,0.5737107918989292,0.1052631578947368
25401L,0,,,,,,
25409L,2,0.6973557272926196,0.8184951987169482,0.1648508567221603,0.9540006372800084,1.0,0.0
25411L,11,0.3774901973108923,0.5374546346099716,0.3553589461922984,0.3960433129021811,0.428294124727498,0.1818181818181818
25413L,0,,,,,,
25415L,0,,,,,,
25501L,29,0.4080286886480236,0.4712553053230965,0.4967073240274046,0.3760629528964884,0.4589780341637987,0.4137931034482758
25503L,7,0.117015502004258,0.3451036094739201,0.3711829972644872,0.645728072952033,0.721589691509678,0.0
25506L,14,0.4682108765872568,0.6071914119847822,0.3553589461922984,0.2457200501221829,0.3480250309594456,0.2857142857142857
25510,4,,,-0.0,0.2231737971698745,0.3080775345628403,0.0
25514,3,0.4056148166043372,0.6740942675537818,-0.0,0.3127440209894079,0.1702697757530203,0.0
25515,8,0.4261480778164872,0.3389824442639794,0.2472762850832405,0.421185835430991,0.733396098075728,0.0
25516,50,0.4035123957802068,0.649946588019334,0.5140116891113123,0.5155370452618655,0.6964120050531066,0.32
26003L,18,0.4710866629506673,0.7146533362794985,0.2589725513640393,0.4251746685635526,0.58756652256851,0.3333333333333333
26004L,5,0.3249265683427393,0.5183861395783227,0.3297017134443207,0.9769178809366034,0.9278472276968452,0.0
26005,10,0.6020481956470373,0.5690240652232479,0.2954920697803505,0.2224634072067585,0.3609526839609522,0.6
26007L,27,0.4639544870674311,0.6273798129135162,0.430355895102597,0.3904870326782514,0.5235992823166209,0.2222222222222222
26008L,15,0.4955669467153732,0.6339862742064912,0.4487121783782995,0.461153998859294,0.5569265919771329,0.8
26011L,1,0.6947914287697838,0.2905745929600789,,0.0169033906210519,0.5386938824731337,0.0
26101L,1,,,,0.7880435322418707,0.0916180879513945,1.0
26106L,98,0.4333968052111994,0.6139782338123815,0.5108163070996982,0.5331200908142179,0.6303867795121505,0.1428571428571428
26116,5,0.9321845663375524,0.8525971654261497,0.3297017134443207,0.5802992208653334,0.6346985939044459,0.0
26117L,6,0.2604489607459703,0.6355859528972676,-0.0,0.7283100114891188,0.7581075907322643,0.0
26123,18,0.4354487733059919,0.5887224440253898,0.5103445000233029,0.4694631721041586,0.5309639544309046,0.2222222222222222
26124,14,0.3291332829912204,0.4828686060906918,0.3685943744688496,0.6770681264908989,0.7598558715532195,0.0
26125,15,0.3735780942792125,0.6389100960468634,0.4803716169829101,0.5757995015998498,0.7823292977715268,0.1333333333333333
26202,6,0.5584698091105458,0.4005355310512667,0.1648508567221603,0.2808108594692813,0.4450300307079863,0.3333333333333333
26203L,7,0.1335424514992572,0.2243615549696863,0.3168314930005712,0.4969511165294726,0.1271341182785237,0.2857142857142857
26206L,3,0.4438913575360549,0.2190408644168869,-0.0,0.4249021805161495,0.3584213846821099,0.0
26302L,4,0.6937337967594976,0.5112847195947211,-0.0,0.2287040685080991,0.2317188627431385,0.5
26310,11,0.5266460539702731,0.7527675640302707,0.2954920697803505,0.3648308903481482,0.267639760786143,0.5454545454545454
26311,1,,,,0.2408974788889846,0.3325486022185306,0.0
26312,1,,,,0.1656857886891294,0.2460241708317441,1.0
26313,9,0.5280546941268093,0.6945393592216615,0.2472762850832405,0.3007400798276147,0.3665739931322829,0.0
26314,2,,,-0.0,0.1910771202403262,0.0877108212286753,1.0
26315,2,0.8798470204570508,0.6116552771833321,-0.0,0.4855471066646178,0.6403612643177276,0.0
26316,8,0.557692657786206,0.6615449620580376,0.1337398938570355,0.2114608126901931,0.4496613472619999,0.5
26317,24,0.5306382144410279,0.7059695983559404,0.47363970250103,0.4651013678751625,0.5032961736653228,0.25
26318,1,,,,0.0295450322869673,0.0,1.0
26319,0,,,,,,
26320,0,,,,,,
26321,0,,,,,,
26401L,142,0.3399932764797066,0.386471254668407,0.6037646117983911,0.574115835697238,0.67037615399895,0.1267605633802817
26406,10,0.5253162772499775,0.6369827365971049,0.3168314930005712,0.5691204669597738,0.6156678481436805,0.2
26407,11,0.5993525984314394,0.4980815245192559,0.4261332828385406,0.274365743139712,0.1301917823344235,0.0
26408,5,0.7072834766967002,0.7842295761995618,0.3297017134443207,0.7085877057711848,0.777907103677087,0.0
26417L,9,0.5811402531845862,0.5201344287263843,0.2472762850832405,0.3550564896223258,0.4313273674633215,0.8888888888888888
26420L,19,0.4023549251231202,0.6535016959299754,0.4032976218878175,0.3811879519847008,0.4572215693377591,0.5263157894736842
26421,5,0.5625965578001914,0.71687898461531,0.1648508567221603,0.2891612342113391,0.4430175795481753,0.0
26422L,8,0.5713130104530555,0.8055734430969816,0.1513818549682734,0.5147520152909925,0.5714786521867122,0.25
26424,8,0.3116000332118945,0.5308624354430159,0.3168314930005712,0.3398748292322159,0.5442565102637442,0.25
26425,2,0.4222122896328588,0.1581485169792936,,0.4562004385116004,0.7664136111453458,0.0
26428,6,0.8849742762800245,0.6553374897464384,-0.0,0.3302398502779034,0.4726652269434914,0.6666666666666666
26429,3,0.4581694817415703,0.4892137069312569,-0.0,0.3831422843839995,0.6041304674336011,0.0
26433L,0,,,,,,
26434,3,,,-0.0,0.1965952971579877,0.0,0.0
26435L,4,0.4363370470364229,0.577248144941896,0.2612824261163803,0.3307146812840297,0.4471260728180859,0.5
26437L,8,0.2747179632014248,0.0814911604963688,0.2612824261163803,0.4589254597130948,0.4744061108953402,0.0
26440,3,0.5317288619002877,0.5327251318963719,0.2612824261163803,0.1996804597074075,0.5827931955382031,0.0
26441L,12,0.3272120154408373,0.4084968606191591,0.3965716603728385,0.4885400791073069,0.5345782592769155,0.1666666666666666
26443L,19,0.4430319944506096,0.5128612204992542,0.4495840591583315,0.5736208030663451,0.4039190109857217,0.0
26445,12,0.5280909057834808,0.5807252848914852,0.4859313285167251,0.504484957017857,0.7995062565232051,0.0
26446,22,0.5393154824444869,0.5182432428385804,0.4482780322360823,0.3874052891786286,0.5613762202110254,0.2727272727272727
26447L,10,0.2488921827456379,0.4916009797295498,0.3685943744688496,0.5373542142299421,0.7660240402517225,0.0
26449,9,0.2543061723861478,0.6442738316128396,0.3711829972644872,0.4831217055195123,0.7116042633756028,0.0
26450,11,0.5364595554725661,0.4213556245187426,0.4492978048006893,0.5139839371775837,0.6701546657336377,0.0
26451,8,0.014888126669407,0.3705648779857396,0.3162327116904338,0.5126561615675013,0.772893366174629,0.0
26452L,6,0.5321011387964284,0.5013002138660111,0.1513818549682734,0.3559157943244896,0.4217239849511066,0.0
26466,8,0.3597712688279822,0.5913709655450055,0.1648508567221603,0.4343634795697869,0.8290882170395527,0.25
26503L,18,0.5369856259877082,0.5892910295449916,0.2889366153298247,0.5136458582041701,0.5425151711262495,0.0
26508,16,0.3752170030242022,0.5667536045851055,0.4859313285167251,0.5769452387689119,0.7651774623693867,0.0
26509L,1,,,-0.0,0.9054302048539392,0.9779491091606728,0.0
26511,2,,,-0.0,0.1062978566871657,0.137238066984225,0.0
26518L,89,0.5218223187976869,0.5169346529199923,0.6081202065571505,0.3820151740208531,0.5548064993197658,0.1573033707865168
26520,15,0.4615848414710119,0.7692933069739902,0.3117430444391381,0.384777813776851,0.2746298405183424,0.2666666666666666
26521,0,,,,,,
26601L,5,0.6913910099414777,0.6265323719261106,-0.0,0.576247586133097,0.6100490121336437,0.0
26602,3,0.4949713316794961,0.7543920314937653,-0.0,0.2065280156097783,0.3541864117181303,0.0
26603,3,0.4994316456554695,0.2905745929600789,-0.0,0.4960394148883398,0.4338568716885577,0.6666666666666666
26604L,13,0.0607031610918772,0.247693768356777,0.3297017134443207,0.3848700866166979,0.3625448767908344,0.0
26606,7,0.6165064506565778,0.3070515701558449,0.3168314930005712,0.5995302603666319,0.5075620066716088,0.0
26607,7,0.4606301492479018,0.701543486652328,-0.0,0.2748733604558354,0.3248648571987784,0.2857142857142857
26608,6,0.0623626524812915,0.0,0.1513818549682734,0.2638010484250733,0.4434302564343462,0.3333333333333333
26609,16,0.7172074512643167,0.674998275065472,0.3988371864779316,0.2636127806617087,0.3446099501271957,0.0
26610,4,0.2539859200766935,0.0,0.1648508567221603,0.690880288619762,0.7173350685026134,0.0
26611,20,0.4078709231741767,0.5482335849009659,0.5334452311910098,0.478660254271069,0.6639104621750144,0.2
26612,11,0.4567477875665885,0.3828277164794663,0.160062037330743,0.498758282524995,0.4995657425701238,0.1818181818181818
26615L,13,0.5657591073393574,0.7034891359963759,0.2732803086892609,0.5660168069199079,0.6642525126496528,0.0
26617L,7,0.2121797608683202,0.6304231450944412,-0.0,0.2178595121829203,0.2686086202366648,0.2857142857142857
26619,12,0.4525915991429885,0.5222151258661509,0.1337398938570355,0.3202738411110677,0.3344730955661397,0.0
26620,7,0.7119213227700697,0.6783938154752358,0.1337398938570355,0.2548790101776521,0.3302619967458692,0.2857142857142857
26621,11,0.6119680784440531,0.2915702777418893,0.3162327116904337,0.413728899350685,0.6774656128923812,0.0
26622,5,0.2877219783828336,0.4164976027096649,0.1648508567221603,0.4767170391317109,0.4282449610623204,0.0
26623,29,0.5867841519064191,0.6324676895370329,0.4204258509021245,0.3850172072918233,0.5071349098046495,0.0
26624,18,0.2875063281493391,0.6185000290097366,0.3711829972644872,0.2061620472796694,0.2852325649302382,0.2222222222222222
26625,8,0.349465979649723,0.5891244517560457,0.3162327116904338,0.7356878129509566,0.6435650104525122,0.25
26626,2,0.7953398476684347,0.9586168512560046,-0.0,0.1836758172137012,0.4203743727508052,1.0
26628,1,0.68788217836893,0.2338205603968852,,0.2169900638850183,0.4306217252470833,0.0
26629,3,1.0,0.8108198914560211,0.1648508567221603,0.3166908929841808,0.0110227916600607,0.0
26630,4,0.8222502698762493,0.5428147376853842,-0.0,0.1261617213295948,0.4837006672485335,0.0
26631,9,0.6054506361829176,0.7256888426112305,0.3168314930005712,0.4865747825564281,0.6638443781563161,0.4444444444444444
26632L,17,0.4552448534306142,0.4824088106218163,0.453339855985941,0.4610152060467969,0.6465770740599511,0.0
26634,4,0.4559675818806202,0.4166946653227316,0.1513818549682734,0.3382654159524477,0.4187212102276534,0.0
26635,1,0.5923047982174859,1.0,,0.5496582893989007,0.9529667396903134,0.0
26636,4,0.8787218232860396,1.0,0.1648508567221603,0.319467659601201,0.4533565225846635,0.0
26637,7,0.103802098224738,0.1388682463425777,0.1648508567221603,0.2737483231014603,0.2986240466460841,0.0
26638,5,0.5783891504447102,0.8225045452190316,-0.0,0.2796445376775032,0.5468382563678506,0.0
26639,5,0.4340800532984125,0.6121807774848431,-0.0,0.4211003591177736,0.3800312502794393,0.4
26640L,1,0.4256995240400898,0.9385164647232068,,0.5478523405894844,0.5569418740862658,0.0
26703,3,0.3995343220396468,0.5221903964401975,0.1648508567221603,0.5959170273644988,0.5126554748904112,0.0
26704L,13,0.5558828052495409,0.7261457853349444,0.4157420070338674,0.6828716906190956,0.7270470494861806,0.1538461538461538
26706L,9,0.4843812690488454,0.6807411509417208,0.3711829972644872,0.6602595839135489,0.5720797259636162,0.2222222222222222
26709,1,0.5740087578093419,0.6388433490327602,-0.0,1.0,1.0,0.0
26710,2,0.418589257042793,0.6224026059303646,-0.0,0.7010880549005281,0.7276113852576755,0.0
26711,12,0.4501144383982829,0.511571356122818,0.3297017134443207,0.2739755024691298,0.4050028460536619,0.0
26712L,2,0.9420010999134976,0.2905745929600789,,0.3262493523077035,0.0,0.0
26715L,8,0.5496317966619604,0.8453106551478806,0.3685943744688496,0.5662372843413775,0.4887202897788495,0.0
26717L,12,0.4798078016397534,0.7101695220185535,0.2985907505791958,0.7411482601713699,0.7551717155850807,0.0
26719L,9,0.5796278886328468,0.8041355276208004,0.3553589461922983,0.982680303045217,0.8479291454438588,0.2222222222222222
26721,7,0.3039684424661735,0.6013704855680444,0.2472762850832405,0.4697712024896963,0.5886107074351388,0.0
26722,3,0.4642682641304798,0.3792650710147576,-0.0,0.744445299628388,0.7685583321330435,0.0
26723L,6,0.2792328133880164,0.4206408339070515,0.2954920697803505,0.4371841053806286,0.7118046900407755,0.0
26724,1,0.426249803339062,0.7774881580458914,-0.0,0.3330229517823814,0.3067870651944481,0.0
26725L,13,0.5510890275499113,0.8288097651581727,0.2236662875945368,0.8816426920613456,0.8935871381650029,0.0
26728L,8,0.5546397615887091,0.6331595002358809,0.2508911503117071,0.6724532878181122,0.7967264860631926,0.0
26729,7,0.3814336250126392,0.5312899724522453,0.2954920697803505,0.6004315338118361,0.8353191715629967,0.0
26730,3,0.8604036001560734,0.890857629686166,0.1648508567221603,0.3812860612749974,0.3993716896343081,0.6666666666666666
26734,6,0.4979606353196652,0.5921312220559767,0.3168314930005712,0.5871707352859116,0.5874059004707902,0.0
26735L,10,0.4664148038869833,0.6466753027112047,0.3760307573686181,0.91148240749902,0.9350297092021824,0.0
26737,9,0.5853236435968192,0.6098737029904043,0.4627948640243697,0.5171535168472127,0.6749735517065036,0.0
26738L,15,0.286401094290416,0.5213948884390098,0.4261332828385406,0.4834931074375968,0.6508361199460048,0.1333333333333333
26802L,64,0.5332242697644768,0.5709999587733308,0.5588985777877242,0.5482685437750761,0.6849602487328682,0.1875
26807,2,0.7049786758161075,1.0,,0.1424168328754948,0.2529172995317595,0.0
26808L,3,0.444365770553256,0.595154567715885,0.2612824261163803,0.8217744876319517,0.9505113033563448,0.0
26812L,3,0.0425177843930383,0.8250083995968195,0.1648508567221603,0.3290032145730848,0.4934012817078721,0.6666666666666666
26819L,0,,,,,,
26832,0,,,,,,
26833,3,0.6097985120868012,0.9842349909546684,,0.2961738052576055,0.4415567154705809,0.6666666666666666
26834,0,,,,,,
26835,0,,,,,,
26901L,7,0.7711936051044269,0.6386871695588223,0.3168314930005712,0.7903511334983473,0.7863210596677412,0.0
27101L,0,,,,,,
27102,0,,,,,,
27104,1,0.6562768788366381,1.0,-0.0,1.0,1.0,0.0
27105L,0,,,,,,
27107L,1,0.4041050496914736,0.6846998190933684,-0.0,0.5288898780906117,1.0,0.0
27132L,1,,,-0.0,1.0,0.5021978992468692,0.0
27137L,0,,,,,,
27140L,0,,,,,,
27145,0,,,,,,
27146L,0,,,,,,
27201L,0,,,,,,
27203,0,,,,,,
27204,0,,,,,,
27205L,2,0.6397106116958733,0.6878528209024347,-0.0,0.2996164678769708,0.8391636534666398,0.0
27207,0,,,,,,
27208L,15,0.3636319992296252,0.653715056954649,0.350442355354404,0.4551249944152357,0.548989892639181,0.1333333333333333
28002L,15,0.7268070215588913,0.7130768353749652,0.1337398938570355,0.3295168550897701,0.3605434892070864,0.4
28009,0,,,,,,
28010L,20,0.7201288268670842,0.3989590301467336,0.3760307573686182,0.2582740550236991,0.2852877901907979,0.1
28017L,278,0.4043956649744097,0.3924581551232406,0.5919247068707547,0.509837366942031,0.6141000153567396,0.2517985611510791
28102L,0,,,,,,
28103L,0,,,,,,
28105L,0,,,,,,
28109,0,,,,,,
28110,28,0.4394946369447169,0.5154334061855979,0.5483533630176766,0.3246142619600242,0.3207927209331777,0.4285714285714285
28111,0,,,,,,
28112L,3,0.2413468071455773,0.299357955142478,-0.0,0.3316454164586463,0.6281959365756391,0.0
28113,39,0.4886368039775614,0.5518132389009958,0.339633808817971,0.3821299083085158,0.4790223674299403,0.1025641025641025
28116L,25,0.4864527100502568,0.6140111780087381,0.5356763110297096,0.5447154667971269,0.5487519729744692,0.32
28120,3,0.4529780060991218,0.6079767750727547,0.1648508567221603,0.6093348554481176,0.6020088469227219,0.6666666666666666
28121,2,0.3457464199320942,0.1766365730415461,0.1648508567221603,0.5024220709184749,0.6215748767437205,0.0
28122,14,0.5384698480466245,0.6665094240410627,0.245811560502733,0.3736722305364809,0.4125410655982567,0.1428571428571428
28123L,22,0.4786907560943584,0.6511804070041276,0.4296407202111567,0.45413950782386,0.3967924989611183,0.2727272727272727
28128L,17,0.683756999630392,0.723869803106,0.3141462320117583,0.1885912409111651,0.6333420798719125,0.3529411764705882
28129L,7,0.5651981402583909,0.8256840428416194,0.1337398938570355,0.7667770049223487,0.6084361507393002,0.0
28130,10,0.3720494995436958,0.566892206045527,0.4261332828385406,0.3336446447092002,0.4557573148538306,0.2
28131,2,0.3896470209597735,0.76037186251096,-0.0,0.9829355079247276,0.6504175731878611,0.0
28132,37,0.4044247791861616,0.3586761809865828,0.4798159141215868,0.5039952907060272,0.6157314805664477,0.4324324324324324
28135,23,0.4921646239986381,0.6595539782194098,0.4438412489368288,0.2561493122098581,0.2070010001789482,0.0869565217391304
28136,0,,,,,,
28137,0,,,,,,
28139L,27,0.3921491843675505,0.389592266793736,0.5103445000233029,0.3440685920684513,0.4525708524532149,0.2222222222222222
28141,0,,,,,,
28143,0,,,,,,
28207,0,,,,,,
28209,3,0.9856551327774672,0.8581149185920158,0.2612824261163803,0.2814053747435229,0.4869396433213766,0.0
28210,2,,,,0.354435223100984,0.5578542736669223,0.0
28213L,2,,,-0.0,0.103287942004805,0.0,0.0
28215L,2,0.5294425795712938,0.5019518342398848,-0.0,0.5137691257302999,0.3875559115619875,0.0
28218L,1,,,,0.185776641554408,0.4098352181533289,1.0
28220L,0,,,,,,
28221,0,,,,,,
28222,0,,,,,,
28223L,64,0.5232248448464404,0.5838819935789601,0.5516198999523406,0.4731957588346467,0.5908923876122132,0.25
28302L,0,,,,,,
28307L,0,,,,,,
28317L,1,0.2775634149915278,0.0,-0.0,0.74289481200646,0.803615617856642,0.0
28321,46,0.494840197088311,0.6082175191468109,0.485443169919834,0.4038643016572933,0.5306729727025709,0.4347826086956521
28322,0,,,,,,
28323,0,,,,,,
28325,1,,,-0.0,0.2823778656052682,0.2632361043129951,0.0
28326,8,0.3835689884686811,0.6417401694448399,-0.0,0.2445692946726303,0.2794412205675338,0.0
28327,0,,,,,,
28328L,4,0.7588656915385259,0.5520312045118858,-0.0,0.2203696275903237,0.1108642045704866,0.0
28329L,2,0.707351842788565,0.5932627666304453,0.1648508567221603,0.7236860837608486,0.7519015639700679,0.0
28332L,0,,,,,,
28335,0,,,,,,
28401L,61,0.3956800650938866,0.4423614417514289,0.5216578782718762,0.5441428782738282,0.7297259094784971,0.1311475409836065
28403L,27,0.516659406154027,0.5657652877106345,0.4432381046705258,0.3238072378619508,0.5336816676119183,0.0
28407L,29,0.4239846991802192,0.5849861368816462,0.4197827075600335,0.4304224683735074,0.4899550181824419,0.1379310344827586
28418L,25,0.5006330243925612,0.6533383927388791,0.4197827075600335,0.5406690418032869,0.5858380185128925,0.16
28420,22,0.6311266586388226,0.6466886306174023,0.3904529678617317,0.3666810000772007,0.6118743431354744,0.1818181818181818
28421L,39,0.480620588549821,0.4571012872325496,0.5311376067393797,0.3578562630406866,0.4667823539008091,0.0512820512820512
28423,8,0.1607638989125115,0.4665578632870787,0.2260023800196072,0.4388383984578627,0.4287171341010918,0.25
28425L,2,0.6362671591036311,0.3733408904480697,-0.0,0.2489146964896109,0.6585134156387737,0.0
28427,40,0.5826135362337147,0.5801272851179278,0.4983655647494362,0.645295295072647,0.7251531595089842,0.1
28502L,27,0.4547724349996782,0.606311236797607,0.473107126052245,0.5276441782517874,0.605517595941379,0.2962962962962963
28505L,28,0.3033545415399035,0.5164528242359504,0.4430075101273277,0.4728101350788441,0.4640690550694096,0.0714285714285714
28508,15,0.5080279408283453,0.6801016914551468,0.4157629618834991,0.5205161170521396,0.5817704519324148,0.0
28509L,34,0.4583565663031155,0.6027527390396975,0.4860001592504885,0.5748252064362367,0.626956611978211,0.0
28511,19,0.3494686609740315,0.5594921047009989,0.4957389176565472,0.6641681928247035,0.7033268333447561,0.3157894736842105
28512,12,0.0938634381711681,0.2967920912642728,0.4091127734966246,0.6519435387861168,0.8313952682145601,0.0
28513L,3,0.4802952553889631,0.3536346291414052,0.2612824261163803,0.8926566295463488,0.7810416221777283,0.0
28516L,38,0.5066835288893604,0.6235844797515155,0.487515333686791,0.4473761557814681,0.5997352588893365,0.0526315789473684
28519L,23,0.5184641784002657,0.4790173459628825,0.4156100238854108,0.5718902674322089,0.6946537551615604,0.2608695652173913
28521L,57,0.4757086144020857,0.6592222680445818,0.4113862903331096,0.5799656333485522,0.6794384792395142,0.2105263157894736
28607L,30,0.2011855339907422,0.5170303555927589,0.5083320197260578,0.5503277385731018,0.59903097194793,0.0666666666666666
28613L,74,0.4781942427489012,0.4840671009178964,0.5617073382230385,0.7207745265612054,0.7327753104297375,0.054054054054054
28614L,13,0.1696256740082495,0.2435751597436841,0.3965716603728385,0.3012496995683587,0.2911871886155889,0.1538461538461538
28627,0,,,,,,
28628,3,0.6886871812534308,0.4531512487400608,0.1648508567221603,0.4916303026542309,0.8669443047070203,0.0
28629,0,,,,,,
28630,3,0.4246936720167016,0.5801811633800638,0.2612824261163803,0.6448885916580241,0.605824510861754,0.0
28631L,8,0.5068484078871706,0.6881084696977644,0.4121271418054009,0.7428552518374915,0.7264833433099275,0.0
28638,3,0.624340441530768,0.7871723778880237,,0.3664046504878391,0.3166977715406884,1.0
28701,6,0.2570251045536739,0.4991840099491151,0.1648508567221603,0.2739226191136374,0.3711987601259262,0.0
28804L,0,,,,,,
28806L,2,0.3517010812633085,0.5983706295611326,0.1648508567221603,0.2852951675281719,0.2528671676866686,0.0
28808,0,,,,,,
28809,14,0.6200209646630201,0.5104964691424545,0.4121271418054009,0.2123583296315246,0.3196102058087174,0.5714285714285714
28810,0,,,,,,
28811L,12,0.3452288236543986,0.56886848947609,-0.0,0.2421503791000272,0.2148309069346554,0.3333333333333333
28813L,0,,,,,,
28815,2,1.0,1.0,-0.0,0.3789961269090477,0.0,0.0
28817,0,,,,,,
28818,0,,,,,,
28819,2,,,,0.2372291453698574,0.0,1.0
28821,0,,,,,,
29001L,31,0.6285179196999809,0.7752418258814598,0.4300066338370973,0.2984718858903367,0.3969422522008128,0.2580645161290322
29003L,0,,,,,,
29006,18,0.5105132264340289,0.7142728015784042,0.4492978048006893,0.3977312845608386,0.3917040629103928,0.4444444444444444
29007L,3,0.5160708755119348,0.628996787133197,-0.0,0.3581466794362337,0.308459206238855,0.0
29009,1,0.538200130459137,0.4737353344140221,-0.0,0.1469317048990354,0.9062605706805108,0.0
29014L,4,0.9817550040041096,0.6273151861683615,0.2612824261163803,0.2601813806460551,0.2554938523503235,0.5
29101,3,0.3957179990076724,0.7086626328422725,-0.0,0.2878703167564139,0.0898515593236037,0.0
29102L,6,0.7506854947130334,0.9457926227441292,0.2472762850832405,0.3816753470177542,0.6544558069128081,0.0
29105,1,,,,0.1604763209696591,0.0899888029859364,1.0
29106,121,0.3356878947712847,0.49725787810719,0.5718097135182979,0.4007302100075288,0.54993921276728,0.1487603305785124
29107L,1,,,,0.4720024905939944,1.0,0.0
29115,2,,,0.1648508567221603,0.2398831579782904,0.4312062437095493,0.0
29117,3,,,,0.2635658988405139,0.1336174337276512,0.6666666666666666
29201,10,0.675233497725167,0.628996787133197,0.2260023800196072,0.21824787090422,0.5088032920443307,0.2
29202L,2,,,-0.0,0.1622822697790753,0.3470899705352455,1.0
29209,2,0.0,0.0,-0.0,0.0,0.0,0.0
29210,16,0.7217458274425215,0.5851119215282845,0.3965716603728385,0.1697797357209373,0.3403578530085775,0.125
29211L,0,,,,,,
29212,2,,,-0.0,0.0927532406165425,0.8139344226378773,0.0
29301,2,,,,0.2723976221848093,0.421189694851849,0.0
29302,23,0.6218704850342411,0.6111297768818211,0.4433245776767447,0.2515522719235698,0.2347463966444709,0.5217391304347826
29303,0,,,,,,
29306,12,0.7935438512682845,0.8030807051974037,0.2743938849133293,0.1173401961482774,0.2038423243565836,0.3333333333333333
29307,0,,,,,,
29308L,1,,,,0.1875655531109056,0.4207336509739576,0.0
29401,0,,,,,,
29403L,0,,,,,,
29405,0,,,,,,
29406,1,,,-0.0,0.0927532406165425,0.7302977944110217,0.0
29407L,1,0.8143412193343975,0.1250419979840974,-0.0,0.2823778656052685,1.0,0.0
29408,5,0.7862418989277692,0.8533854158784163,0.1648508567221603,0.1946087534676293,0.394350096433304,0.0
29409,0,,,,,,
29410,1,,,,0.1875655531109056,0.0,0.0
29411,0,,,,,,
29412,0,,,,,,
29414,2,0.6987420486191666,0.0,,0.2573579498081449,0.7188927996528139,0.0
29415,1,0.6597970500866414,1.0,,0.1243573447813301,0.0269897843215513,0.0
29416,0,,,,,,
29419L,13,0.4235254982686462,0.4013800851072666,0.4261332828385406,0.1596034013587211,0.3529585494982791,0.4615384615384615
29420L,16,0.4688574735531992,0.297123135178909,0.3297017134443207,0.3791846436770351,0.3905568146761699,0.5
29422,1,,,,0.2086349558874308,0.3412607509921617,0.0
29423,10,0.6377997628009119,0.6456957535325776,0.4859313285167251,0.4913279630990884,0.3533127085790769,0.0
29424L,18,0.1424078174832475,0.4041138244964406,0.4438412489368288,0.5000625015447887,0.6758052936649663,0.1111111111111111
29427L,20,0.3832754850638727,0.5567780314112494,0.4261332828385407,0.3287907640805619,0.3991572327652559,0.3
29432,0,,,,,,
29433,25,0.3935350051999576,0.4969619448697088,0.4032976218878175,0.3079447504417054,0.3672142785092024,0.48
29434L,41,0.4061995413198598,0.6070516762940791,0.5560219415579513,0.5711952247975088,0.6643985662759752,0.0975609756097561
29436L,8,0.7918534487009483,0.535111380992779,0.3297017134443207,0.3182220754824187,0.3958616127261133,0.0
29439,0,,,,,,
29440,0,,,,,,
29441L,633,0.4247486663534598,0.4833314860019401,0.5514911393015451,0.5952429068107628,0.7263000142075091,0.1232227488151658
29445L,2,,,-0.0,0.8379187591269264,0.628722059845735,1.0
29448,9,0.8045108345041238,0.7802600277681475,0.1648508567221603,0.2490332706812813,0.269918704652178,0.0
29449L,4,0.6842734856537034,0.6142499349220429,,0.2540704439088895,0.3047662157594699,0.0
29452,5,0.1098733865436496,0.4482246834133947,-0.0,0.3179700046239572,0.5737170766640214,0.4
29453,17,0.4937787591064271,0.5459677394944505,0.3162327116904337,0.2730165918926994,0.2779867666160086,0.1176470588235294
29454L,0,,,,,,
29455,0,,,,,,
29456,0,,,,,,
29457,0,,,,,,
29458,1,,,-0.0,0.3455860739348438,0.0003781298857336,0.0
29702,0,,,,,,
29703,1,0.0,0.5455564783889202,,0.7406373759946895,0.9793068466318882,0.0
29705,1,,,,0.2823778656052685,0.8215377524766828,0.0
29706,35,0.5343679535821539,0.6612493681384377,0.5010861114070182,0.2851484039679475,0.3516888171156758,0.4571428571428571
29707L,2,0.3406149961927887,0.3704935367735558,-0.0,0.415575130542082,0.5257387387847798,0.0
29711,0,,,,,,
29712L,4,0.4067323860643094,0.3106749794928767,-0.0,0.4926074792284366,0.4850648678499051,0.5
29717,0,,,,,,
29719L,0,,,,,,
29721,12,0.5625628914287096,0.6479898694592392,0.3508166814030639,0.1448966359815872,0.2543224417685295,0.3333333333333333
29722L,0,,,,,,
29723,0,,,,,,
29725,0,,,,,,
29726,7,0.2561248195265816,0.2046254679702334,0.2508911503117071,0.4019118600125381,0.3951716670650651,0.2857142857142857
29727,4,0.5833450476886531,0.7446068534656285,0.2612824261163803,0.3207542778053677,0.3362823802643724,0.0
29728,0,,,,,,
29729,3,0.0404112519283248,0.5743447557760474,-0.0,0.4150781392328566,0.2020664582414055,1.0
29802L,54,0.4790154242790332,0.6163514401711214,0.5436037915154963,0.39521525852812,0.4685476790771153,0.2962962962962963
29809,8,0.4908687545387401,0.6088140128412639,-0.0,0.2331190553492514,0.1938558078593328,0.25
29818L,0,,,,,,
29822,0,,,,,,
29823,0,,,,,,
29824,11,0.2803379500611491,0.5710062832723302,0.2612824261163803,0.2768853764937792,0.3191477997472119,0.0
29825L,30,0.2418821316659481,0.501062780244452,-0.0,0.566408906431051,0.6036878382332517,0.3333333333333333
31001L,4,0.555663182177916,0.943459008099581,-0.0,0.7483117783426965,0.4000806751109286,0.0
32001L,8,0.3000668979326004,0.19125503597449,0.2508911503117071,0.3710406110330841,0.4274174648150157,0.25
32105L,1,,,,0.2823778656052685,0.8671577315095131,0.0
32108L,3,,,-0.0,0.5193607618348658,0.5430773173271719,0.0
32112,0,,,,,,
32113,0,,,,,,
32202L,0,,,,,,
32303L,5,0.7927105272772026,1.0,0.1648508567221603,0.289633047653793,0.3593976065898244,0.4
32307L,59,0.4728694543232715,0.5499657968491047,0.5441568124247645,0.5868965306236894,0.6232409356569258,0.2711864406779661
32319L,11,0.5998589627386548,0.7421176415111024,0.3037164366253038,0.4311742575177358,0.5671968144339115,0.1818181818181818
32325,2,0.3869548054982108,0.1250419979840974,0.1648508567221603,0.6632102525260398,0.8020921306162135,0.0
32327L,0,,,,,,
32330L,8,0.9068824336227908,0.7845448763804684,,0.3823865402399333,0.3284158869019871,0.5
32332L,0,,,,,,
32333,10,0.9250661633074644,0.3012159740656778,0.3711829972644872,0.2116119478632281,0.3015669090607181,1.0
32334,0,,,,,,
32335L,0,,,,,,
32337L,0,,,,,,
32404L,71,0.541408506432447,0.694232150144034,0.4839871568853719,0.6747181433428371,0.6786235674026708,0.1126760563380281
32405,3,1.0,1.0,-0.0,0.8347856595085574,0.7710646579493527,0.0
32406,70,0.5635708041872692,0.6206536693858367,0.6340689762252535,0.4012041712531692,0.5626694074891117,0.0571428571428571
32407,28,0.3304355679036179,0.4932577935353194,0.5169429142388515,0.4908821237464575,0.6181634375037794,0.1428571428571428
32408L,4,0.34020797192188,0.6164071416118895,0.3297017134443207,0.4240903862427675,0.6676020216680078,0.0
32410,31,0.6220947312778329,0.5146339711588064,0.4229163619711345,0.3737763361130968,0.5328807139386763,0.2580645161290322
32411,18,0.3819838726557761,0.5099204399657982,0.3491670074158389,0.3851433994581449,0.4881751282548643,0.2222222222222222
32412,75,0.2530328972444499,0.3517323988961355,0.5375442020919612,0.5567493705351924,0.614276328197462,0.0266666666666666
32415,53,0.322788776516977,0.5003284082501973,0.5721903632101011,0.4424883197255017,0.5917835143791388,0.1509433962264151
32417,58,0.4124631871209975,0.5250035276295122,0.5623670173798864,0.5743034184334932,0.7319455095885486,0.1034482758620689
32418L,67,0.3671809271534782,0.5366682506473694,0.4960856095530225,0.5995258062162584,0.7113453548887265,0.208955223880597
32422,86,0.4111431440967599,0.5640241591793268,0.5249519539229386,0.5220016921178121,0.6352588710524544,0.0465116279069767
32425L,17,0.4813599500865286,0.6161996036002086,0.3975546917061867,0.5774751953758224,0.8217722352759191,0.0
32433,20,0.5486738718328293,0.6721993204576677,0.4114022800150559,0.4946514505189944,0.6234527455047768,0.3
32434L,54,0.4116823583377137,0.5567864177738475,0.5448406543622489,0.4524463990757851,0.6560664287640177,0.074074074074074
32435,34,0.6113071604121905,0.7815184723713116,0.4936972488829948,0.4187053725812152,0.5533387066085537,0.1764705882352941
32437,13,0.382752387135862,0.5359324238028129,0.4156946192466096,0.5348192163032449,0.7072032360669551,0.0
32438L,35,0.315724747601066,0.2941525645781933,0.6164716911629384,0.5310355668824498,0.6021910842092656,0.1142857142857142
32440,26,0.3439989747261766,0.3471717225896461,0.4818972054344327,0.5133182463249408,0.6028649272870437,0.0
32441,13,0.2818757796015131,0.4248828179799497,0.4945525701664811,0.588883786405987,0.6871483641430602,0.3076923076923077
32443,18,0.3823372649538436,0.5757999873802319,0.4156946192466096,0.3672547516724181,0.5389555647054087,0.1111111111111111
32444,0,,,,,,
32445,26,0.4454234441090313,0.4132162923196093,0.4557622875838566,0.6126285374394154,0.7080943576403218,0.0769230769230769
32446,2,0.4814089370228867,0.9905409945728012,,0.3297840218524498,0.775917773443852,0.0
32447,56,0.3706734858613917,0.579481393674701,0.5402247283686418,0.6348803831784142,0.6972414827035676,0.1428571428571428
32451,5,0.7081821878447522,0.6802856165606757,0.1337398938570355,0.4941713207636746,0.6729486835304672,0.0
32452L,72,0.4435968069734946,0.5352445644153678,0.5521423485057598,0.6967126023044589,0.7408267640852366,0.2777777777777778
32454,16,0.5201656567940456,0.616594980017536,0.453339855985941,0.3834265662259574,0.6135358340638639,0.0
32455,0,,,,,,
32503L,1,0.0,0.2905745929600789,,0.4087942822644189,0.3463296375513649,0.0
32505,0,,,,,,
32508L,1,,,,0.1686030906120329,0.0,0.0
32509L,2,,,,0.3357097913833476,0.4843775949371697,0.0
32511,1,0.6454985794098165,0.6736643127616363,-0.0,1.0,1.0,0.0
32516,15,0.5101880427004847,0.6103011033294383,0.1190104649339787,0.2777120402362031,0.4991767125324789,0.0
32601,13,0.4648816710661668,0.6096010487319707,0.3168314930005712,0.3643993510679557,0.3430055427838284,0.0
32602L,17,0.528234105992082,0.5925871233856455,0.3508166814030639,0.3070634865525248,0.3107887014565377,0.2352941176470588
32603,4,0.6792875228641929,0.6996765776864334,0.1648508567221603,0.4024734614314614,0.4765563248249678,0.5
32604,34,0.4701743518597825,0.5231738434893956,0.550136214016207,0.3155853251483096,0.4006954052225506,0.1764705882352941
32605,0,,,,,,
32608,0,,,,,,
32609,14,0.6432571713310986,0.6874228661102894,0.4945525701664811,0.2145946854709129,0.4181190110170912,0.2857142857142857
32610,7,0.8473747804769531,0.7748756708326651,0.1513818549682734,0.2774755165656816,0.5039678197299364,0.0
32611,9,0.6432234442069745,0.6334635396960409,0.2612824261163803,0.2042439151886593,0.254464060153622,0.2222222222222222
32612L,1,,,,0.0,0.0,0.0
32613,55,0.5221606435328758,0.5630069662433543,0.6040168034440088,0.400292570881907,0.4868047949724184,0.109090909090909
32615,21,0.4968703028488444,0.5616379762310703,0.4362677932322495,0.3567856651346833,0.4282177163023516,0.2857142857142857
32617L,191,0.4781395884340066,0.6160100191739889,0.5648867473467784,0.4302408907091264,0.6338927774596285,0.1361256544502617
32621,0,,,,,,
32625,10,0.1968769857187688,0.4579344958026784,0.238838498781758,0.4108863885916466,0.5516776201940027,0.2
32626,0,,,,,,
32630,1,,,,0.3365563298877613,0.4891636195232033,0.0
32702L,16,0.5355940042974404,0.5013752853376555,0.3685943744688496,0.3039980531980155,0.2623562428632009,0.25
32704,59,0.5705057181726904,0.5451619723654669,0.5659107956251791,0.3566854489000188,0.4824062021704004,0.135593220338983
32706,0,,,,,,
32707L,1,,,,0.315356061255482,0.1907919554140697,1.0
32708,12,0.6946670457068874,0.4324596743680632,0.3827718356894354,0.248513871693915,0.3024991171508868,0.3333333333333333
32710,14,0.7630418931786208,0.6736643127616363,0.3162327116904337,0.1828926605665405,0.1888022206660359,0.1428571428571428
32714L,18,0.5264499081373026,0.5379639656714361,0.4126642810846537,0.2608266293768083,0.6499919104615939,0.0
32716,5,0.547164657516044,0.892403813265612,0.2472762850832405,0.5531650994792549,0.2985597514606655,0.0
32717,2,0.5144637892330044,0.8439264104512174,,0.3082357690128219,0.0,0.0
32718,0,,,,,,
32722,0,,,,,,
32802L,82,0.4544765986312498,0.5261753220889703,0.5561898653465724,0.5787440686423335,0.766910939854856,0.073170731707317
32803,0,,,,,,
32804L,0,,,,,,
32805L,5,0.4921792651195432,0.5779828347865085,0.3297017134443207,0.3717312873802589,0.5788588480052101,0.0
32806,2,0.7698033511357197,0.2432795658240841,,0.2661243263205204,0.0,1.0
32816,0,,,,,,
32817L,3,0.459472501890233,1.0,-0.0,0.2306620587901616,0.4457489352921042,0.0
32820,1,,,-0.0,0.4327698095618441,0.1869364604899779,0.0
32824,0,,,,,,
32825,5,0.5293009192220256,0.6111297768818211,0.1648508567221603,0.2244370079698245,0.3545032171280806,0.0
33501L,10,0.1348494949511413,0.0985769083314024,0.2063321405423268,0.3701783612503159,0.46722451822812,0.0
33503L,0,,,,,,
33504,3,0.065121191304806,0.0948459421972699,0.1513818549682734,0.6728997315382712,0.4354182386948939,0.0
33505,14,0.7975063890172139,0.6029524795070881,0.5103445000233029,0.4891934914942689,0.5694083629693025,0.2857142857142857
33506L,0,,,,,,
33601L,1,,,,0.4403983864292064,0.3083129883573394,0.0
33603L,2,0.459152484554222,0.4979632869514159,-0.0,0.5223392092273652,0.5276202957526174,0.0
35001,3,0.6551901570031987,0.4286760721971836,-0.0,0.2831882272505195,0.2173654660547095,0.0
35002,0,,,,,,
35003L,6,0.4551065982239519,0.7355332149262043,-0.0,0.4168689101702692,0.7049385813250844,0.0
35004L,12,0.5907684212019003,0.6515424452302839,0.4859313285167251,0.3521976010440329,0.5451617502526526,0.3333333333333333
35007L,3,,,0.1648508567221603,0.3984511209013978,0.4444644333572152,0.0
35008L,5,0.9912940288682812,0.7594710048512268,0.1648508567221603,0.1793210041983523,0.4448898440044747,0.0
35009L,6,0.4380587096763285,0.895162689848545,0.1648508567221603,0.3196482421708926,0.3748737400243637,0.3333333333333333
35018L,16,0.5677658326520763,0.6509626997363589,0.4362677932322495,0.2819789172102448,0.3358364465547294,0.5
35038L,11,0.6219818249229228,0.3265188135834349,0.4156946192466096,0.2007069452077351,0.1233860139076701,0.3636363636363636
35041,0,,,,,,
35043L,7,0.3067395550450691,0.9006804430144111,0.1337398938570355,0.4947630393700096,0.798597150971203,0.0
35045,5,0.3975339654260653,0.5382285532358333,0.1648508567221603,0.0403205268498185,0.1867393648681029,0.0
35046,0,,,,,,
35050,2,0.7200553931331858,0.6925823236160342,-0.0,0.2609507270673151,0.4612579557597718,0.0
35051L,1,,,-0.0,0.6704468655821965,0.6501975986673308,0.0
35053,84,0.4289247755478725,0.382484595694362,0.5935757307969902,0.455527471356748,0.549085969345699,0.1428571428571428
35055,1,0.2118037149450938,0.6023579641565981,-0.0,1.0,0.9384815046989012,0.0
35101L,6,0.4517014131312702,0.5262447069015677,-0.0,0.4182504308915022,0.1882053373304577,0.0
35103,0,,,,,,
35104,29,0.4061160456525493,0.5796475315458407,0.5478375481232969,0.3259396865993207,0.2560930340687891,0.2068965517241379
35105,0,,,,,,
35106,0,,,,,,
35107L,0,,,,,,
35118,1,0.7175890520158618,0.8864919348736127,-0.0,0.8512517405714461,0.0,0.0
35119L,0,,,,,,
41101L,2,0.1447168349421956,0.3387094383349371,,0.5662070318544191,0.5122576894951344,0.0
42101L,16,0.3497241523015919,0.5378708308487683,0.453339855985941,0.3370769980834285,0.616818839910681,0.0
42203,19,0.4558291378220376,0.4193572001837209,0.4432381046705258,0.4094260083457632,0.3994739648463921,0.2105263157894736
42204,14,0.4653619017813661,0.7374423592559183,0.3711829972644872,0.3923322919195702,0.4946658916439342,0.2857142857142857
42205L,6,0.7026176012609209,0.8837893618944129,0.1513818549682734,0.5095158444803649,0.632578206387638,0.0
42209,9,0.5330995502057687,0.721550527736831,0.2472762850832405,0.1978558597172669,0.1698766316650136,0.0
42210L,10,0.7865420640604488,0.608542698474382,0.3827718356894354,0.1899875810635641,0.0971155649244755,0.4
42224,0,,,,,,
42225,19,0.3584193731616358,0.6444526783541102,0.4482780322360822,0.2949564254835886,0.4571062574244938,0.631578947368421
42226,6,0.5205435464877173,0.8167317698480204,0.2612824261163803,0.1831327696696105,0.2132285760701529,0.0
42303,25,0.5894825188417794,0.7110366577338048,0.4690585395774101,0.2807426349437627,0.499519870920377,0.16
42304L,18,0.2956297179184606,0.5101367820428765,0.3882878190964723,0.5782865953739328,0.6616437984026743,0.0
42309L,22,0.5095070354096991,0.3692194666547902,0.4157629618834991,0.3997359602937607,0.5266823481100715,0.1818181818181818
42317L,13,0.6974089485756564,0.6862763199979016,0.4487121783782995,0.3058003282933917,0.3192251340772378,0.0
42328,11,,,-0.0,0.135418781239006,0.3383091120168593,0.1818181818181818
42334L,15,0.3611542646236081,0.6465134638502319,0.4121271418054009,0.2479165476168988,0.472240177921113,0.1333333333333333
42336L,16,0.5882217181680217,0.3136846630378945,0.453339855985941,0.3971663827475875,0.4115868894107858,0.75
42338,7,0.6246874564393551,0.9623485442507592,0.160062037330743,0.5353255862920256,0.6852451556786632,0.0
42340L,1,,,-0.0,0.1875655531109056,0.912777710542344,0.0
42341L,4,0.770218260251999,0.8155493941696206,0.1648508567221603,0.3934836815625782,0.5380567852779082,0.0
42343,1,0.3847812974639464,0.8581149185920158,-0.0,0.2094453175326817,0.4881609826213827,0.0
42344L,7,0.7171360518851329,0.8581149185920158,0.2612824261163803,0.2570598524886419,0.2928268237497579,0.0
42346L,35,0.4304964429210861,0.5618865535060781,0.5230405676380158,0.3350097129399156,0.3189903856681791,0.4
42349L,0,,,,,,
42354,2,0.2554081133887352,0.0253632382607666,-0.0,0.9238991347790628,0.9241442671807452,0.0
42358,0,,,,,,
42360L,1,,,,0.2823778656052682,0.401833945374642,1.0
42362,58,0.510974990668199,0.4726226114119499,0.5331196089802147,0.4503973488298071,0.5312964952755512,0.0689655172413793
42363L,15,0.5046879073867225,0.3906360327242717,0.3709144276248608,0.4345449876410398,0.9022817077099632,0.5333333333333333
42365,7,1.0,0.2281451571405659,0.1648508567221603,0.3959970605490441,0.4129717436891902,0.5714285714285714
42367L,0,,,,,,
42404L,13,0.5173384122724142,0.1688731639777375,0.4487121783782995,0.3780095597676245,0.5711682513734438,0.0
42405L,31,0.5112492393770085,0.5925921281504216,0.5431281147979586,0.4154879989356633,0.4935701222556778,0.0
42411,13,0.2817574230312625,0.0,0.3037164366253038,0.3384381990513043,0.3207905116249837,0.0
42412,13,0.5710860589047445,0.5468905692922261,0.4156946192466096,0.3044540918326084,0.4504665091434359,0.1538461538461538
42413,21,0.5357768904425043,0.6169102801984426,0.5478375481232969,0.4345890932184038,0.5185123128916841,0.2857142857142857
42415L,33,0.6188530211071682,0.6799721389241673,0.4086466877271815,0.5888365650600043,0.7424732881882888,0.5454545454545454
42418,30,0.5581930035325497,0.6769974861026493,0.5289561146925208,0.3669896846577372,0.4695592845143712,0.2666666666666666
42419L,37,0.4859157591524931,0.5585817423014809,0.4836649257751461,0.3986777982886773,0.4824281035325429,0.0
42421,23,0.2455098911043582,0.457316380382424,0.5070982431045639,0.5687599049796299,0.7486729981697526,0.0
42422,43,0.5965949029528868,0.6366508132639013,0.5368972398733798,0.3656525856505717,0.3979634346704006,0.0930232558139534
42423,2,0.9631550952924738,0.0540994572801052,-0.0,0.1678129880079131,0.4157100223304614,0.0
42424L,4,0.0,1.0,-0.0,0.2254904781086507,0.517024392432539,0.0
42426L,25,0.5348400306014487,0.6143831727783402,0.4486618478533876,0.5542707168644467,0.6006358255049821,0.24
42430L,1,,,,0.3297840218524498,0.3482304700110663,1.0
42431,143,0.3490097732607488,0.4186073815361094,0.5328185647808271,0.5323267593249553,0.6670418701894145,0.1538461538461538
42502,0,,,,,,
42504L,92,0.5430741457508468,0.6039885533154461,0.5749823715648601,0.4697436100624741,0.6859548069893666,0.0
42505L,0,,,,,,
42506L,3,0.5879544602028268,0.6937327431950179,0.2612824261163803,0.8734209558489212,0.8868525160974579,0.0
42507L,5,0.3095650063449147,1.0,0.2612824261163803,0.640407217072077,0.4111188947868867,0.0
42510L,0,,,,,,
42511,0,,,,,,
42512L,0,,,,,,
42513,11,0.2868640585861484,0.5142370758341195,-0.0,0.3889468628523418,0.4092542201576734,0.3636363636363636
42514,1,0.976021038544261,0.3142221065280763,,0.0,0.3140154857364433,0.0
42516L,0,,,,,,
42520L,0,,,,,,
42523,0,,,,,,
42527L,18,0.4523202884879413,0.6016089478897385,0.4487121783782995,0.2777874998066062,0.3290530450207456,0.5555555555555556
42529L,1,,,,0.1961848542467569,0.1756003220800145,1.0
42539,0,,,,,,
42540,5,1.0,0.9054099457280104,0.3297017134443207,0.0,0.0,0.0
42547,0,,,,,,
42601L,22,0.4505802746421932,0.6008450505460738,0.513269550124155,0.7170752887460438,0.7327303082129083,0.2727272727272727
42606,0,,,,,,
42609,0,,,,,,
42610L,1,0.5856112332228559,1.0,-0.0,0.9686384131835146,0.740073504203771,0.0
42612,0,,,,,,
42614L,0,,,,,,
42617,2,,,-0.0,0.6336143868912039,0.8357939959244419,0.0
42621,1,0.4006317872619115,0.3851646472320684,-0.0,0.6966664484610718,0.7470592678349329,0.0
42623,0,,,,,,
42625L,0,,,,,,
42631,0,,,,,,
42708L,0,,,,,,
42715,2,0.5098611258772168,0.5719800044192476,-0.0,0.7286683159505879,0.4532112283975426,0.0
42718,0,,,,,,
43101L,2,0.9463076497679964,0.9054099457280104,-0.0,0.931269164742512,0.4484690942705655,1.0
44101,1,,,,0.8512517405714461,0.964100186954278,0.0
44102L,0,,,,,,
44104L,13,0.8058238897465777,0.5830840542685681,0.2985907505791958,0.4009420245360754,0.5771437164796208,0.1538461538461538
44114L,5,0.6722869093323136,0.7003631184029238,0.1513818549682734,0.7828936012963373,0.8535409674905042,0.0
44116L,0,,,,,,
44119L,1,,,,0.7248353239122957,1.0,0.0
44203L,1,,,,0.8591527666126431,0.7062205832548059,0.0
44204L,0,,,,,,
44206L,0,,,,,,
51002L,0,,,,,,
51004,18,0.4143101876903018,0.6801504879117155,0.4390856565370173,0.2593791930493692,0.3042645550828575,0.4444444444444444
51005,45,0.4862499385501858,0.6617301065130685,0.5549026102617995,0.3222091832842793,0.4473153963712927,0.0888888888888888
51006L,18,0.6508926218920689,0.6505732112775919,0.4121271418054009,0.2576111585664801,0.3693481899781678,0.2222222222222222
51008,19,0.4619853442877218,0.599684476736984,0.4390856565370173,0.3914143672218442,0.4540433925144402,0.4210526315789473
51009L,48,0.5860695337282139,0.6261724875261495,0.5291996290324694,0.4047715295907352,0.489070791915895,0.375
51010L,0,,,,,,
51013,0,,,,,,
51014,17,0.4895608187822671,0.5083774062383093,0.4303558951025969,0.3774423663312974,0.504282169507528,0.3529411764705882
51017L,5,0.4956341027203718,0.5871144131027659,-0.0,0.2295804210005643,0.0,0.8
51021,2,0.5100523827018667,0.7557054198335419,0.1648508567221603,0.7940121091894002,0.0914768496262158,0.0
51022,0,,,,,,
51023L,0,,,,,,
51025,3,0.8253143715545875,0.7256888426112305,0.2612824261163803,0.6062708585984335,0.2248573917933123,0.6666666666666666
51026,22,0.4201434836390716,0.4804537071972156,0.4422270504564398,0.4549438750019123,0.5185499915894151,0.0909090909090909
51027,0,,,,,,
51028,0,,,,,,
51029L,18,0.366534718427835,0.5609174019782188,0.4354707101939672,0.3497107516333419,0.1930750416879267,0.6666666666666666
51031L,1,,,-0.0,0.3534870999760403,0.0899888029859366,0.0
51033L,48,0.4823746140950289,0.541368023134387,0.6193110079854286,0.4436619354225697,0.5167978476843141,0.2083333333333333
51037,7,0.3696597096750402,0.5932627666304453,0.2612824261163803,0.2079066451649059,0.0,0.2857142857142857
51038L,1,,,-0.0,0.6718770953118408,1.0,0.0
51101,0,,,,,,
51102,1,0.124094831311286,0.3378696200960737,-0.0,0.3771901780996314,0.6605260617725753,0.0
51103L,0,,,,,,
51105L,0,,,,,,
51108L,0,,,,,,
51111L,0,,,,,,
51201L,0,,,,,,
51203L,1,,,-0.0,0.0927532406165425,0.0,0.0
51205,0,,,,,,
51207,12,0.7171663430143885,0.6459421507019225,0.3297017134443207,0.4124586046063092,0.8419287424801559,0.1666666666666666
51212,0,,,,,,
51213L,0,,,,,,
51217L,0,,,,,,
51301L,19,0.0448764701566641,0.6062747815589056,0.1102134212354276,0.4686084212952578,0.5224019451738849,0.1052631578947368
51402L,2,,,-0.0,0.3997081023170425,0.5651629744744741,0.0
51403L,2,0.3541929326321083,0.6027217720576442,-0.0,0.4087942822644191,0.3307971208806631,0.0
51414,0,,,,,,
51501,6,0.0079562376706348,0.5034022150720553,-0.0,0.2164154800995607,0.4715883567606106,0.0
51502,6,0.536777233289259,0.6021128590098616,0.2612824261163803,0.4005138735413913,0.4352401054902264,0.0
51503L,0,,,,,,
51519,8,0.4607879914474299,0.709074948463458,0.2472762850832405,0.3705687483384318,0.5500897945198485,0.0
51601L,0,,,,,,
51603,0,,,,,,
51701L,1,0.2974322074630323,0.451377685222461,,0.4434568481225729,0.4146369717483719,0.0
51710L,7,0.5386960002599174,0.7507273863891102,0.2260023800196072,0.67089323684412,0.851882185892106,0.0
51711L,3,0.6834817868471043,0.9148689511552096,-0.0,0.3483847019926003,0.3816744550731545,0.6666666666666666
51717,0,,,,,,
51848L,0,,,,,,
51901L,0,,,,,,
51902L,1,0.4639989841968246,0.0,-0.0,1.0,0.3767429569065853,0.0
51904,0,,,,,,
51905,1,0.5404115916140892,0.2754401842765606,-0.0,0.9621642570742855,0.7389688954333035,0.0
51910,0,,,,,,
51911L,14,0.2370518733628297,0.5743447557760474,0.3553589461922984,0.4282270439324104,0.4542810809918996,0.1428571428571428
52101L,2,0.6527947745500803,0.6107719894424943,-0.0,1.0,0.8409390140162694,0.0
52106L,6,0.6323985825888836,0.7766932836402445,0.2472762850832405,0.7016931388292857,0.8267978743015291,0.0
52108,3,0.0,0.3142221065280763,,0.2929125669935309,0.2800720489560635,0.0
52109,3,0.6049189930901147,0.8354133055667383,0.2612824261163803,0.6890479484940575,0.5923751400850603,0.0
52110L,8,0.6413637578052669,0.8878932690109754,0.3168314930005712,0.7757979796335703,0.5016654493583428,0.0
52113,1,0.2531130493374794,0.0,,0.2823778656052685,1.0,0.0
52201L,0,,,,,,
52202,1,0.3620835847558709,0.2905745929600789,-0.0,0.3599515758279289,0.0,0.0
52204L,0,,,,,,
52205,3,0.6417972644099731,0.5979922693440447,0.1648508567221603,1.0,0.8552142789375081,0.0
52206,1,0.5472234032678744,0.6642053073344374,,1.0,1.0,0.0
52207L,1,0.0,0.2748095839147474,,1.0,1.0,0.0
52208,0,,,,,,
52209,1,,,-0.0,0.3203027906030136,0.2974446992348123,0.0
52210L,2,0.0,0.3875293985888681,0.1648508567221603,0.6853301937063112,0.7518247220171385,0.0
52211,1,0.5591341541333728,0.1959845386880895,-0.0,0.7564394280770832,1.0,0.0
52212L,0,,,,,,
52215,0,,,,,,
52302,0,,,,,,
52303,0,,,,,,
52309,0,,,,,,
52310L,0,,,,,,
52313,0,,,,,,
52314L,0,,,,,,
52315,1,,,,0.4720024905939939,0.4907929044886616,1.0
52322,0,,,,,,
52401L,18,0.528869334667024,0.5461550465326128,0.4204258509021245,0.3605164180928535,0.6026109288006831,0.3333333333333333
52402,12,0.314541567757551,0.2597618827809783,0.3988371864779316,0.6623016598316568,0.6152369511765063,0.0
52403L,18,0.4046067666860307,0.563048172861399,0.4261332828385407,0.6883797083100242,0.6719093267629871,0.0
52404,15,0.5099430754883685,0.5678539210173833,0.2612824261163803,0.4150083229273774,0.5265741075234421,0.0
52405,27,0.5434968234616845,0.636507667133247,0.474764689127457,0.632098947004093,0.6917625410859738,0.1481481481481481
52406,32,0.6221310352463708,0.4905413866086889,0.4023026930694972,0.3123819119613012,0.411422114335749,0.0625
52408,6,0.9992600355700848,0.953020273044912,0.1513818549682734,0.3657242716628788,0.3884404983565155,0.0
52409,21,0.3326271046448255,0.6350864082742367,0.4539060174914769,0.5508041805286422,0.7434474158106967,0.2857142857142857
52410,29,0.6494778131945554,0.6877608583496704,0.4392447416354897,0.2281382419707037,0.3288545171923105,0.2068965517241379
52411L,65,0.3158083467743621,0.473221343003412,0.5519340752472334,0.3615101817707786,0.5357602005046076,0.0307692307692307
52412,22,0.578827480859833,0.535891842408956,0.2141074586800439,0.3617587856757823,0.385121526793348,0.0909090909090909
52413,14,0.381128118291526,0.4049712313235668,0.3141462320117583,0.4523204286649654,0.6056496022863932,0.0
52415,18,0.4150479962645444,0.5618320209790877,0.2338072833293536,0.6020595409621524,0.7759828162358966,0.0
52417,24,0.4355679557983408,0.5659291573043923,0.4701904162486016,0.5801399131918756,0.7565391966454278,0.0833333333333333
52418,18,0.5180811984236214,0.694828837404994,0.4362677932322495,0.3634666752002587,0.5244000170996963,0.0
52419L,92,0.4569614192661965,0.5061401110835291,0.5897264781290149,0.5117933395248693,0.7056818282358993,0.0217391304347826
52423L,30,0.4141585825256755,0.4763817989901004,0.4472848328348357,0.5948700492688231,0.7582540540006673,0.0666666666666666
52425,36,0.3189945912434964,0.5055493611257336,0.4883364052315999,0.5445806485397299,0.7083639999328599,0.0
52426,33,0.5033305188273739,0.5457866760242269,0.4539759463754673,0.6143763337684213,0.6833758472959778,0.0
52427,0,,,,,,
52428,40,0.3918832970197154,0.6074282040262993,0.4853027682887862,0.5690786219019955,0.7149700640498138,0.3
52429,41,0.2665692856070882,0.2120474919410668,0.5169005698956765,0.5504700712172285,0.6952171237559688,0.2926829268292683
52430,1,0.7801794483736971,1.0,-0.0,0.2743087326270245,0.1852846406464614,0.0
52431L,0,,,,,,
52438,0,,,,,,
52439,57,0.4126240988677279,0.6341654900377418,0.5315389569779897,0.4742208389794926,0.6643838318998778,0.0701754385964912
52440,0,,,,,,
52501L,1,0.6729645165386845,0.7225716703681764,,1.0,0.8696370781960803,0.0
52601L,6,0.6162011105003354,0.7804515056108033,0.1648508567221603,0.4632154634431953,0.5348955561438374,0.3333333333333333
52605,2,,,-0.0,0.9635294790516128,0.9400896716738408,0.0
52606L,12,0.4204918823092704,0.6327840134440869,0.3490704463290228,0.946282350253902,0.8994533694252438,0.0
52701L,0,,,,,,
52702,1,0.7546679569270643,0.8770329294464136,,0.4720024905939944,0.8367444121542928,0.0
52704,62,0.5561900794666652,0.6314961529507946,0.4966296868812536,0.3989879203343474,0.5767373113196956,0.064516129032258
52705L,30,0.5229324772304205,0.4944188937328136,0.453787472051985,0.4335938380992641,0.592461692985291,0.0
52707L,5,0.4672066793750056,0.0,0.3827718356894354,0.6552818712529449,0.7603540325434109,0.0
52710,1,0.5692553657555592,0.1881020341654237,-0.0,0.7260279316166266,0.7578419326949948,0.0
52711,30,0.4921072019986245,0.4149211018051318,0.4355499237855942,0.4870485227505864,0.5589167095835997,0.0
52712L,10,0.23772777384754,0.5263403032330127,0.4156946192466096,0.3395539840637755,0.4046857062963767,0.6
52713,43,0.4298240384383625,0.5320851545775058,0.5546794768560909,0.5119803383465447,0.6262142497881776,0.0
52714,72,0.4299526894074684,0.6464996788985897,0.4879955006635793,0.5931079167923334,0.746735811809216,0.0555555555555555
52716L,0,,,,,,
52719L,2,0.2954731440311522,0.5940510170827119,-0.0,0.9918900041047504,0.6586364106802838,0.0
52722,1,0.479373029097285,0.8344674050240184,-0.0,0.3961526405985039,0.4178009380361329,0.0
52723,2,0.4464465581458164,0.7600399675836899,-0.0,0.8101664051572222,1.0,0.0
52801L,0,,,,,,
52901,0,,,,,,
52902L,0,,,,,,
52903L,1,0.6128461728358372,0.7291346231597102,-0.0,1.0,1.0,0.0
52904,0,,,,,,
52907,0,,,,,,
52908,0,,,,,,
53101L,0,,,,,,
53102L,2,0.2612885287963125,0.4797547015040578,0.1648508567221603,0.0,0.0459981089185641,0.0
53103L,3,0.3194589813104708,0.260621075773949,0.1513818549682734,0.205825702183894,0.1072932356291737,0.0
53104L,1,0.0491431863228271,0.3047631011008773,-0.0,0.8546994610257865,0.6873735414119495,0.0
53108,0,,,,,,
53109,0,,,,,,
53111L,0,,,,,,
53114,0,,,,,,
53119L,1,0.6067633986400904,0.6986631128192335,-0.0,0.7938653409038057,0.5548863848543385,0.0
53124L,1,0.8821284810608019,0.46083669064966,,0.4720024905939939,0.6770744855393859,0.0
53201L,0,,,,,,
53203,0,,,,,,
53204,0,,,,,,
53206L,0,,,,,,
53207L,1,,,,0.0,0.0,0.0
53214L,4,0.2978335183453554,0.3693996381867369,0.3297017134443207,0.6602867168851213,0.6607168240779334,0.0
53216L,0,,,,,,
53301L,0,,,,,,
53303,1,,,-0.0,0.5604939822553999,0.7302977944110217,0.0
53304,0,,,,,,
53305L,1,1.0,0.8108198914560211,-0.0,0.2094453175326817,0.5381674980996779,0.0
53306L,2,0.6434878906128252,0.9527049728640052,,0.5112837050822122,0.5939023734814173,0.0
54101L,1,0.7710747801559173,0.6930122784081796,-0.0,0.8825300292293806,0.8544593868302717,0.0
54102L,3,0.9668170386510008,0.9886491934873612,-0.0,0.7056640655300516,0.5722090407430739,0.0
54104L,4,0.9934866899727044,0.3851646472320684,-0.0,0.288539069750525,0.5583847787261299,0.5
54107,0,,,,,,
54201L,1,,,-0.0,1.0,1.0,0.0
54205L,1,0.9359807283463124,0.8581149185920158,-0.0,1.0,1.0,0.0
54206L,3,0.5913321977049366,0.4149605143277451,0.1648508567221603,0.6105743319319096,0.6144932322507597,0.0
54208L,1,0.5148778773559398,0.6959605398400339,-0.0,0.9533573078730676,1.0,0.0
54209,0,,,,,,
54211L,3,0.5175166858911355,0.7380328446937252,0.1648508567221603,0.6053166284002216,0.5883387988095218,0.0
54301L,2,0.4832923490908351,0.6795066396431415,-0.0,0.6834480634334698,0.7188857245940313,0.0
54312L,0,,,,,,
54401L,1,0.4773212434238914,0.654316347115093,-0.0,1.0,1.0,0.0
54402,0,,,,,,
54501L,1,0.7745548705228787,0.9257993574266392,,0.5709370775446339,0.5026937685841826,0.0
54701L,1,,,,0.2823778656052685,0.3596354647692739,0.0
54703,0,,,,,,
54704,0,,,,,,
54705L,0,,,,,,
54709L,1,0.0069345738682318,0.5639398498061285,-0.0,0.987380148605681,0.9251264837027646,0.0
54712L,0,,,,,,
54801L,0,,,,,,
61001L,6,0.8997064702574629,0.6287340369824413,-0.0,0.8451582506754304,0.6885018505890755,0.0
62114L,0,,,,,,
62122,0,,,,,,
62301L,0,,,,,,
62303,1,,,,0.45805950346247,0.4317552845638219,0.0
62401L,9,0.6400161529079198,0.5003925315270374,0.2472762850832405,0.3282615038487703,0.3376891659566275,0.2222222222222222
62403L,11,0.5374503165295954,0.7027169722880331,0.1513818549682734,0.3469281710536631,0.4457777876837758,0.0
62408L,57,0.4681616744510611,0.5704219301486635,0.4967036454333983,0.3987795666176117,0.5395662179126003,0.0350877192982456
62412L,42,0.3104486719173576,0.3229212432893383,0.487515333686791,0.4706730808123281,0.5063642297826252,0.0476190476190476
62419L,13,0.2959146038351181,0.3082314030908503,0.2260023800196072,0.2633421677574353,0.3114308603840965,0.0
62421,31,0.5545995101837795,0.6357745467038224,0.4164595017260174,0.4731091377645259,0.6392021036200454,0.3225806451612903
62422L,6,0.4568861421926478,0.8219342228329798,0.1648508567221603,0.3442377428047796,0.4651796221367448,0.0
62424L,3,0.5359762185587825,0.34102262190514,-0.0,0.3922021275779055,0.3960839271840456,0.0
62428,6,0.7282047085359138,0.5885332639168458,0.3168314930005712,0.2647524998210599,0.2046201407159432,0.3333333333333333
62434L,0,,,,,,
62435L,1,,,-0.0,0.0198206925439555,0.0,0.0
62438L,0,,,,,,
62439,0,,,,,,
62441L,0,,,,,,
62501L,4,0.391806847624821,0.9542388656359836,0.2612824261163803,0.6801729785266932,0.8737199235692547,0.0
62511,18,0.6579536001492403,0.4497737669108925,0.4362677932322495,0.3562225154976043,0.6100108117755061,0.5555555555555556
62513L,27,0.426449633765442,0.4834642766759419,0.4442116827252666,0.465874808642485,0.5642470265371127,0.1481481481481481
62515L,11,0.450779706564742,0.6547463019072384,0.3168314930005712,0.2875480781437418,0.5263966484785392,0.0
62521L,0,,,,,,
62525,4,0.5031845779956385,0.525329909471471,-0.0,0.1100602500401164,0.0,0.0
62526L,5,0.2320676442367328,0.5209689394368533,0.2508911503117071,0.8597147164941499,0.7258519286772136,0.0
62527,4,,,0.1648508567221603,0.0,0.0,0.5
62528,8,0.3162253908352603,0.5077533575685669,0.3827718356894354,0.4266085335251146,0.4946560208173963,0.5
62529L,42,0.5990204144274295,0.6203837510438404,0.5598289805365055,0.4657921305896325,0.6250162526369158,0.238095238095238
62536L,30,0.6461545294435583,0.76795844284149,0.4114022800150559,0.3328036691001272,0.4314779552273105,0.1333333333333333
62539L,34,0.5581944116902953,0.4564613797692376,0.5238245156525192,0.4172596973509072,0.5473155915793974,0.0588235294117647
62542,0,,,,,,
62544L,8,0.4860233037819194,0.400744185582749,0.3168314930005712,0.3369404163200555,0.4195327197138025,0.75
62548L,1,0.8905853164078408,0.6594758046208379,,0.8512517405714458,0.2360813548886912,0.0
62601L,0,,,,,,
62603,2,,,,0.0,0.0,0.0
62604L,4,0.4117232841482398,0.3946236526592673,0.1648508567221603,0.2460059008983793,0.1764673161956461,0.0
62607,18,0.463786204441145,0.5202351763430383,0.5103445000233029,0.3180161882469829,0.3356924907731555,0.1111111111111111
62608,0,,,,,,
62701L,3,,,-0.0,0.1098428673130575,0.0679632840084453,0.6666666666666666
62702,1,0.1052809166764944,0.9842349909546684,-0.0,0.8054802793672711,0.579017748997555,0.0
62704,0,,,,,,
62705,3,0.7225029932973697,0.6941588245205674,,0.320464862932064,0.3378583244622884,0.0
62801,0,,,,,,
62802L,0,,,,,,
62806,3,0.331776665383527,0.4312772986896632,-0.0,0.5173364363483196,0.5137115130027742,1.0
62810,17,0.4582114463460742,0.7866468775865126,0.3988371864779316,0.2615380773052957,0.157086940531308,0.3529411764705882
62811,5,0.6672850481202663,0.5635344638592485,0.3297017134443207,0.1710636958648628,0.3474211404140941,1.0
62812,0,,,,,,
62813,21,0.5476423028081019,0.6517007100499095,0.5040275505839046,0.3602884505830762,0.4178574719814654,0.1904761904761904
62814,13,1.0,1.0,0.3553589461922984,0.3970989955980742,0.0933966621953873,0.1538461538461538
62815,2,,,-0.0,0.2613084628287435,0.6846778153781914,1.0
62816,0,,,,,,
62817L,0,,,,,,
62822,0,,,,,,
62823,0,,,,,,
63101L,0,,,,,,
63103,0,,,,,,
63104,2,,,-0.0,0.5308859267747039,0.9397895402328356,0.0
63106L,0,,,,,,
63108,0,,,,,,
63109L,1,,,0.1648508567221603,0.9523848738987668,0.8215377524766828,0.0
63401L,8,0.4218736087651508,0.6269604734648415,0.3168314930005712,0.1204820796277907,0.2212820164524455,0.25
63402L,1,0.4905321098951038,0.7540658588928274,-0.0,0.8954974864021487,0.936956299429744,0.0
63403L,0,,,,,,
63407,0,,,,,,
63414L,2,0.0,0.3851646472320684,,0.0,0.0,0.0
63421,0,,,,,,
63422L,0,,,,,,
63428L,0,,,,,,
63430L,0,,,,,,
63434L,0,,,,,,
63435,0,,,,,,
64101L,0,,,,,,
64105L,0,,,,,,
64106L,2,,,-0.0,0.8512517405714461,0.0,0.0
64201L,1,0.5802393579135922,0.9527049728640052,-0.0,0.7873781826805066,0.4773579298021989,0.0
64202L,1,,,,0.0927532406165425,0.0,0.0
65101L,1,,,-0.0,0.5352106989235694,0.8291410823154879,0.0
65201L,3,0.0205182682426135,0.8108198914560211,-0.0,0.7090332718299015,0.7474052865483334,0.0
65212L,3,0.0357193399509587,0.8145160574422795,0.1648508567221603,0.6589181923685957,0.5783720277836585,0.0
65238,0,,,,,,
71101L,11,0.6184775344227387,0.666152453664398,0.3393972336525825,0.7355266333358208,0.7464903796820741,0.1818181818181818
72001L,0,,,,,,
72203L,5,0.8513960619193216,0.4348244257248629,0.1513818549682734,0.3109620220387541,0.5616863890403802,0.8
72206L,11,0.346118494873325,0.5265767783686928,0.3168314930005712,0.1933145715540291,0.2642850662995338,0.5454545454545454
72210L,0,,,,,,
72213,0,,,,,,
72214L,0,,,,,,
72215,0,,,,,,
72225,0,,,,,,
72231L,57,0.4338345648078667,0.5153244359057227,0.5533177222450504,0.4438071439038508,0.5937541580641734,0.3157894736842105
72234,1,,,-0.0,0.8013505234691498,0.7701552497765473,0.0
72301L,6,0.4176714848532677,0.5488224843756322,0.2612824261163803,0.4645915113647013,0.5577976668357788,0.0
72303L,4,0.3080562702932743,0.3979137415035105,0.2472762850832405,0.8769184787874674,0.9902065646599404,0.0
72306L,5,0.247129280432759,1.0,0.1648508567221603,0.2676587513578916,0.364154394860183,0.0
72308L,5,0.4182021505821466,0.2565221734221627,0.1648508567221603,0.3002365797676228,0.4675385033849894,0.4
72310L,3,0.5064114484422705,0.8732493272755342,0.1648508567221603,0.0901195652694769,0.0,0.0
72313L,16,0.5495608781263521,0.7210254867887304,0.4990314226178029,0.4857634462155016,0.709008552866049,0.125
72315L,6,0.0,0.4455065784055789,0.2612824261163803,0.3802985802314147,0.5302152822112465,0.0
72317L,81,0.5292553539944144,0.5524102726167557,0.5232214425358067,0.3343434756392711,0.4437523105177837,0.0987654320987654
72319L,13,0.5213019233616887,0.5772725431701804,0.4156946192466096,0.4293423390523103,0.523515874724716,0.1538461538461538
72325L,25,0.3328648117807707,0.5708007158836113,0.4676145666587072,0.5400894133950324,0.6254184764386157,0.16
72328L,2,0.3419513779658609,0.2621975766784822,0.1648508567221603,0.5611588095643609,0.423786322255393,0.0
72330L,5,0.4734172155603179,0.5964662164684567,0.2260023800196072,0.5385283485147337,0.7834052059787204,0.0
72336L,10,0.514042616696667,0.3810263323576689,0.2472762850832405,0.3269419355398396,0.3121646751835762,0.2
72340,0,,,,,,
72341L,0,,,,,,
72342,25,0.5536558182717015,0.6569796781886603,0.4447421952397672,0.3393433550749836,0.4119553747137749,0.32
72350,0,,,,,,
72351,0,,,,,,
72353L,6,0.4156720757195201,0.5284010151296525,0.3711829972644872,0.5384562382401558,0.5926378436510401,0.3333333333333333
72355,2,,,-0.0,0.3771901780996315,0.7482199290310624,0.0
72356,0,,,,,,
72358L,1,0.8271824775181279,0.6689348100480368,,0.3613881260172378,0.103023082709602,0.0
72403L,0,,,,,,
72406,0,,,,,,
72408,0,,,,,,
72416L,0,,,,,,
72420L,0,,,,,,
72424L,1,,,,,,0.0
72503L,0,,,,,,
72508L,1,,,-0.0,0.6533825666701667,0.9593894282498008,0.0
72518,0,,,,,,
72601,26,0.5911555641759697,0.4832010058069907,0.5428159874597069,0.3160262932573297,0.2928387921798415,0.1538461538461538
72602L,30,0.253130954270818,0.4736491286699699,0.4592010675478823,0.6062494538273516,0.6755624106511195,0.1333333333333333
72604,21,0.2800194778210474,0.4549541558876355,0.3939767485159472,0.6507122197137057,0.6439419223051139,0.0952380952380952
72605,11,0.3327574215485676,0.6096857476726605,0.3027637099365468,0.6979775642492121,0.7051006498165431,0.0
72606L,12,0.4158759864110219,0.2243615549696863,0.3078810469699461,0.6802316167730645,0.8096213795690388,0.0
72611,21,0.5672310547748391,0.5220916625982867,0.4387054282775823,0.375104130120106,0.4450038557975253,0.0952380952380952
72614,39,0.5360923907866106,0.603221871910428,0.4722575166320792,0.4943875551075461,0.5773725476570176,0.358974358974359
72615,3,0.1077136811497023,0.5638278352681749,0.1513818549682734,0.6502725468407577,0.9751007905459704,0.0
72616L,24,0.3408416767165335,0.3186602862608381,0.4261332828385407,0.3122427315755003,0.4186309786902157,0.0833333333333333
72618,0,,,,,,
72620,0,,,,,,
72621,5,0.6323797433536125,0.5380852349717847,-0.0,0.2637480778870776,0.3631195993235548,0.0
72622,12,0.705222868830841,0.6957983854612818,0.3622036627618959,0.3794102296263797,0.531315516926801,0.0
72623,20,0.5193372402350392,0.4654696728997166,0.3955427286038026,0.3973876278051743,0.5351507691629079,0.1
72624L,1,0.0445084479624188,0.4892137069312569,,0.6345378834414738,0.4142165111121245,0.0
72625L,0,,,,,,
72627L,0,,,,,,
72628,13,0.7185508367576096,0.6162346369536428,0.453339855985941,0.1636118434596904,0.1841674158596988,0.3076923076923077
72631,8,0.3161764629224973,0.436508438117706,0.3168314930005712,0.5892984245748046,0.7202840617499001,0.0
72632L,26,0.4253259408890294,0.6070056852593839,0.5076130114214051,0.5306662745743213,0.6419600390788283,0.0769230769230769
72634,1,0.8986283819549072,0.8734858024112141,-0.0,0.9640015175917692,1.0,0.0
72635,0,,,,,,
72807,0,,,,,,
72808L,1,,,,0.2661903976184257,0.2593686988981479,0.0
72813,0,,,,,,
72814L,0,,,,,,
72820L,3,0.3623635481599635,0.0452316396921063,-0.0,0.5717723096240104,0.6875104284553928,0.0
72823L,5,0.2159777225800442,0.3891219862373251,0.2472762850832405,0.8811860099307511,0.8138969776396383,0.0
72828,0,,,,,,
72904L,0,,,,,,
72908,0,,,,,,
72917L,2,0.3697154204801643,0.4614634922141128,0.1648508567221603,1.0,0.9714399034178056,0.0
72919L,5,0.2724377798768213,0.4734486978859252,0.2472762850832405,0.909150959070968,1.0,0.0
72925L,0,,,,,,
72928L,0,,,,,,
72930L,0,,,,,,
72932L,52,0.5540193625338121,0.4837200607476253,0.5753794181518305,0.6003454005914196,0.6607326916322397,0.1538461538461538
73101L,1,,,,1.0,1.0,0.0
73201L,8,0.5456552919545888,0.3687932916849934,0.3508166814030639,0.4080041796602993,0.9889060505533794,0.0
74105L,1,0.3262839425738232,0.6543641198697758,-0.0,0.8259684572396155,1.0,0.0
74106L,2,0.5809769951579982,0.6452872964800395,-0.0,0.4861331717830577,0.4672701027998581,0.0
74108L,4,0.6485813708381191,0.7671629433304875,,0.3754667163607245,0.4854954514743157,0.0
74122,0,,,,,,
75107L,0,,,,,,
75302L,0,,,,,,
75303,0,,,,,,
75312,6,,,0.2472762850832405,0.3852203058735275,0.5926893268831382,0.0
75313,7,0.2429742780482332,0.5795042132817922,0.3297017134443207,0.3211025679328982,0.5198833996219265,0.5714285714285714
75314,10,0.4195162920070422,0.6872222205406215,0.3229672125673773,0.619814086987656,0.957180848590442,0.0
75315L,19,0.423924245159208,0.482329342034538,0.3878521576261759,0.5497556100261642,0.6647107475873762,0.1052631578947368
75322L,19,0.1945048522378749,0.4552616101781745,0.3703274505433854,0.3700396954738674,0.5101271371877981,0.3157894736842105
75323L,30,0.533876727724825,0.5004083096845473,0.4955516200020609,0.532505768692189,0.6957568340806765,0.1333333333333333
75326L,0,,,,,,
75327L,7,0.4478059305247471,0.2716565821056811,0.1648508567221603,0.5021596202478825,0.5393912968043321,0.0
75334L,0,,,,,,
75347L,4,0.7221205672644614,0.6452872964800395,,0.3717723316713822,0.6959198816398532,0.0
75401,2,0.9605030722002418,0.5554267449216495,,0.2482048716901879,0.5517708599077649,0.0
75402L,68,0.4823873579329033,0.6173172152854851,0.555226095459472,0.5432393953470602,0.5858946918651319,0.1764705882352941
75407,19,0.4934268772328845,0.5946955864398817,0.3685943744688496,0.3917170703471171,0.4404350922079086,0.1052631578947368
75409,10,0.6557777294140837,0.4869615627819237,0.2508911503117071,0.3147615325011814,0.4425969652043861,0.0
75410,14,0.6330984121837818,0.7490264228099112,0.2954920697803505,0.1846514264625882,0.3194133627533125,0.1428571428571428
75411,14,0.3278080115475588,0.4169978385736034,0.3249128940529034,0.3803915138257389,0.6540035978404876,0.1428571428571428
75413,15,0.3380704676164145,0.537309111449553,0.3393972336525825,0.3320132867594708,0.3268858789099845,0.4
75416,4,0.7173754371309828,0.7267398432142527,0.1648508567221603,0.5816763713301807,0.6073792129688478,0.0
75417,0,,,,,,
75430L,5,0.8596062057002306,0.7714210775462098,0.3827718356894354,0.4350328581534313,0.4948861186035551,0.0
75438,0,,,,,,
75440L,0,,,,,,
75442L,0,,,,,,
75446,0,,,,,,
75501L,4,0.5972992898061363,0.8281614014058858,-0.0,0.4280621625766486,0.5984359285448035,0.0
75504,7,0.8755812782618989,1.0,-0.0,0.2800456703489518,0.7311277775638799,0.0
75506,21,0.5952338649424361,0.6226314528358613,0.3663301850230432,0.2906235421824207,0.4414731991928963,0.3809523809523809
75507L,0,,,,,,
75509L,2,0.814109137429778,0.7864447620859314,0.1648508567221603,0.7169756644995865,0.5039793076776888,0.0
75511L,9,0.5364523327488099,0.6398246390205256,0.3711829972644872,0.4797081418776136,0.5671594978019496,0.6666666666666666
75513,28,0.0030636728002612,0.0,0.5372723482824283,0.5155256223808741,0.5864689322255954,0.0714285714285714
75514,7,0.6371777024433432,0.5158709040442719,0.2612824261163803,0.185604801853199,0.6010447847598971,0.0
75515L,4,0.542215878267057,0.4729982690560587,0.1513818549682734,0.6570325898077624,0.8042954070922301,0.0
75518L,2,0.1879298743809544,0.3449638741664729,-0.0,0.2175062833722834,0.2974817742951717,0.0
75523L,7,0.8197132189372525,0.8817624321600132,0.2612824261163803,0.2306806839306709,0.0,0.5714285714285714
75601,1,0.9944939317163772,0.5979922693440447,-0.0,0.8347626427463397,0.8532733900647386,0.0
75602L,0,,,,,,
75603,146,0.4466364388862021,0.5556471412345891,0.5850425853165636,0.524453352745351,0.6454295199857965,0.1232876712328767
75604,0,,,,,,
75610L,2,0.3308015223853898,0.8108198914560211,-0.0,0.6805895780815933,1.0,0.0
75612L,1,0.9583135665787929,0.7635248643200263,,0.3060809437288592,0.5734791164856669,0.0
75614L,0,,,,,,
75617L,43,0.3507851204865878,0.502439219941214,0.5010999518840067,0.3471469610811381,0.45041139051602,0.3255813953488372
75618L,18,0.2926197378931789,0.2274142339939187,0.4204258509021245,0.3673825758070054,0.4023133873314616,0.0
75620L,5,0.5279805550967727,0.8831418704514796,0.2612824261163803,0.4184565439861649,0.6562243865923209,0.4
75625,16,0.4371002829963198,0.4166946653227316,0.4156946192466096,0.3084247904259643,0.4025660381372824,0.25
75626,1,1.0,0.3851646472320684,-0.0,0.3771901780996314,0.35393296739017,0.0
75627,0,,,,,,
75706L,9,0.640619138096126,0.718164633748686,0.1893864099604874,0.7891020944338678,0.894662472898118,0.0
75708,12,0.4394089473098816,0.8100316410037545,0.3168314930005712,0.252594125603156,0.3828138065793537,0.1666666666666666
75710,1,0.7532311010447318,0.3851646472320684,,0.5984189072531447,0.6770744855393859,0.0
75711,22,0.4615354041025774,0.4561126873578206,0.5146525210671637,0.499091444519439,0.5078164033309205,0.0
75712,0,,,,,,
75713,0,,,,,,
75714L,18,0.5151011100705396,0.5793895586705535,0.3988371864779316,0.2084616475555215,0.21737129850119,0.1111111111111111
75716,10,0.6885247748279324,0.657548970181964,0.3685943744688496,0.4001200932159202,0.4002008952344417,0.4
75717L,0,,,,,,
75719,8,0.6215204294387161,0.52074372502192,0.2472762850832405,0.0964215741356698,0.0836007906038834,0.0
75720,29,0.4212745404171286,0.6020202291551269,0.54859390072101,0.4096172639214319,0.4445590225436616,0.2068965517241379
75721,6,0.6235651648133375,0.9340825559292072,0.2612824261163803,0.2161180668515764,0.194377176906423,0.0
75722,75,0.3977231579944608,0.5162370048305104,0.5541523570697654,0.4827825327368514,0.6424590774026504,0.16
75723,5,0.7000339022711067,0.7561816890541745,0.3297017134443207,0.6190851248086552,0.7497703511712926,0.0
75724,1,0.2414464546722164,0.6319213105503018,-0.0,0.8577346337334543,0.963807751191247,0.0
75725,6,0.8949176010247345,0.6216397829120421,0.1648508567221603,0.3304864465094756,0.4544009481688117,0.3333333333333333
75726,1,0.3422245534624925,0.7477598552746947,,0.2191696572756931,0.1752547161782505,0.0
75727,21,0.5166986922489312,0.5801906411069268,0.4948178971355536,0.4083529481751909,0.4998613188611111,0.6666666666666666
75728,4,0.8000858887387656,0.6977622551595003,0.2612824261163803,0.7453509333110472,0.578385070673503,0.0
75730L,0,,,,,,
75731,0,,,,,,
75732L,4,,,-0.0,0.3765129472961001,0.0,0.0
75733,5,,,0.2612824261163803,0.1698070564849773,0.2084921294735983,0.4
75736,7,0.2514284476958277,0.4324596743680632,-0.0,0.2050796110134059,0.1314337431280314,0.5714285714285714
75737,0,,,,,,
75738L,9,0.4107561959803891,0.5515318603339794,0.1190104649339787,0.3224097308806662,0.5024566605887029,0.0
75739,14,0.4848782219138347,0.515861657704656,0.4390856565370173,0.4350844673836557,0.5132085033118694,0.7142857142857143
75740,2,0.8606702547158602,0.8029373869333553,,0.7901045015761285,0.8583190551764501,0.0
75741,0,,,,,,
75802L,141,0.4246939852169563,0.5070888207880649,0.5836738829072108,0.6063193211173449,0.7653038319921065,0.1134751773049645
75804,33,0.3714100138325525,0.506005219573074,0.4836164780272213,0.4753070646315693,0.604757897365025,0.2424242424242424
75805,28,0.5155834546975429,0.4593989738687721,0.4638649416933549,0.4722004036048693,0.5353730579945817,0.0
75807,24,0.4914210503382626,0.3353318381521911,0.3393972336525825,0.3388462590108054,0.5205067359098344,0.3333333333333333
75810L,34,0.6499358791802085,0.6093809118783922,0.5161946002250072,0.3422844374279537,0.4518739582433151,0.2941176470588235
75815,0,,,,,,
75816L,32,0.4464498103916883,0.6299834727739444,0.4355841310805086,0.4044195544502227,0.6176445996899618,0.25
75820L,1,0.4295612646199399,0.6060144638202768,-0.0,0.5529219963732451,0.4994321635857098,0.0
75824,12,0.1172991886723416,0.0,0.4277725791315174,0.3905671457020592,0.4365179644785817,0.8333333333333334
75901L,0,,,,,,
75908L,17,0.5576213034718221,0.5336876271854554,0.3043871078545213,0.5425977639813997,0.6020573035472998,0.0
75909,1,0.6358841310795583,1.0,-0.0,0.2823778656052685,1.0,0.0
75910,0,,,,,,
75911L,3,0.5079992726913537,0.6821774176461154,-0.0,0.3203683913076291,0.221403864687042,0.0
75913,0,,,,,,
75914L,0,,,,,,
75916,7,0.4249170772187158,0.5868148779309046,0.2508911503117071,0.4267745790204165,0.7169807246173989,0.0
75917,12,0.5420877640702472,0.6152211720864428,0.3685943744688496,0.4324604719062454,0.5070569473369686,0.0
75918,0,,,,,,
75919L,58,0.5233886854639928,0.5238300287157944,0.6157237823087846,0.5716602160061819,0.6688614208231615,0.2068965517241379
75921,0,,,,,,
75923,1,,,-0.0,0.3672099346791723,0.5708079466607181,0.0
75927,1,0.2241536843210804,0.0540994572801052,,0.4289059849147379,0.2575089207980513,0.0
75929L,3,0.8475674378531779,0.9347328625523272,0.1648508567221603,0.4878045426763882,0.7939756818110143,0.0
75931,0,,,,,,
75932L,1,0.7998857779096462,0.7326254465911763,-0.0,0.8478040201171055,0.7807569476019932,0.0
75938,0,,,,,,
75939,8,0.4299188310379572,0.2650352783066417,0.3827718356894354,0.3141569210609684,0.2633646466322807,0.5
75940L,0,,,,,,
75943,11,0.4256197101843057,0.6010019528890626,0.2260023800196072,0.314075397899597,0.3689030173071644,0.3636363636363636
75944,1,0.6905989772089097,0.93874167913814,,0.6130054168676621,0.9320784709023876,0.0
75945,15,0.5171988514606759,0.6359913773533095,0.3078810469699462,0.3041260248850432,0.2992684426935112,0.2666666666666666
81101L,6,0.2073433997207761,0.7668812856006453,0.3297017134443207,0.5043160017345767,0.4462489902798855,0.3333333333333333
82001L,2,0.737160804729368,0.7020413290432332,0.1648508567221603,1.0,0.7074878048946065,0.0
82006L,0,,,,,,
82009,0,,,,,,
82010L,0,,,,,,
82101L,4,0.0,0.06957782979734,0.1648508567221603,0.6209889051756583,0.5718967506587416,0.0
82201L,0,,,,,,
82204L,0,,,,,,
82209,0,,,,,,
82214L,1,,,-0.0,0.3013403281041414,0.1691720523072067,0.0
82301L,0,,,,,,
82327,1,0.6697359831334533,0.3142221065280763,-0.0,0.7880435322418707,1.0,0.0
82502,8,0.5119675976324979,0.6933099394181265,0.2472762850832405,0.5756373137464592,0.7246517596515794,0.0
82503L,0,,,,,,
82601L,94,0.4645592644030569,0.5764153353145786,0.5961853233065058,0.4782209395542591,0.5705843037437357,0.0638297872340425
82602,56,0.5655000296044098,0.7074142539374628,0.402537274835667,0.6856004418373008,0.7399217722031731,0.0357142857142857
82603,0,,,,,,
82701L,0,,,,,,
82703L,0,,,,,,
82901L,2,0.2083630565101834,0.2905745929600789,0.1648508567221603,1.0,1.0,0.0
82907L,2,0.4487074338957506,1.0,0.1648508567221603,0.8258726872269953,0.8265298377243828,0.0
83102L,1,,,,0.1938863739438632,0.335684975777038,1.0
83106,2,0.5335588031581237,0.677533905890945,0.1648508567221603,0.7682909671388783,0.9933254860221848,0.0
83107L,0,,,,,,
83108L,0,,,,,,
83109,0,,,,,,
83112,0,,,,,,
83113L,0,,,,,,
83121,0,,,,,,
83122,0,,,,,,
83124,1,,,-0.0,0.7248353239122957,0.6314545065065555,0.0
83125L,0,,,,,,
83127L,0,,,,,,
83201L,16,0.4808974441950108,0.4855794574776488,0.3882878190964723,0.5576940807695128,0.7060843396341997,0.0
83208L,0,,,,,,
83211,0,,,,,,
83304L,15,0.2764544449405275,0.3671561561302857,0.3663301850230432,0.3610739733776231,0.5537914030572466,0.6666666666666666
83305L,0,,,,,,
83312,1,,,,0.1989430306102291,0.4203860701813264,0.0
83313,18,0.6678465424113024,0.4699066022365912,0.3703274505433854,0.3620770805200512,0.3922047116584327,0.2222222222222222
83501,7,0.7832015287429864,0.2947365553480464,-0.0,0.1318391327060555,0.037386174101142,0.2857142857142857
83502L,2,0.0,1.0,-0.0,0.5431117249647666,0.0,0.0
83601L,3,0.5049310563123818,0.5270497286400526,-0.0,0.1614169193078968,0.4340983134822857,0.0
83609L,0,,,,,,
83613,12,0.5210021411234665,0.8857825094665727,0.2472762850832405,0.372667326069378,0.575425663109053,0.6666666666666666
83614L,10,0.3664456159819353,0.5039277153735663,0.3685943744688496,0.5364330133155857,0.7516327404015853,0.0
83616L,65,0.6170427169615246,0.6880535128059344,0.5260731613177844,0.4568573544840905,0.5263562243388566,0.1846153846153846
83618,81,0.4384184085860798,0.5117585864363743,0.6043405095318918,0.5420398831766945,0.6303529769465241,0.2962962962962963
83619,0,,,,,,
83620,4,0.9055167906579478,1.0,,0.1443732774190291,0.379340761268177,0.0
83622L,1,1.0,0.0068044301441105,-0.0,0.3277228846243115,0.1408744421245231,0.0
83624,7,0.860977629853614,0.9981081989145604,0.1648508567221603,0.3519283941583896,0.6481223503198541,0.8571428571428571
83701L,8,0.4662488546025228,0.3100885758327223,0.3711829972644872,0.5917143222981863,0.6562959354405408,0.5
83705L,4,0.8084142422635364,0.2401265640150178,,0.2641302578434565,0.4197592746710852,0.0
83709,1,,,,0.2823778656052685,0.4679829149722462,0.0
83710,2,0.764205504047616,0.8360439059285516,-0.0,0.3168334678901873,0.3328046667416108,0.0
83711,38,0.4776189044133956,0.6206179767702151,0.4956845256928396,0.4131675282190515,0.5913612289524371,0.1052631578947368
83712,70,0.4107664784761172,0.4315137738253433,0.4632938386140577,0.4966319007529294,0.5896711535201443,0.2285714285714285
83713L,8,0.4311694976343708,0.0019614193653847,0.3168314930005712,0.4517539079795709,0.4514565125943246,0.5
83715,14,0.5523446700132121,0.70253058794464,0.3508166814030639,0.2507933588551658,0.3320606544921262,0.7142857142857143
83801,19,0.706757350800339,0.6170315494987912,0.4354707101939672,0.2664619779932461,0.3130322054953683,0.2105263157894736
83802L,1,,,-0.0,0.9415491810422676,0.8564975527355149,0.0
83804,1,0.2631892110462996,0.8108198914560211,-0.0,0.4539430024998303,0.5244647937747985,0.0
83805,52,0.4533179514807125,0.4990531390911287,0.5865266509618674,0.529126057049569,0.6518775699780439,0.2307692307692307
83806L,37,0.3233076846345499,0.3502948961572388,0.5544057761556795,0.6661726447239097,0.6464068377056643,0.2162162162162162
83808,7,0.632873200895347,0.6947320975767612,0.1513818549682734,0.3409670125569131,0.0736518980735467,0.0
83809,51,0.4400851787821871,0.4275760085858016,0.5553260681942879,0.456196680287584,0.5318079282214653,0.1568627450980392
83810L,17,0.3004499953095629,0.3716301460167314,0.4177562782610525,0.97926632117552,0.8653322276996612,0.4705882352941176
83812,52,0.3562410279599831,0.5566155535471571,0.5774454108393167,0.6105562348025232,0.6449469638979183,0.1153846153846153
83813,7,0.6219982891236104,0.5767095071328472,-0.0,0.3039018579198778,0.0589362516793151,0.2857142857142857
83814,45,0.4417415599956352,0.6289516750599138,0.6242972520069588,0.7423786546815123,0.8241454520434016,0.1777777777777777
83901L,0,,,,,,
83905L,53,0.4877338759359124,0.5800155672821594,0.5622279225011698,0.536236683839107,0.5314231482386977,0.1132075471698113
83912,0,,,,,,
91101L,22,0.3515617098271212,0.7272286807040305,0.1492868359276334,0.5419615764144585,0.5877643029574264,0.6363636363636364
91208L,1,,,-0.0,0.4245963343468125,0.2256267763603341,0.0
91217,43,0.5378966380065572,0.5985063457259578,0.4504096286268234,0.5447301558902408,0.5360905710093008,0.1860465116279069
92001L,1,0.1083915146801029,0.9905409945728012,-0.0,0.7090332718299015,0.1258330722260174,0.0
92004,129,0.4724802480083706,0.7154667577546105,0.4805593231916378,0.4276254181431309,0.5947765341340013,0.1705426356589147
92005,2,0.5393470176390056,0.6336454436465639,-0.0,0.7915403978342666,0.8158543543710973,0.0
92006L,3,0.677529452379224,0.8668982807744148,0.1648508567221603,0.7897332675220152,0.7632145811474235,0.0
92007L,4,0.47668229234908,0.8467641120793771,0.3297017134443207,0.7958542608425967,0.8185398681402394,0.0
92010,0,,,,,,
92013,0,,,,,,
93101L,1,,,-0.0,0.4720024905939944,0.3607759642450946,0.0
93115,2,,,0.1648508567221603,0.4941253635093452,0.5519997096910426,0.0
93116L,4,,,0.2472762850832405,0.8635008155346853,0.7945495180252636,0.0
93201L,9,0.5522715393043233,0.8633699216071263,0.3827718356894354,0.2715147096460288,0.4715561685963603,0.0
94401L,32,0.5030725884529252,0.6929764488421675,0.2779081639295533,0.4420152698258219,0.4892069410770301,0.0625
94411,1,,,-0.0,0.8607329718208823,0.5607835565311355,0.0
95001L,87,0.5021472574307503,0.5696631872115722,0.5865630743978962,0.5237283885131414,0.6297445535099188,0.2298850574712643
95003L,10,0.4740689412327292,0.5158085917555553,0.3553589461922984,0.5726756495239441,0.5629020510038428,0.0
95006L,18,0.4794788875727556,0.5123207059034143,0.4627948640243697,0.2429667873814123,0.2469048129502573,0.3333333333333333
95013L,6,0.8889342326621985,0.9793424019406,0.3297017134443207,0.4060834136720828,0.7778742523283292,0.0
95014L,1,,,-0.0,0.9596086691364324,0.6216787967138062,0.0
95033,29,0.3690558150886653,0.6205521194972867,0.4947111538490603,0.5861904245664696,0.4885892928629846,0.1379310344827586
95035,16,0.494638493781028,0.665214976453071,0.4390856565370173,0.2833281994479777,0.2692282196461623,0.25
95036,82,0.4316791400302345,0.5694715271566304,0.6103858094526864,0.5949673316017458,0.7212785670700678,0.2195121951219512
96101L,4,0.6839897201475043,0.9156411148635524,0.1648508567221603,0.7278676095821599,1.0,0.0
96201,25,0.5930660212704463,0.5843412046934282,0.4789424759767669,0.4399099986778398,0.5320331612394923,0.0
97101L,4,0.7075987437045826,0.4561071879360605,0.3297017134443207,0.5875467505938945,0.6812595180680117,0.0
97106L,10,0.4871634740035403,0.5765124445197805,0.5103445000233029,0.6286566457721018,0.6511227278620513,0.0
97107,20,0.3456767472683771,0.4560612938852134,0.5414004998385709,0.6857032668075951,0.7067477656750779,0.2
97501,3,0.3105159396892321,0.9061981961802772,0.2612824261163803,0.996033637147168,0.8930528455639558,0.0
97502L,17,0.4673076503393674,0.0520959873805942,0.4863449864132498,0.687851579630056,0.7107686826769813,0.0
97601L,24,0.7085357675039532,0.6253092246725934,0.3229672125673773,0.4945161395056979,0.5413698624398872,0.25
97602L,0,,,,,,
97608L,0,,,,,,
