year,lsbg_id,network_available,ma_hh,t_pop,low_price_access,joint_access
2016,11101L,True,50000.0,1766.0,23,0
2016,11103,True,70210.0,1539.0,89,23
2016,11104,True,45490.0,2269.0,105,23
2016,11105L,True,24290.0,2242.0,134,38
2016,11107L,True,28000.0,2838.0,93,23
2016,11109L,True,30000.0,1920.0,118,27
2016,11111,True,37190.0,2102.0,148,42
2016,11112L,True,31990.0,3946.0,162,46
2016,11114L,True,22490.0,1637.0,0,0
2016,11116L,True,59160.0,8962.0,200,51
2016,11118L,True,47000.0,2910.0,0,0
2016,11121,True,20000.0,1660.0,84,22
2016,11122,True,25800.0,5175.0,89,23
2016,11123L,True,21150.0,2174.0,139,38
2016,11125,True,21250.0,1830.0,165,46
2016,11126,True,21020.0,8674.0,59,7
2016,11127L,True,42000.0,1663.0,95,24
2016,11129L,True,40000.0,1805.0,176,46
2016,11135L,True,47960.0,1668.0,52,7
2016,11139,True,52520.0,2149.0,177,46
2016,11144L,True,100000.0,1246.0,6,0
2016,11150,True,20000.0,2097.0,56,7
2016,11201L,True,27000.0,1400.0,189,54
2016,11203,True,21250.0,2564.0,209,54
2016,11204L,True,25240.0,2184.0,251,83
2016,11205,True,22780.0,2824.0,240,75
2016,11206,True,23580.0,2740.0,1,0
2016,11208,True,18000.0,3351.0,225,61
2016,11209,True,20400.0,6017.0,213,56
2016,11213L,True,24550.0,2283.0,300,136
2016,11217L,True,25550.0,1265.0,335,172
2016,11220L,True,23560.0,1286.0,354,194
2016,11221L,True,24230.0,2271.0,224,61
2016,11223,True,32000.0,1563.0,195,54
2016,11224,True,31660.0,2045.0,223,61
2016,11225L,True,45000.0,1087.0,200,56
2016,11226L,True,21500.0,1722.0,246,79
2016,11228L,True,31250.0,3959.0,276,110
2016,11233L,True,28000.0,1437.0,217,58
2016,11235L,True,29500.0,1879.0,276,110
2016,11237,True,20000.0,1208.0,222,63
2016,11238L,True,35540.0,2704.0,246,80
2016,11239,True,28750.0,1216.0,305,145
2016,11241L,True,33780.0,1304.0,215,56
2016,11243,True,45750.0,1524.0,188,53
2016,11245,True,35000.0,1324.0,231,73
2016,11302L,True,25000.0,2672.0,285,214
2016,11303L,True,23000.0,2530.0,518,445
2016,11305,True,33000.0,4050.0,495,347
2016,11306L,True,25000.0,1709.0,522,412
2016,11309L,True,26630.0,2181.0,499,353
2016,11310L,True,23000.0,1292.0,502,390
2016,11315L,True,32090.0,1559.0,529,427
2016,11318,True,0.0,1146.0,392,233
2016,11319,True,30380.0,1202.0,516,409
2016,11320L,True,30000.0,2393.0,519,431
2016,11321,True,45000.0,1219.0,497,392
2016,11323,True,37000.0,1371.0,522,455
2016,11324L,True,31100.0,1645.0,490,379
2016,11403L,True,27200.0,2537.0,488,453
2016,11419L,True,35250.0,3201.0,510,451
2016,11427,True,36250.0,1584.0,486,408
2016,11428,True,65000.0,1027.0,487,432
2016,11601L,True,30000.0,1842.0,177,46
2016,11602,True,33650.0,1403.0,210,53
2016,11603,True,19940.0,6696.0,226,57
2016,11604,True,28300.0,1065.0,236,57
2016,11605,True,22000.0,1807.0,244,60
2016,11606,True,22100.0,1280.0,219,56
2016,12102L,True,31000.0,2413.0,486,472
2016,12201L,True,36410.0,1958.0,493,452
2016,12215L,True,50000.0,1041.0,487,450
2016,12222L,True,47290.0,2129.0,173,154
2016,13101L,True,23600.0,1338.0,454,207
2016,13108,True,23250.0,1054.0,558,254
2016,13109L,True,18380.0,1935.0,596,275
2016,13110L,True,20000.0,1443.0,426,214
2016,13112L,True,16000.0,1494.0,522,230
2016,13115L,True,20800.0,1886.0,442,214
2016,13117,True,30000.0,1108.0,473,224
2016,13118,True,18000.0,1089.0,550,248
2016,13121,True,18600.0,1347.0,425,210
2016,13123L,True,32000.0,1537.0,437,212
2016,13125L,True,30800.0,2276.0,436,207
2016,13129L,True,50000.0,2249.0,366,170
2016,13131L,True,29650.0,1235.0,422,185
2016,13134L,True,23250.0,2266.0,500,229
2016,13144L,True,38000.0,1514.0,388,196
2016,13147L,True,34000.0,1415.0,360,181
2016,13151L,True,63710.0,2548.0,378,193
2016,13159L,True,74250.0,2088.0,393,165
2016,13163L,True,20800.0,1669.0,428,198
2016,13201L,True,19500.0,1918.0,619,298
2016,13207,True,35000.0,1148.0,648,316
2016,13208L,True,30800.0,1474.0,638,311
2016,13210L,True,14500.0,2003.0,530,255
2016,13212L,True,21250.0,1511.0,580,261
2016,13217L,True,19500.0,1933.0,638,303
2016,13223L,True,42650.0,3884.0,578,259
2016,13233,True,42000.0,1945.0,495,227
2016,13236,True,20000.0,1665.0,653,313
2016,13304L,True,30000.0,2137.0,548,266
2016,13306L,True,29000.0,1064.0,645,313
2016,13308L,True,18600.0,2036.0,625,309
2016,13310L,True,27950.0,2063.0,618,297
2016,13312,True,21250.0,1209.0,654,317
2016,13314,True,14200.0,1435.0,589,294
2016,13402L,True,42210.0,1200.0,360,151
2016,13501L,True,27000.0,1076.0,506,227
2016,14001L,True,70800.0,3161.0,164,77
2016,14002,True,76210.0,4207.0,399,172
2016,14101L,True,93510.0,2519.0,7,0
2016,14106L,True,61000.0,2467.0,235,74
2016,14109,True,85500.0,2501.0,243,79
2016,14110L,True,75500.0,5662.0,354,198
2016,14112L,True,76280.0,2342.0,153,46
2016,14115,True,105210.0,1811.0,188,74
2016,14117L,True,90000.0,2348.0,4,0
2016,14201,True,76500.0,1617.0,422,322
2016,14202,True,80000.0,2342.0,383,285
2016,14203,True,55000.0,1384.0,479,403
2016,14204L,True,105000.0,3511.0,1,0
2016,14205,True,89300.0,5349.0,404,365
2016,14206,True,100000.0,4316.0,441,395
2016,14207,True,50000.0,2766.0,443,406
2016,14208L,True,53000.0,2453.0,437,402
2016,14210,True,85000.0,4304.0,353,348
2016,14212,True,84160.0,2627.0,359,351
2016,14213L,True,131000.0,2225.0,258,254
2016,14214L,True,129160.0,1765.0,148,144
2016,14219L,True,122100.0,2776.0,207,203
2016,14221,True,165000.0,2383.0,25,24
2016,14301L,True,39800.0,2077.0,249,246
2016,14303L,True,115000.0,2965.0,8,7
2016,14304,True,78310.0,1524.0,135,134
2016,14308L,True,96000.0,1707.0,37,36
2016,14311L,True,160000.0,2464.0,2,2
2016,14401L,True,50000.0,4142.0,329,189
2016,14402L,True,30000.0,1602.0,129,86
2016,14406L,True,100000.0,3967.0,359,199
2016,14413L,True,93750.0,3074.0,321,187
2016,14415L,True,101200.0,2841.0,141,119
2016,14418,True,69000.0,1963.0,288,169
2016,14424L,True,73000.0,2191.0,1,0
2016,14430L,True,34160.0,1151.0,39,21
2016,14432L,True,41750.0,1227.0,44,19
2016,14434L,True,56640.0,1941.0,31,18
2016,14435L,True,44500.0,1909.0,36,19
2016,14437L,True,35200.0,1214.0,33,18
2016,14444L,True,51000.0,1919.0,32,18
2016,14445,True,81800.0,1335.0,32,18
2016,14451L,True,69320.0,1182.0,31,18
2016,14456L,True,60000.0,1567.0,31,18
2016,14458,True,96000.0,1034.0,28,15
2016,14501L,True,40000.0,2342.0,217,168
2016,14521L,True,43490.0,1845.0,289,145
2016,14530,True,77000.0,2186.0,263,137
2016,14531L,True,90450.0,2433.0,115,91
2016,14537,True,54830.0,1182.0,6,3
2016,14538,True,99000.0,3674.0,81,62
2016,14601,True,20270.0,1483.0,548,259
2016,14602L,True,18000.0,1054.0,518,244
2016,14604L,True,50230.0,1499.0,459,222
2016,14607L,True,18800.0,1180.0,560,267
2016,14609,True,42250.0,1980.0,522,243
2016,14610L,True,30120.0,2035.0,439,202
2016,14615L,True,34500.0,1253.0,518,242
2016,14622L,True,22000.0,1978.0,470,237
2016,14631,True,19000.0,1325.0,478,217
2016,14632L,True,34600.0,1537.0,402,208
2016,14635,True,45000.0,1321.0,440,207
2016,14801L,True,17490.0,7550.0,0,0
2016,14803L,True,50210.0,2308.0,231,126
2016,14902L,True,97700.0,2106.0,0,0
2016,14919,True,115550.0,2249.0,0,0
2016,14920,True,114160.0,5209.0,0,0
2016,15102L,True,41960.0,1011.0,257,73
2016,15103,True,50500.0,2829.0,206,23
2016,15104L,True,32000.0,1096.0,234,24
2016,15107,True,41650.0,1135.0,263,70
2016,15108L,True,32890.0,1603.0,297,77
2016,15111,True,23000.0,1982.0,271,44
2016,15112L,True,37500.0,1578.0,263,32
2016,15114,True,29000.0,1850.0,265,24
2016,15115,True,18420.0,1711.0,263,24
2016,15117L,True,28800.0,2325.0,282,73
2016,15119,True,51000.0,7326.0,241,25
2016,15121,True,59160.0,4219.0,325,110
2016,15122L,True,19250.0,1810.0,304,97
2016,15125L,True,23660.0,1416.0,336,116
2016,15127L,True,26790.0,1219.0,334,125
2016,15129L,True,35350.0,1957.0,353,141
2016,15135,True,46250.0,1486.0,343,139
2016,15136L,True,60000.0,2831.0,299,136
2016,15141,True,58780.0,8162.0,256,23
2016,15142,True,72000.0,1663.0,406,167
2016,15201,True,72620.0,3604.0,255,37
2016,15202L,True,106150.0,3671.0,153,13
2016,15204,True,68600.0,3627.0,293,122
2016,15205L,True,90160.0,5385.0,143,21
2016,15208,True,99890.0,3881.0,5,0
2016,15303L,True,25000.0,2251.0,181,12
2016,15307,True,23000.0,1112.0,252,13
2016,15308,True,27490.0,2527.0,252,13
2016,15309,True,17720.0,4138.0,258,13
2016,15312,True,33960.0,1463.0,217,13
2016,15315,True,19800.0,3049.0,252,13
2016,15316,True,26330.0,1902.0,243,13
2016,15317,True,21070.0,2794.0,215,13
2016,15318,True,18660.0,1460.0,215,13
2016,15321,True,26250.0,2508.0,280,21
2016,15322,True,26780.0,2992.0,279,18
2016,15327,True,30000.0,1897.0,229,13
2016,15328,True,24500.0,1012.0,223,13
2016,15329,True,59000.0,2155.0,242,13
2016,15331,True,30000.0,2864.0,264,13
2016,15332,True,32990.0,1001.0,242,12
2016,15333,True,34120.0,1350.0,271,18
2016,15334,True,40500.0,2612.0,254,13
2016,15337,True,21490.0,2316.0,217,13
2016,15338,True,22170.0,2303.0,218,13
2016,15339,True,13810.0,1150.0,211,13
2016,15340L,True,49000.0,4327.0,121,2
2016,15342,True,34910.0,6346.0,155,12
2016,15343L,True,50000.0,2173.0,265,18
2016,15349,True,36000.0,2169.0,209,13
2016,15351L,True,31000.0,3422.0,263,22
2016,15353L,True,39250.0,1703.0,232,13
2016,15355,True,17500.0,3333.0,238,13
2016,15356,True,47040.0,5357.0,226,13
2016,15401L,True,44870.0,1379.0,228,3
2016,15409,True,16290.0,2137.0,234,7
2016,15411,True,26650.0,2437.0,213,3
2016,15413L,True,25000.0,2175.0,209,5
2016,15418L,True,25000.0,3272.0,1,0
2016,15501L,True,30820.0,3075.0,183,40
2016,15502,True,20700.0,1231.0,212,40
2016,15503L,True,30750.0,2602.0,210,40
2016,15507,True,19120.0,6115.0,257,41
2016,15508L,True,52990.0,2350.0,250,41
2016,15513,True,14000.0,2235.0,221,40
2016,15514,True,33750.0,1402.0,220,40
2016,15515L,True,26990.0,1603.0,219,40
2016,15602,True,24000.0,7822.0,211,40
2016,15603,True,48300.0,2362.0,246,41
2016,15604,True,23310.0,1588.0,234,41
2016,15605,True,40000.0,5882.0,267,49
2016,15606,True,65000.0,1315.0,234,41
2016,15607,True,33000.0,7264.0,203,41
2016,15608,True,20580.0,1610.0,186,40
2016,15609L,True,50840.0,3127.0,0,0
2016,15613,True,59000.0,10198.0,135,7
2016,15614,True,57950.0,8950.0,136,8
2016,15615,True,81700.0,1449.0,192,46
2016,15702,True,47210.0,1881.0,217,55
2016,15703,True,14250.0,1816.0,242,55
2016,15704,True,15290.0,2106.0,233,55
2016,15705L,True,77900.0,5029.0,179,54
2016,15708,True,70000.0,1524.0,141,42
2016,15709,True,57000.0,1642.0,168,54
2016,15710L,True,24000.0,2661.0,151,48
2016,15712L,True,55000.0,4789.0,189,54
2016,15715,True,43500.0,1903.0,265,54
2016,15716,True,47750.0,6830.0,255,55
2016,15717L,True,63000.0,4174.0,208,41
2016,15719,True,64210.0,4185.0,242,43
2016,15720,True,56240.0,4671.0,264,47
2016,15721,True,54000.0,4401.0,257,47
2016,15722,True,44160.0,1625.0,246,54
2016,15723,True,77000.0,3494.0,264,47
2016,16101,True,16570.0,5347.0,267,54
2016,16102,True,45000.0,2670.0,266,54
2016,16103L,True,22000.0,1760.0,264,54
2016,16104L,True,19800.0,1566.0,220,21
2016,16107L,True,23780.0,1184.0,213,15
2016,16109L,True,25000.0,1331.0,212,14
2016,16110,True,38060.0,1092.0,193,12
2016,16111,True,15750.0,1272.0,0,0
2016,16113,True,21290.0,1146.0,172,9
2016,16114L,True,25000.0,1901.0,180,11
2016,16117L,True,32100.0,5604.0,188,11
2016,16120L,True,20700.0,3239.0,257,54
2016,16127L,True,24250.0,1239.0,221,21
2016,16129L,True,25000.0,2161.0,220,21
2016,16130L,True,32000.0,2137.0,212,14
2016,16131L,True,34750.0,1472.0,218,54
2016,16144L,True,34250.0,2887.0,211,14
2016,16146,True,22240.0,2526.0,192,12
2016,16148L,True,24500.0,3593.0,174,11
2016,16151L,True,17960.0,6391.0,142,9
2016,16152L,True,33000.0,6169.0,1,0
2016,16159L,True,70000.0,2265.0,0,0
2016,16163,True,35000.0,2123.0,180,11
2016,16164L,True,18800.0,16386.0,194,13
2016,16180L,True,30000.0,3067.0,212,14
2016,16191,True,33000.0,4660.0,214,15
2016,16202L,True,52660.0,19426.0,20,16
2016,16305L,True,43400.0,2785.0,70,3
2016,16313L,True,20500.0,9303.0,62,16
2016,16315,True,33740.0,2900.0,56,3
2016,16316L,True,39700.0,6410.0,62,3
2016,16319,True,43000.0,4428.0,69,2
2016,16321L,True,51040.0,2039.0,60,2
2016,16332,True,14300.0,5166.0,105,1
2016,16333,True,24740.0,4098.0,79,1
2016,16336,True,27600.0,1516.0,79,1
2016,16402L,True,20540.0,5966.0,1,0
2016,16502,True,23770.0,8736.0,70,2
2016,16503L,True,21800.0,2767.0,61,1
2016,16504,True,18500.0,12158.0,75,1
2016,16508L,True,30750.0,2093.0,23,0
2016,16523,True,24000.0,1069.0,70,2
2016,16524,True,14000.0,8570.0,26,0
2016,16526,True,24000.0,1993.0,42,3
2016,16528,True,17500.0,4952.0,101,0
2016,16531,True,23990.0,5318.0,55,1
2016,16532,True,30000.0,4594.0,95,1
2016,16601L,True,26190.0,18384.0,116,14
2016,16603L,True,21000.0,8791.0,101,14
2016,16605L,True,19900.0,12167.0,159,14
2016,16701,True,64000.0,9438.0,60,0
2016,16702L,True,37160.0,7099.0,68,0
2016,16704,True,30000.0,5313.0,49,0
2016,16705,True,31000.0,9454.0,42,0
2016,16706,True,22650.0,15829.0,60,0
2016,16707,True,24000.0,1865.0,73,0
2016,16708L,True,25000.0,7928.0,0,0
2016,17113L,True,153200.0,1647.0,1,0
2016,17126L,True,60000.0,1806.0,9,0
2016,17134L,True,161910.0,2197.0,6,0
2016,17143L,True,100000.0,5836.0,16,2
2016,17152,True,122180.0,3902.0,6,0
2016,17154,True,120000.0,5365.0,16,0
2016,17201L,True,25000.0,1638.0,0,0
2016,17204,True,42700.0,13609.0,11,2
2016,17205L,True,33710.0,1219.0,20,0
2016,17206,True,21800.0,13632.0,12,0
2016,17208,True,19750.0,26590.0,13,0
2016,17302L,True,23360.0,11372.0,1,0
2016,17306L,True,25600.0,3249.0,83,21
2016,17312L,True,26250.0,3285.0,80,21
2016,17317,True,27950.0,3037.0,79,21
2016,17318L,True,19000.0,3006.0,7,0
2016,17320,True,17780.0,13926.0,70,21
2016,17325L,True,20000.0,2565.0,80,21
2016,17327L,True,36250.0,1092.0,4,0
2016,17333L,True,35080.0,1295.0,10,0
2016,17336,True,34000.0,8172.0,80,21
2016,17337L,True,26500.0,3166.0,80,21
2016,17344,True,27640.0,1299.0,1,0
2016,17362L,True,40000.0,1553.0,23,7
2016,17376,True,29640.0,1286.0,80,21
2016,17402L,True,60000.0,2283.0,4,0
2016,17411,True,33500.0,5801.0,30,0
2016,17412,True,19900.0,19500.0,30,2
2016,17414L,True,70000.0,24103.0,39,11
2016,17415,True,59160.0,7348.0,40,11
2016,17417L,True,17880.0,14620.0,40,9
2016,17421,True,32000.0,1889.0,38,7
2016,17422,True,30000.0,1395.0,44,9
2016,17423,True,41000.0,3937.0,43,8
2016,17424L,True,31250.0,1547.0,31,0
2016,17425L,True,26780.0,1747.0,42,7
2016,17439,True,51250.0,2582.0,32,0
2016,17501L,True,19600.0,3637.0,0,0
2016,17502L,True,43000.0,1547.0,0,0
2016,17516L,True,35000.0,5959.0,6,6
2016,17518,True,31490.0,3322.0,8,7
2016,18101L,True,80440.0,1123.0,11,0
2016,18206L,True,129160.0,2367.0,11,0
2016,18218L,True,204500.0,1189.0,0,0
2016,18301L,True,86000.0,3195.0,2,0
2016,18405L,True,148200.0,1739.0,0,0
2016,19002L,True,83470.0,1545.0,0,0
2016,19103L,True,77600.0,2358.0,0,0
2016,19106L,True,335650.0,2042.0,1,0
2016,19205,True,64210.0,1088.0,2,1
2016,19206,True,81000.0,1442.0,4,3
2016,19207L,True,94200.0,2409.0,4,3
2016,19215L,True,149500.0,1543.0,2,2
2016,19218L,True,113370.0,4337.0,2,2
2016,19301L,True,70450.0,1803.0,0,0
2016,19502L,True,75670.0,1526.0,22,0
2016,19505L,True,45000.0,1600.0,22,0
2016,19513L,True,44000.0,4462.0,0,0
2016,19519L,True,25590.0,5865.0,15,0
2016,19603L,True,44250.0,1667.0,0,0
2016,19606,True,102710.0,1482.0,0,0
2016,19607,True,63500.0,1270.0,0,0
2016,19702L,True,35810.0,2153.0,0,0
2016,21105L,True,20000.0,1821.0,520,204
2016,21107L,True,16780.0,1818.0,553,257
2016,21108L,True,17210.0,1662.0,568,257
2016,21110L,True,21430.0,1755.0,445,174
2016,21111L,True,23000.0,1783.0,553,250
2016,21117L,True,69160.0,2722.0,512,288
2016,21119L,True,29820.0,1601.0,397,262
2016,21120L,True,22000.0,1928.0,316,224
2016,21201L,True,14150.0,1995.0,569,256
2016,21202L,True,38750.0,2632.0,418,183
2016,21205L,True,23660.0,3559.0,496,266
2016,21207L,True,23130.0,1989.0,430,243
2016,21212L,True,15630.0,1892.0,506,291
2016,21216L,True,32540.0,1141.0,487,291
2016,21217L,True,16650.0,1637.0,472,290
2016,21221,True,19210.0,2503.0,406,240
2016,21303L,True,51000.0,4745.0,203,44
2016,21304L,True,62210.0,8774.0,189,45
2016,21401L,True,22480.0,1328.0,409,291
2016,21405L,True,21000.0,1752.0,368,265
2016,21406L,True,19500.0,1138.0,418,288
2016,21501L,True,79750.0,2226.0,241,200
2016,21702,True,30000.0,2680.0,162,37
2016,21703,True,43250.0,2321.0,113,35
2016,22025L,True,12490.0,1139.0,656,54
2016,22101,True,18920.0,1948.0,650,63
2016,22102L,True,20000.0,1250.0,715,60
2016,22104,True,19730.0,1504.0,766,60
2016,22105L,True,14290.0,1643.0,773,60
2016,22106L,True,20000.0,1301.0,764,62
2016,22108L,True,41000.0,8979.0,463,45
2016,22109L,True,39000.0,2391.0,684,50
2016,22110L,True,12490.0,1678.0,773,59
2016,22111,True,12790.0,1597.0,780,60
2016,22113L,True,14700.0,1351.0,842,61
2016,22114L,True,25000.0,1223.0,689,76
2016,22117,True,15500.0,1513.0,731,50
2016,22119,True,15500.0,1449.0,814,56
2016,22121L,True,16130.0,2006.0,619,73
2016,22125L,True,19660.0,3934.0,725,50
2016,22128,True,16500.0,1015.0,359,36
2016,22129L,True,17630.0,1601.0,455,50
2016,22131,True,16750.0,1197.0,583,73
2016,22132,True,16200.0,1461.0,445,45
2016,22135L,True,16200.0,2048.0,710,75
2016,22138L,True,17490.0,1307.0,765,56
2016,22141,True,19000.0,1963.0,371,43
2016,22142,True,17630.0,5255.0,507,62
2016,22143L,True,20000.0,2096.0,592,70
2016,22146L,True,20000.0,2367.0,646,73
2016,22150,True,16300.0,2385.0,638,73
2016,22152L,True,34000.0,1901.0,694,73
2016,22153L,True,15900.0,2254.0,776,80
2016,22160L,True,18630.0,1880.0,466,63
2016,22167L,True,20000.0,1500.0,666,71
2016,22170L,True,12920.0,2349.0,745,80
2016,22173L,True,16490.0,2510.0,794,81
2016,22177L,True,19830.0,4443.0,571,69
2016,22179L,True,30600.0,1021.0,0,0
2016,22181L,True,21250.0,2948.0,726,77
2016,22186L,True,24000.0,2879.0,389,57
2016,22190L,True,17850.0,3166.0,776,78
2016,22197,True,19500.0,2354.0,517,68
2016,22198L,True,16490.0,1624.0,442,62
2016,22201L,True,20000.0,2044.0,678,68
2016,22203L,True,31270.0,1517.0,656,63
2016,22205L,True,38750.0,2300.0,461,55
2016,22206L,True,26000.0,1684.0,758,59
2016,22212L,True,20160.0,1663.0,723,61
2016,22215,True,13500.0,2062.0,657,60
2016,22216L,True,16100.0,1921.0,457,49
2016,22219L,True,14850.0,2588.0,787,85
2016,22220,True,17380.0,1179.0,760,58
2016,22221,True,15000.0,1936.0,733,58
2016,22222,True,20500.0,2072.0,653,58
2016,22226L,True,20000.0,1702.0,683,55
2016,22506L,True,15000.0,3012.0,639,93
2016,22507L,True,21840.0,1946.0,570,56
2016,22521L,True,15500.0,2092.0,524,68
2016,22534L,True,19800.0,2309.0,453,69
2016,22539L,True,16400.0,1348.0,505,99
2016,22541L,True,16200.0,1338.0,417,70
2016,22544L,True,18740.0,1527.0,460,100
2016,22548,True,16900.0,1330.0,339,62
2016,22549,True,21290.0,1504.0,368,67
2016,22550,True,21590.0,1364.0,329,60
2016,22551,True,16480.0,1734.0,356,63
2016,22552,True,17000.0,1663.0,319,61
2016,22553L,True,20000.0,3329.0,350,72
2016,22554,True,19900.0,1258.0,318,63
2016,22556,True,19900.0,1496.0,380,76
2016,22557,True,24300.0,1870.0,373,76
2016,22558L,True,18800.0,1535.0,414,88
2016,22562L,True,17370.0,2071.0,482,143
2016,22565L,True,18250.0,3083.0,412,96
2016,22570L,True,18740.0,2722.0,514,196
2016,22573L,True,16640.0,2649.0,486,149
2016,22584,True,34000.0,5049.0,463,56
2016,22587,True,40000.0,2043.0,707,113
2016,22601L,True,18490.0,1012.0,514,37
2016,22604L,True,100000.0,3373.0,31,0
2016,22605L,True,87000.0,3497.0,296,64
2016,22610L,True,17800.0,3730.0,409,133
2016,22701L,True,20250.0,1307.0,710,82
2016,22702L,True,16500.0,2626.0,688,82
2016,22704L,True,18170.0,2096.0,592,52
2016,22709L,True,19640.0,1261.0,618,54
2016,22711L,True,26000.0,2015.0,563,48
2016,22713L,True,19640.0,1676.0,630,52
2016,22721,True,17500.0,1705.0,602,44
2016,22722,True,18050.0,2129.0,557,48
2016,22723,True,34250.0,2273.0,552,44
2016,22724,True,17500.0,1558.0,527,48
2016,22825,True,23200.0,5758.0,645,77
2016,22826L,True,17800.0,3703.0,665,59
2016,22828L,True,18500.0,1794.0,671,54
2016,22834,True,19420.0,2676.0,525,51
2016,22837L,True,21840.0,1807.0,684,70
2016,22901L,True,14000.0,1691.0,776,78
2016,22904L,True,13000.0,1752.0,757,78
2016,22907L,True,13740.0,1921.0,745,82
2016,22908,True,14850.0,2642.0,750,76
2016,22913,True,15880.0,3682.0,721,65
2016,22917L,True,13050.0,1539.0,713,79
2016,22918,True,16990.0,2083.0,664,63
2016,22919L,True,19000.0,1920.0,716,73
2016,23101L,True,49900.0,2151.0,248,41
2016,23102,True,69210.0,1681.0,128,6
2016,23103L,True,54160.0,2422.0,101,0
2016,23201L,True,70450.0,1467.0,384,48
2016,23207L,True,84160.0,3150.0,249,34
2016,23301L,True,55000.0,1991.0,131,0
2016,23303L,True,114910.0,1358.0,94,1
2016,23401L,True,87000.0,3057.0,143,2
2016,23412L,True,51000.0,1923.0,121,2
2016,23416,True,63990.0,1036.0,131,5
2016,23421,True,52210.0,3324.0,159,7
2016,23422,True,52500.0,2185.0,187,19
2016,23423L,True,35000.0,1248.0,202,24
2016,23425L,True,9920.0,1521.0,77,8
2016,23501,True,28960.0,2476.0,589,52
2016,23502L,True,35000.0,1799.0,533,48
2016,23504,True,30000.0,3214.0,492,48
2016,23505,True,30000.0,2722.0,540,48
2016,23506,True,45250.0,1162.0,524,48
2016,23507,True,65000.0,2966.0,157,0
2016,23510L,True,87160.0,2728.0,175,0
2016,23608,True,19280.0,10084.0,15,0
2016,23609L,True,19870.0,8809.0,15,0
2016,23620L,True,23660.0,1014.0,1,0
2016,23623,True,31250.0,5025.0,25,0
2016,23624,True,54000.0,4018.0,28,0
2016,23701L,True,19000.0,2266.0,79,2
2016,23703L,True,17500.0,12897.0,27,1
2016,24101L,True,30000.0,2773.0,281,11
2016,24104,True,17460.0,1968.0,291,11
2016,24105,True,25000.0,1237.0,291,11
2016,24106,True,31850.0,1319.0,283,9
2016,24107,True,26560.0,1104.0,279,9
2016,24108,True,60000.0,3458.0,270,9
2016,24109,True,24500.0,1470.0,217,5
2016,24110L,True,31500.0,3910.0,200,5
2016,24112L,True,29000.0,3245.0,219,5
2016,24113,True,20000.0,10299.0,211,5
2016,24115,True,20000.0,4021.0,216,5
2016,24117,True,34180.0,1243.0,229,5
2016,24118L,True,23750.0,1966.0,221,5
2016,24119L,True,19040.0,1123.0,230,5
2016,24123L,True,25000.0,2124.0,232,5
2016,24126L,True,19000.0,2393.0,184,10
2016,24128L,True,20500.0,1264.0,304,13
2016,24132,True,21250.0,1178.0,321,14
2016,24201,True,49010.0,6312.0,262,9
2016,24202L,True,18520.0,3518.0,208,4
2016,24203,True,24430.0,2430.0,275,9
2016,24209L,True,16800.0,1454.0,182,5
2016,24211L,True,18520.0,1414.0,173,4
2016,24213L,True,18000.0,2903.0,175,5
2016,24228L,True,26500.0,7122.0,226,5
2016,24238L,True,20000.0,3202.0,230,5
2016,24240,True,23920.0,3153.0,235,5
2016,24241L,True,18930.0,8527.0,228,4
2016,24243L,True,15750.0,2517.0,262,13
2016,24245L,True,17770.0,9346.0,258,13
2016,24250,True,30000.0,1902.0,287,13
2016,24301L,True,18110.0,1828.0,356,35
2016,24303L,True,27790.0,1101.0,299,13
2016,24304L,True,28830.0,1713.0,309,36
2016,24305L,True,20000.0,2648.0,325,36
2016,24310L,True,28750.0,1414.0,291,36
2016,24319L,True,19650.0,7087.0,277,36
2016,24324L,True,30040.0,1666.0,178,43
2016,24326L,True,21200.0,3053.0,207,44
2016,24327L,True,20800.0,2466.0,239,45
2016,24330,True,18000.0,2242.0,206,44
2016,24341L,True,21250.0,2253.0,263,47
2016,24346L,True,15000.0,6964.0,253,37
2016,24401,True,16740.0,2473.0,312,13
2016,24402L,True,17000.0,1969.0,339,17
2016,24403,True,25000.0,1475.0,320,12
2016,24404L,True,19830.0,1502.0,320,12
2016,24409L,True,17000.0,2591.0,313,36
2016,24416L,True,21570.0,1496.0,316,36
2016,24418L,True,60000.0,13999.0,284,36
2016,24421L,True,25250.0,1111.0,327,37
2016,24428,True,32000.0,3280.0,304,37
2016,24429,True,25250.0,1100.0,280,36
2016,24501L,True,13500.0,1201.0,239,45
2016,24506L,True,19800.0,3626.0,261,47
2016,24508,True,37000.0,2243.0,254,45
2016,24509,True,29000.0,4768.0,237,35
2016,24510,True,34340.0,4712.0,247,45
2016,24511,True,50000.0,3246.0,240,45
2016,24512,True,42000.0,4253.0,0,0
2016,24513,True,33290.0,4516.0,224,35
2016,24514,True,50160.0,2170.0,198,35
2016,24515,True,50000.0,3915.0,0,0
2016,24516,True,49750.0,3090.0,199,35
2016,24517,True,59200.0,1697.0,0,0
2016,24518L,True,64160.0,6890.0,177,35
2016,24520,True,17290.0,1742.0,247,45
2016,24601L,True,62750.0,1838.0,210,8
2016,24604L,True,15320.0,2722.0,205,8
2016,24610,True,68960.0,1507.0,0,0
2016,24611,True,14930.0,5367.0,264,9
2016,24612,True,63000.0,1352.0,189,5
2016,24613,True,60400.0,1633.0,198,9
2016,24614,True,63200.0,1275.0,207,7
2016,24615,True,41750.0,1328.0,0,0
2016,24701L,True,47000.0,5908.0,213,4
2016,24708L,True,14490.0,1347.0,174,3
2016,25101L,True,89160.0,17634.0,12,12
2016,25103L,True,86950.0,2679.0,395,147
2016,25203L,True,46750.0,1443.0,380,81
2016,25301L,True,67000.0,9612.0,322,46
2016,25303L,True,21000.0,13608.0,252,30
2016,25306L,True,35000.0,3727.0,264,37
2016,25314,True,35000.0,7713.0,102,27
2016,25401L,True,55000.0,1733.0,61,0
2016,25409L,True,84000.0,6063.0,63,0
2016,25411L,True,83000.0,6722.0,141,27
2016,25413L,True,46750.0,1870.0,336,33
2016,25415L,True,65000.0,3687.0,240,30
2016,25501L,True,57930.0,19781.0,140,28
2016,25503L,True,60000.0,4491.0,136,32
2016,25506L,True,14490.0,18802.0,0,0
2016,25514L,True,24500.0,17191.0,0,0
2016,26003L,True,46000.0,10320.0,95,44
2016,26004L,True,57660.0,1431.0,53,21
2016,26005,True,42000.0,1944.0,9,0
2016,26007L,True,45000.0,21872.0,55,44
2016,26008L,True,60000.0,7110.0,52,45
2016,26011L,True,29500.0,2280.0,49,40
2016,26101L,True,74480.0,1374.0,0,0
2016,26106L,True,17900.0,2349.0,175,38
2016,26117L,True,24000.0,2249.0,209,27
2016,26123,True,17100.0,3543.0,217,35
2016,26124L,True,23810.0,3138.0,223,35
2016,26202L,True,17490.0,13572.0,86,4
2016,26206L,True,44410.0,3195.0,432,52
2016,26302L,True,13120.0,4175.0,107,16
2016,26310L,True,13650.0,6073.0,1,0
2016,26312,True,12200.0,4798.0,270,49
2016,26313,True,15000.0,6153.0,407,46
2016,26314,True,14250.0,4069.0,1,0
2016,26315,True,22000.0,2708.0,206,53
2016,26316,True,17000.0,1726.0,494,46
2016,26317,True,18000.0,1450.0,0,0
2016,26318,True,17000.0,11456.0,310,39
2016,26319,True,17840.0,10670.0,89,25
2016,26320,True,88210.0,2167.0,4,0
2016,26321,True,94200.0,2007.0,0,0
2016,26401L,True,26600.0,1030.0,169,38
2016,26406L,True,20000.0,2110.0,234,38
2016,26408,True,31200.0,1129.0,212,27
2016,26417L,True,15850.0,6969.0,345,44
2016,26420L,True,14150.0,14856.0,250,45
2016,26421L,True,27450.0,3316.0,264,45
2016,26424L,True,19000.0,2210.0,309,45
2016,26428L,True,18000.0,2455.0,370,39
2016,26433L,True,57500.0,1369.0,337,38
2016,26434L,True,12000.0,3531.0,393,44
2016,26437L,True,18030.0,4790.0,411,41
2016,26440,True,26000.0,1595.0,366,39
2016,26441L,True,28750.0,2339.0,439,54
2016,26443L,True,19800.0,2211.0,408,52
2016,26445,True,26000.0,1596.0,450,53
2016,26446,True,18750.0,1471.0,449,53
2016,26447L,True,27490.0,1953.0,438,52
2016,26449,True,24300.0,1358.0,467,53
2016,26450L,True,27600.0,2475.0,460,52
2016,26452L,True,19000.0,1508.0,472,56
2016,26466,True,23020.0,1509.0,0,0
2016,26503L,True,18560.0,1743.0,463,55
2016,26508,True,20000.0,1548.0,468,56
2016,26509L,True,23250.0,1774.0,460,47
2016,26518L,True,18000.0,6875.0,328,34
2016,26520,True,12200.0,6523.0,0,0
2016,26522L,True,20000.0,2241.0,419,46
2016,26601L,True,18000.0,1324.0,552,39
2016,26602,True,23550.0,1533.0,529,46
2016,26603,True,26760.0,1953.0,519,46
2016,26604,True,18100.0,1440.0,522,46
2016,26605,True,15000.0,1565.0,506,58
2016,26606,True,18380.0,1939.0,509,56
2016,26607,True,13750.0,1591.0,498,56
2016,26608,True,14690.0,1476.0,501,55
2016,26609,True,16410.0,1494.0,498,55
2016,26610,True,19000.0,1347.0,482,55
2016,26611,True,15620.0,1773.0,480,58
2016,26612,True,17550.0,2537.0,471,50
2016,26615L,True,16270.0,2174.0,557,44
2016,26617L,True,15460.0,1896.0,541,46
2016,26619,True,16000.0,1302.0,535,54
2016,26620,True,15000.0,1039.0,522,54
2016,26621,True,14590.0,1324.0,523,55
2016,26622,True,14370.0,1185.0,520,55
2016,26623,True,17500.0,2001.0,490,47
2016,26624,True,18250.0,1757.0,506,47
2016,26625L,True,17300.0,2461.0,492,46
2016,26628,True,19170.0,1117.0,596,38
2016,26629,True,15310.0,2087.0,644,55
2016,26630L,True,13500.0,3760.0,608,50
2016,26632L,True,17550.0,2468.0,588,49
2016,26634,True,12460.0,1704.0,570,54
2016,26635,True,17550.0,1653.0,542,47
2016,26636,True,17500.0,2691.0,511,46
2016,26637,True,15500.0,1694.0,533,46
2016,26638,True,18000.0,1115.0,530,46
2016,26639,True,20500.0,1660.0,498,46
2016,26640L,True,14710.0,5101.0,0,0
2016,26703,True,16190.0,1640.0,660,58
2016,26704L,True,19200.0,1722.0,662,60
2016,26706L,True,17800.0,2145.0,637,58
2016,26708,True,11890.0,1299.0,594,54
2016,26709,True,23210.0,1499.0,597,54
2016,26710,True,19820.0,1276.0,562,50
2016,26711L,True,22320.0,2714.0,550,47
2016,26715L,True,15630.0,3090.0,723,64
2016,26717L,True,17820.0,2153.0,676,66
2016,26719L,True,17000.0,2335.0,651,57
2016,26721,True,28000.0,1561.0,628,58
2016,26722,True,26000.0,1716.0,581,55
2016,26723L,True,28000.0,2261.0,551,55
2016,26724,True,28430.0,2673.0,536,54
2016,26725L,True,18250.0,1686.0,742,73
2016,26728L,True,23580.0,1769.0,690,71
2016,26729,True,22320.0,1708.0,682,80
2016,26730L,True,17000.0,2391.0,635,80
2016,26734,True,22000.0,1052.0,730,75
2016,26735,True,18250.0,1852.0,712,81
2016,26737,True,27740.0,1909.0,622,80
2016,26738L,True,24000.0,2037.0,742,74
2016,26802L,True,79250.0,2118.0,38,24
2016,26807,True,15400.0,2574.0,178,50
2016,26808L,True,86290.0,1848.0,100,26
2016,26812L,True,11490.0,2496.0,403,70
2016,26819L,True,60900.0,2292.0,218,34
2016,26832,True,69160.0,4703.0,31,24
2016,26833,True,14170.0,6719.0,108,43
2016,26834,True,60000.0,1916.0,83,38
2016,26835,True,82000.0,2009.0,32,23
2016,27101L,True,105320.0,2025.0,0,0
2016,27102,True,78160.0,1461.0,23,19
2016,27104,True,97740.0,2447.0,26,23
2016,27105L,True,88370.0,1994.0,5,0
2016,27107L,True,105320.0,1964.0,60,20
2016,27132L,True,82000.0,1849.0,56,1
2016,27137L,True,59290.0,2579.0,136,6
2016,27145,True,116400.0,2232.0,125,0
2016,27146,True,55000.0,1193.0,163,6
2016,27152,True,49000.0,1666.0,180,7
2016,27201L,True,58760.0,1742.0,10,0
2016,27203L,True,97740.0,2329.0,22,0
2016,27204,True,94500.0,1907.0,22,0
2016,27205L,True,94500.0,1581.0,22,0
2016,27207,True,70000.0,2065.0,15,0
2016,27210L,True,90960.0,1600.0,66,0
2016,28002L,True,13050.0,9118.0,58,34
2016,28009,True,31000.0,1828.0,51,31
2016,28010L,True,27910.0,15468.0,88,59
2016,28017L,True,50000.0,13061.0,120,105
2016,28102L,True,16000.0,3273.0,69,11
2016,28103L,True,23090.0,32490.0,57,0
2016,28105L,True,27000.0,11122.0,104,11
2016,28109,True,22300.0,9528.0,130,37
2016,28110,True,24750.0,1427.0,127,34
2016,28111,True,26000.0,15339.0,0,0
2016,28112L,True,22500.0,2190.0,0,0
2016,28113,True,22330.0,7147.0,169,41
2016,28116L,True,15000.0,12054.0,92,18
2016,28120,True,31850.0,1132.0,157,41
2016,28121,True,25000.0,1149.0,165,41
2016,28122,True,34000.0,3633.0,153,41
2016,28123L,True,70000.0,5167.0,222,43
2016,28128L,True,35000.0,9675.0,181,42
2016,28129L,True,33500.0,7523.0,79,27
2016,28130,True,20750.0,17073.0,144,39
2016,28131,True,30000.0,9189.0,0,0
2016,28132,True,55200.0,7543.0,130,26
2016,28135,True,15000.0,15396.0,115,18
2016,28136,True,28000.0,2494.0,64,16
2016,28137,True,21590.0,20385.0,44,16
2016,28139L,True,20600.0,3705.0,120,26
2016,28141,True,19140.0,4586.0,0,0
2016,28143,True,29920.0,2877.0,92,0
2016,28207,True,22510.0,2872.0,107,10
2016,28209,True,20000.0,3103.0,136,13
2016,28210,True,16000.0,4308.0,170,3
2016,28213L,True,28830.0,10505.0,1,0
2016,28215L,True,28200.0,8267.0,39,16
2016,28218L,True,19270.0,10041.0,33,16
2016,28220,True,31000.0,1633.0,17,2
2016,28221,True,32310.0,3847.0,37,2
2016,28222,True,23780.0,4376.0,52,15
2016,28223L,True,20490.0,6398.0,116,2
2016,28302L,True,21170.0,7836.0,80,2
2016,28307L,True,17500.0,4962.0,0,0
2016,28317L,True,16990.0,11965.0,205,22
2016,28321,True,16150.0,5091.0,160,34
2016,28322,True,21000.0,1206.0,85,12
2016,28323,True,21310.0,5074.0,41,7
2016,28325,True,15960.0,6775.0,153,21
2016,28326,True,38620.0,3843.0,208,29
2016,28327,True,15750.0,7768.0,251,25
2016,28329L,True,15420.0,2678.0,191,12
2016,28331,True,13800.0,1430.0,246,22
2016,28332L,True,5900.0,1549.0,234,22
2016,28401L,True,14540.0,2446.0,181,39
2016,28403L,True,15000.0,1314.0,149,39
2016,28407L,True,16500.0,2678.0,244,25
2016,28412,True,20400.0,1462.0,222,25
2016,28418L,True,18800.0,1242.0,222,22
2016,28420,True,30000.0,3184.0,205,25
2016,28421L,True,19880.0,2011.0,158,20
2016,28422L,True,30000.0,1570.0,202,22
2016,28427,True,44210.0,2964.0,204,22
2016,28502L,True,27000.0,1255.0,234,15
2016,28505L,True,24230.0,1676.0,193,7
2016,28508L,True,22210.0,1900.0,236,15
2016,28510,True,17000.0,1013.0,252,16
2016,28511,True,22230.0,1405.0,259,23
2016,28512L,True,23160.0,3453.0,232,22
2016,28516L,True,22230.0,2027.0,187,7
2016,28519L,True,19010.0,1258.0,186,7
2016,28521L,True,23560.0,2172.0,229,10
2016,28602L,True,14000.0,31054.0,0,0
2016,28701,True,15290.0,18551.0,64,1
2016,28804L,True,56410.0,8042.0,0,0
2016,28806L,True,21450.0,4430.0,15,13
2016,28808,True,19500.0,4652.0,0,0
2016,28809,True,19450.0,12691.0,37,15
2016,28810,True,22250.0,11347.0,0,0
2016,28811L,True,41000.0,5168.0,30,3
2016,28813L,True,30000.0,1494.0,30,3
2016,28815,True,37200.0,5951.0,27,3
2016,28817,True,30360.0,1958.0,6,3
2016,28818,True,31050.0,5326.0,0,0
2016,28819,True,13000.0,3864.0,40,3
2016,28821,True,45460.0,1266.0,11,3
2016,29001L,True,65660.0,6639.0,68,12
2016,29003L,True,60000.0,6037.0,81,12
2016,29006,True,60000.0,15289.0,81,12
2016,29007L,True,16500.0,1350.0,3,0
2016,29009,True,63740.0,4945.0,81,12
2016,29014L,True,18690.0,27443.0,49,25
2016,29101L,True,15390.0,13170.0,15,0
2016,29105,True,12550.0,9302.0,42,2
2016,29106,True,30000.0,20976.0,63,2
2016,29107L,True,15500.0,15329.0,0,0
2016,29115,True,12000.0,9911.0,64,0
2016,29117,True,17500.0,17698.0,47,2
2016,29201L,True,15400.0,18530.0,0,0
2016,29209,True,15500.0,7905.0,5,4
2016,29210,True,15000.0,12696.0,0,0
2016,29211L,True,35000.0,4253.0,4,4
2016,29212,True,47690.0,7634.0,0,0
2016,29301,True,27500.0,19402.0,0,0
2016,29302,True,21050.0,9904.0,13,11
2016,29303,True,17000.0,18380.0,5,0
2016,29305L,True,21250.0,25505.0,0,0
2016,29307,True,23750.0,16979.0,1,0
2016,29401,True,35000.0,1217.0,98,0
2016,29403L,True,25500.0,2335.0,60,0
2016,29405,True,37000.0,3544.0,95,0
2016,29406,True,15370.0,1416.0,202,0
2016,29407L,True,20370.0,2164.0,181,0
2016,29408,True,15000.0,6069.0,155,2
2016,29409,True,33800.0,1132.0,0,0
2016,29410,True,22360.0,2417.0,204,0
2016,29411,True,16100.0,1563.0,224,0
2016,29412,True,16490.0,2838.0,181,0
2016,29415,True,12750.0,4456.0,210,0
2016,29416,True,20650.0,12853.0,44,0
2016,29419L,True,15000.0,20676.0,8,0
2016,29420L,True,21250.0,4429.0,160,2
2016,29422L,True,15900.0,7951.0,247,2
2016,29424L,True,17100.0,4137.0,234,2
2016,29427L,True,15300.0,2260.0,242,0
2016,29431L,True,16330.0,1837.0,198,0
2016,29432,True,28500.0,3411.0,225,0
2016,29433,True,16380.0,2564.0,268,2
2016,29434L,True,15300.0,1925.0,267,0
2016,29436L,True,15300.0,1469.0,218,0
2016,29438L,True,29650.0,3790.0,260,0
2016,29440L,True,27550.0,5591.0,243,0
2016,29441L,True,15000.0,3841.0,211,0
2016,29449L,True,11980.0,15754.0,122,0
2016,29452,True,29000.0,3246.0,66,0
2016,29453,True,14000.0,22372.0,124,0
2016,29454L,True,27700.0,3300.0,120,0
2016,29455,True,33260.0,4588.0,150,0
2016,29456,True,9230.0,1798.0,0,0
2016,29457,True,50420.0,2023.0,96,0
2016,29458,True,27000.0,3978.0,177,0
2016,29702,True,38040.0,4870.0,34,5
2016,29703L,True,37000.0,5432.0,1,0
2016,29706,True,19980.0,9640.0,36,6
2016,29707L,True,19920.0,10106.0,34,5
2016,29711,True,15020.0,6602.0,34,5
2016,29712L,True,12000.0,5742.0,34,5
2016,29717,True,56500.0,5888.0,23,1
2016,29719L,True,31000.0,7602.0,12,5
2016,29721,True,17900.0,11057.0,34,5
2016,29722L,True,22490.0,6994.0,0,0
2016,29723,True,26000.0,4387.0,32,0
2016,29725,True,39300.0,2215.0,36,6
2016,29726,True,40000.0,1516.0,35,5
2016,29727,True,16320.0,6628.0,28,0
2016,29728,True,29000.0,5416.0,33,5
2016,29729,True,20510.0,7020.0,7,0
2016,29802L,True,27000.0,20285.0,45,25
2016,29809,True,60000.0,1457.0,45,24
2016,29818L,True,32400.0,15535.0,44,25
2016,29822L,True,24500.0,12146.0,45,24
2016,29823,True,32000.0,5012.0,36,25
2016,29824,True,27400.0,1295.0,46,25
2016,31001L,True,18500.0,1706.0,3,0
2016,32001L,True,50000.0,7382.0,1,0
2016,32105L,True,28750.0,2539.0,8,0
2016,32108L,True,18800.0,1232.0,12,0
2016,32109L,True,25600.0,1646.0,1,0
2016,32112,True,32250.0,1466.0,183,1
2016,32202L,True,53140.0,3861.0,10,10
2016,32303L,True,34300.0,8960.0,97,17
2016,32307L,True,46830.0,9014.0,323,34
2016,32319L,True,28300.0,19061.0,0,0
2016,32325,True,30000.0,3518.0,66,20
2016,32327L,True,35000.0,7694.0,44,11
2016,32330L,True,40000.0,12986.0,28,7
2016,32332L,True,43000.0,1938.0,35,7
2016,32333,True,47500.0,7612.0,0,0
2016,32334,True,58490.0,3995.0,22,7
2016,32335L,True,42880.0,2281.0,17,7
2016,32337L,True,49200.0,3814.0,1,0
2016,32404L,True,11910.0,7657.0,279,33
2016,32406,True,19900.0,4466.0,395,52
2016,32407,True,17550.0,2929.0,342,32
2016,32408L,True,13500.0,2272.0,403,52
2016,32410,True,16990.0,1980.0,403,55
2016,32411,True,31250.0,1503.0,357,34
2016,32412,True,15830.0,5323.0,404,55
2016,32415,True,26500.0,3900.0,363,43
2016,32417L,True,17740.0,8602.0,354,40
2016,32422,True,19580.0,10889.0,411,54
2016,32425L,True,25000.0,2471.0,308,25
2016,32426L,True,21340.0,3930.0,297,28
2016,32433,True,31250.0,1559.0,0,0
2016,32434L,True,35000.0,3259.0,403,55
2016,32435,True,36440.0,10816.0,344,26
2016,32437,True,15000.0,1535.0,391,45
2016,32438L,True,15830.0,1002.0,401,45
2016,32440,True,19580.0,3027.0,401,45
2016,32441,True,29550.0,2831.0,396,42
2016,32443,True,37660.0,17581.0,108,25
2016,32451,True,14400.0,2163.0,400,45
2016,32452L,True,55000.0,1833.0,365,27
2016,32454,True,41250.0,7353.0,282,25
2016,32503L,True,18000.0,5031.0,13,1
2016,32505,True,17000.0,29371.0,8,0
2016,32508L,True,25000.0,1487.0,13,0
2016,32509L,True,30000.0,1749.0,40,1
2016,32511,True,45000.0,2240.0,94,1
2016,32516,True,14800.0,16954.0,0,0
2016,32601,True,14000.0,2436.0,193,32
2016,32602L,True,20270.0,11706.0,153,18
2016,32603,True,16850.0,6039.0,67,4
2016,32604,True,17800.0,6903.0,111,3
2016,32605,True,17800.0,13098.0,43,4
2016,32608,True,18000.0,7521.0,79,7
2016,32609,True,32580.0,2079.0,187,11
2016,32610,True,22320.0,7065.0,0,0
2016,32611,True,17300.0,42474.0,3,0
2016,32612L,True,38360.0,3679.0,177,8
2016,32613,True,19490.0,7573.0,178,8
2016,32615,True,18000.0,18263.0,1,1
2016,32617L,True,32870.0,1999.0,153,8
2016,32621,True,16990.0,28310.0,77,10
2016,32625L,True,36000.0,5056.0,169,8
2016,32630,True,22500.0,3254.0,3,0
2016,32702L,True,21130.0,18503.0,8,0
2016,32704,True,18800.0,18052.0,127,0
2016,32706,True,21790.0,4055.0,0,0
2016,32707,True,40750.0,1119.0,81,0
2016,32708L,True,18850.0,22586.0,102,0
2016,32710,True,17790.0,15876.0,29,0
2016,32714L,True,20000.0,7328.0,163,1
2016,32716,True,28240.0,2780.0,133,0
2016,32717,True,20150.0,15843.0,80,0
2016,32719L,True,55600.0,6206.0,2,0
2016,32722,True,42410.0,1299.0,0,0
2016,32802L,True,18080.0,8886.0,167,8
2016,32804L,True,51500.0,7278.0,0,0
2016,32805L,True,21000.0,8728.0,12,0
2016,32806,True,15000.0,12166.0,15,0
2016,32816,True,29000.0,1819.0,20,0
2016,32817L,True,25000.0,2467.0,25,20
2016,32820,True,33050.0,13959.0,44,39
2016,32825,True,61290.0,1967.0,48,40
2016,33501L,True,19750.0,1515.0,19,0
2016,33503L,True,55000.0,12030.0,19,0
2016,33504,True,44800.0,4254.0,19,0
2016,33505,True,46500.0,3926.0,19,0
2016,33506L,True,47700.0,4892.0,17,0
2016,33601L,True,28250.0,1593.0,3,0
2016,33603L,True,40750.0,9276.0,0,0
2016,35001L,True,21900.0,18796.0,1,0
2016,35002,True,25420.0,6620.0,7,4
2016,35003L,True,36250.0,2022.0,20,11
2016,35004L,True,40000.0,10752.0,21,11
2016,35007L,True,35000.0,2136.0,34,14
2016,35008L,True,33000.0,3965.0,0,0
2016,35018L,True,35000.0,4669.0,12,2
2016,35038L,True,15000.0,21272.0,35,11
2016,35041,True,23000.0,2122.0,21,1
2016,35043L,True,25390.0,5187.0,57,3
2016,35045,True,22650.0,4572.0,15,0
2016,35046,True,37250.0,2325.0,0,0
2016,35050,True,27200.0,2405.0,25,11
2016,35051L,True,42800.0,3433.0,0,0
2016,35053,True,70700.0,10823.0,1,1
2016,35055,True,31470.0,5398.0,1,0
2016,35101L,True,67050.0,9358.0,15,0
2016,35103,True,25880.0,11247.0,0,0
2016,35104,True,25500.0,13387.0,0,0
2016,35105,True,29550.0,6863.0,18,0
2016,35106,True,23740.0,10274.0,17,0
2016,35107L,True,14490.0,10092.0,2,0
2016,35118,True,20920.0,13964.0,10,3
2016,35119L,True,60000.0,2485.0,0,0
2016,41101L,True,19660.0,2566.0,0,0
2016,42101L,True,32000.0,6502.0,0,0
2016,42203,True,14330.0,25276.0,53,20
2016,42204,True,26530.0,1877.0,47,20
2016,42205L,True,31650.0,12923.0,42,19
2016,42209,True,30000.0,9627.0,28,0
2016,42210L,True,30000.0,9341.0,20,9
2016,42224,True,24960.0,4781.0,53,20
2016,42225,True,36000.0,10520.0,47,20
2016,42226,True,21250.0,6476.0,47,20
2016,42303L,True,23410.0,14292.0,29,0
2016,42304L,True,21650.0,2678.0,1,0
2016,42309L,True,45450.0,4801.0,62,9
2016,42317L,True,29750.0,8997.0,104,10
2016,42328,True,30000.0,5122.0,114,10
2016,42334L,True,16000.0,21776.0,0,0
2016,42336L,True,11750.0,18817.0,49,1
2016,42338,True,21990.0,10821.0,27,1
2016,42340L,True,29150.0,6117.0,60,1
2016,42341L,True,40000.0,1375.0,21,1
2016,42343,True,45660.0,2617.0,29,1
2016,42344L,True,25000.0,11996.0,0,0
2016,42346L,True,20000.0,26495.0,0,0
2016,42358,True,25000.0,15253.0,34,1
2016,42360L,True,9000.0,10894.0,23,0
2016,42362,True,30000.0,4627.0,28,1
2016,42363L,True,40000.0,1950.0,23,0
2016,42365L,True,23000.0,2125.0,23,0
2016,42404L,True,29000.0,2930.0,133,11
2016,42405L,True,20000.0,4593.0,134,13
2016,42411,True,18080.0,2102.0,151,13
2016,42412,True,30000.0,1781.0,141,13
2016,42413,True,22330.0,2207.0,154,14
2016,42415L,True,45000.0,4967.0,73,12
2016,42418,True,27720.0,3916.0,115,13
2016,42419L,True,17490.0,5766.0,86,4
2016,42421,True,30000.0,3220.0,57,4
2016,42422,True,15000.0,15545.0,67,4
2016,42423,True,17000.0,25680.0,67,4
2016,42424L,True,28800.0,8925.0,13,0
2016,42426L,True,45660.0,6528.0,15,0
2016,42430L,True,24750.0,12145.0,17,0
2016,42431,True,31500.0,8593.0,129,13
2016,42502L,True,36500.0,1416.0,19,5
2016,42504L,True,18500.0,4636.0,0,0
2016,42506L,True,22750.0,1136.0,0,0
2016,42507L,True,13650.0,2305.0,1,0
2016,42510L,True,50000.0,1940.0,45,3
2016,42511,True,32210.0,7532.0,59,3
2016,42512L,True,58710.0,1580.0,5,0
2016,42513,True,17250.0,5100.0,7,0
2016,42514,True,41300.0,4621.0,7,0
2016,42516L,True,73490.0,1109.0,5,0
2016,42520L,True,49210.0,2153.0,5,0
2016,42523,True,30000.0,1692.0,5,0
2016,42527L,True,21990.0,17193.0,11,5
2016,42529L,True,40000.0,5459.0,8,5
2016,42539,True,25000.0,4347.0,47,1
2016,42540,True,25500.0,6528.0,70,1
2016,42547,True,37000.0,2238.0,19,5
2016,42601L,True,41000.0,1906.0,7,5
2016,42609,True,50000.0,2508.0,8,5
2016,42610L,True,20000.0,2092.0,7,5
2016,42612L,True,43000.0,1443.0,0,0
2016,42621,True,48000.0,1128.0,1,0
2016,42622,True,30000.0,1245.0,1,0
2016,42623,True,55000.0,1792.0,1,0
2016,42625L,True,63220.0,1441.0,1,0
2016,42631,True,48350.0,4640.0,7,5
2016,42708L,True,37500.0,1159.0,0,0
2016,42715,True,40250.0,1726.0,0,0
2016,42718,True,49000.0,2535.0,0,0
2016,43101L,True,24050.0,1892.0,0,0
2016,44101,True,30000.0,3885.0,0,0
2016,44102L,True,28000.0,2465.0,9,0
2016,44104L,True,23000.0,3146.0,0,0
2016,44110L,True,28000.0,3223.0,16,5
2016,44114L,True,32100.0,3591.0,9,0
2016,44201L,True,26000.0,2247.0,1,0
2016,44203L,True,21420.0,3136.0,9,0
2016,44206L,True,35000.0,1574.0,0,0
2016,51001L,True,28500.0,20851.0,0,0
2016,51002L,True,21250.0,12436.0,17,15
2016,51004,True,22490.0,27730.0,59,21
2016,51005,True,28940.0,9072.0,62,14
2016,51008,True,20180.0,30277.0,0,0
2016,51009L,True,30150.0,7313.0,74,33
2016,51010L,True,28160.0,4513.0,78,30
2016,51013,True,27000.0,4028.0,69,29
2016,51014,True,26000.0,18363.0,30,29
2016,51017L,True,17670.0,11171.0,65,24
2016,51021,True,30490.0,10511.0,30,22
2016,51022,True,24850.0,7209.0,30,22
2016,51023L,True,27250.0,5404.0,30,22
2016,51025,True,10250.0,11145.0,7,0
2016,51026,True,22000.0,27142.0,20,3
2016,51027,True,12750.0,9657.0,40,22
2016,51028,True,14000.0,6381.0,38,20
2016,51029L,True,17200.0,11844.0,7,0
2016,51031L,True,28780.0,14752.0,20,3
2016,51033L,True,31800.0,2970.0,35,17
2016,51037,True,19250.0,12660.0,18,0
2016,51038L,True,21490.0,20803.0,0,0
2016,51101,True,25000.0,1653.0,2,0
2016,51102L,True,18500.0,1524.0,2,0
2016,51105L,True,20670.0,1372.0,0,0
2016,51108L,True,30000.0,1329.0,2,0
2016,51201L,True,20000.0,1289.0,0,0
2016,51203L,True,23500.0,1660.0,1,0
2016,51205L,True,13000.0,2273.0,0,0
2016,51207,True,31830.0,2322.0,19,5
2016,51301L,True,14500.0,1844.0,0,0
2016,51401L,True,12000.0,3779.0,0,0
2016,51501L,True,12250.0,9425.0,18,5
2016,51503L,True,25000.0,1694.0,9,2
2016,51507L,True,20000.0,1603.0,15,5
2016,51509L,True,23000.0,2236.0,33,2
2016,51510,True,21000.0,1615.0,6,2
2016,51512L,True,21250.0,1211.0,3,0
2016,51514L,True,31000.0,1766.0,19,5
2016,51601L,True,26740.0,1576.0,0,0
2016,51603,True,23740.0,1397.0,0,0
2016,51701L,True,13950.0,1115.0,3,3
2016,51848L,True,25000.0,2124.0,0,0
2016,51901L,True,28750.0,2639.0,0,0
2016,51902L,True,31250.0,2817.0,8,2
2016,51904,True,38000.0,3570.0,20,5
2016,51910,True,40000.0,1884.0,19,5
2016,51911L,True,26000.0,2378.0,18,5
2016,52101L,True,23000.0,2659.0,1,0
2016,52106L,True,26000.0,1108.0,11,0
2016,52108,True,20000.0,1318.0,10,0
2016,52109,True,25460.0,1181.0,9,0
2016,52110L,True,15990.0,1879.0,9,2
2016,52113,True,53000.0,1108.0,7,0
2016,52201L,True,21250.0,1443.0,0,0
2016,52202L,True,18750.0,3057.0,0,0
2016,52205L,True,23750.0,3410.0,2,0
2016,52206,True,24000.0,2380.0,2,0
2016,52208,True,27750.0,3591.0,1,0
2016,52209L,True,25000.0,1724.0,1,0
2016,52211,True,24490.0,1652.0,2,0
2016,52212L,True,19200.0,2358.0,0,0
2016,52302L,True,25000.0,2173.0,1,0
2016,52309,True,18720.0,1733.0,1,0
2016,52310L,True,15500.0,1756.0,13,1
2016,52313L,True,20000.0,1428.0,0,0
2016,52401L,True,21160.0,1815.0,339,56
2016,52402L,True,14380.0,2513.0,205,13
2016,52405,True,21250.0,2901.0,0,0
2016,52406,True,11480.0,1614.0,378,54
2016,52408,True,14750.0,1242.0,367,56
2016,52409,True,13050.0,1143.0,374,54
2016,52410,True,15000.0,1684.0,378,54
2016,52411L,True,24200.0,4325.0,344,54
2016,52412,True,18500.0,2683.0,362,54
2016,52413,True,19700.0,2443.0,350,54
2016,52415,True,25710.0,1748.0,314,53
2016,52417,True,21250.0,1602.0,328,51
2016,52418,True,28160.0,2465.0,342,53
2016,52419L,True,20300.0,3590.0,268,33
2016,52423L,True,21650.0,1378.0,368,53
2016,52425,True,19200.0,2117.0,362,53
2016,52426,True,39250.0,10524.0,176,14
2016,52427,True,20450.0,3168.0,281,32
2016,52428L,True,34000.0,2790.0,229,18
2016,52430,True,23500.0,4209.0,3,0
2016,52431L,True,39900.0,5305.0,44,8
2016,52439,True,24490.0,2872.0,371,54
2016,52440,True,24160.0,1067.0,325,33
2016,52501L,True,26250.0,4079.0,4,0
2016,52601L,True,15000.0,1226.0,0,0
2016,52701L,True,34500.0,1879.0,141,27
2016,52702,True,13240.0,6931.0,0,0
2016,52704,True,20960.0,2387.0,325,53
2016,52705L,True,16500.0,2752.0,356,56
2016,52707L,True,28500.0,1639.0,6,0
2016,52710,True,47000.0,4912.0,98,16
2016,52711,True,21750.0,2138.0,254,47
2016,52712L,True,19000.0,24648.0,14,3
2016,52713,True,18000.0,3590.0,286,50
2016,52714,True,27380.0,5347.0,324,49
2016,52716L,True,18000.0,1071.0,174,31
2016,52719L,True,43000.0,5624.0,55,25
2016,52722,True,31250.0,2005.0,333,46
2016,52723,True,38460.0,3066.0,102,34
2016,52801L,True,25350.0,5819.0,0,0
2016,52901L,True,35500.0,9003.0,57,7
2016,52903L,True,23000.0,1160.0,250,43
2016,52904,True,46210.0,4579.0,260,39
2016,52907,True,39000.0,4968.0,203,31
2016,52908,True,30500.0,1294.0,192,25
2016,53101L,True,19060.0,2348.0,0,0
2016,53103L,True,35000.0,2581.0,2,2
2016,53104L,True,25450.0,1546.0,2,2
2016,53109,True,42710.0,1873.0,1,0
2016,53114,True,20000.0,1010.0,2,2
2016,53119L,True,21650.0,1893.0,1,0
2016,53124L,True,31150.0,4076.0,1,0
2016,53201L,True,17410.0,1357.0,2,0
2016,53203L,True,25500.0,1598.0,2,0
2016,53206L,True,21750.0,1702.0,2,0
2016,53207L,True,19750.0,2287.0,3,0
2016,53214L,True,23500.0,1676.0,0,0
2016,53219L,True,50000.0,1348.0,5,2
2016,53301L,True,31290.0,2416.0,3,0
2016,53304,True,20000.0,1192.0,1,0
2016,53306L,True,18250.0,1126.0,0,0
2016,54101L,True,23200.0,1425.0,3,0
2016,54102L,True,25780.0,2378.0,0,0
2016,54104L,True,53040.0,15071.0,10,0
2016,54201L,True,19750.0,1694.0,0,0
2016,54205L,True,18000.0,1658.0,1,0
2016,54206L,True,29000.0,1839.0,0,0
2016,54208L,True,76000.0,4347.0,0,0
2016,54209,True,27000.0,2725.0,5,0
2016,54301L,True,27350.0,2297.0,4,0
2016,54312L,True,47000.0,1504.0,0,0
2016,54401L,True,14500.0,3077.0,0,0
2016,54501L,True,19200.0,2133.0,1,0
2016,54701L,True,23750.0,3373.0,0,0
2016,54704,True,29990.0,4525.0,0,0
2016,54705L,True,15490.0,1306.0,0,0
2016,54709L,True,15480.0,1455.0,1,0
2016,54712L,True,23000.0,1385.0,1,0
2016,54801L,True,19500.0,1656.0,1,0
2016,54803,True,24800.0,2033.0,1,0
2016,61001L,True,26940.0,1890.0,0,0
2016,62001L,True,15500.0,2208.0,0,0
2016,62114L,True,29610.0,1417.0,0,0
2016,62122,True,36750.0,1180.0,0,0
2016,62306L,True,20000.0,1298.0,1,0
2016,62401L,True,16920.0,1427.0,101,19
2016,62403L,True,19120.0,2461.0,101,19
2016,62408L,True,19120.0,1975.0,100,19
2016,62412,True,17650.0,1626.0,101,19
2016,62415L,True,28000.0,4348.0,100,19
2016,62419L,True,27000.0,1555.0,100,19
2016,62422L,True,25000.0,2388.0,95,19
2016,62424L,True,26000.0,2667.0,104,19
2016,62428,True,21000.0,19558.0,94,19
2016,62434L,True,20850.0,7700.0,11,0
2016,62435L,True,28860.0,6321.0,70,12
2016,62438L,True,35750.0,3096.0,139,18
2016,62439,True,57000.0,1891.0,0,0
2016,62441L,True,14380.0,1786.0,45,1
2016,62501L,True,19870.0,5166.0,57,9
2016,62511,True,27790.0,2822.0,68,0
2016,62513L,True,31000.0,5598.0,57,0
2016,62515L,True,18500.0,13383.0,52,0
2016,62521L,True,17980.0,1072.0,69,1
2016,62525,True,23750.0,4813.0,69,1
2016,62526L,True,15340.0,3495.0,86,1
2016,62527,True,35000.0,1292.0,69,1
2016,62528,True,31650.0,6572.0,69,1
2016,62529L,True,13500.0,2195.0,85,1
2016,62536L,True,13150.0,1774.0,1,0
2016,62542,True,30000.0,4098.0,69,1
2016,62544L,True,32490.0,4105.0,69,1
2016,62545L,True,12790.0,1047.0,53,1
2016,62551L,True,21080.0,1120.0,93,1
2016,62601L,True,21000.0,2845.0,0,0
2016,62603L,True,26000.0,3274.0,102,17
2016,62607,True,12470.0,12442.0,94,17
2016,62608,True,19230.0,4887.0,95,17
2016,62701L,True,20000.0,8599.0,14,0
2016,62702,True,43250.0,2853.0,14,0
2016,62704,True,21540.0,4485.0,0,0
2016,62705,True,14310.0,20317.0,13,0
2016,62801,True,43000.0,3523.0,15,7
2016,62802L,True,54250.0,1939.0,19,5
2016,62806,True,24300.0,6327.0,1,0
2016,62810,True,40000.0,9859.0,15,5
2016,62811,True,21250.0,6129.0,2,2
2016,62812,True,29540.0,7030.0,0,0
2016,62813,True,31880.0,7065.0,18,5
2016,62814,True,21600.0,15915.0,0,0
2016,62815,True,27000.0,12287.0,13,0
2016,62816L,True,23580.0,1290.0,0,0
2016,62822,True,32000.0,7393.0,1,0
2016,62823,True,28500.0,5426.0,19,5
2016,63101L,True,24160.0,2334.0,0,0
2016,63103,True,35000.0,3078.0,0,0
2016,63104L,True,23240.0,2114.0,0,0
2016,63108,True,35380.0,2662.0,0,0
2016,63401L,True,13290.0,1309.0,61,0
2016,63402L,True,13860.0,1418.0,0,0
2016,63407,True,17000.0,1107.0,0,0
2016,63411L,True,20000.0,1041.0,0,0
2016,63414L,True,18500.0,2348.0,0,0
2016,63421L,True,18430.0,1902.0,0,0
2016,63428L,True,23740.0,1131.0,0,0
2016,63430L,True,21600.0,2055.0,0,0
2016,63434L,True,17290.0,1259.0,2,0
2016,63435,True,23200.0,2131.0,0,0
2016,64101L,True,16720.0,1784.0,1,0
2016,64201L,True,12000.0,1621.0,0,0
2016,64202L,True,14690.0,1368.0,0,0
2016,65101L,True,15500.0,3122.0,0,0
2016,65201L,True,16720.0,1794.0,2,0
2016,65212L,True,14690.0,2565.0,0,0
2016,65238,True,16230.0,1902.0,2,0
2016,71101L,True,40260.0,2450.0,0,0
2016,72001L,True,54990.0,4403.0,1,0
2016,72203L,True,49000.0,6409.0,0,0
2016,72206L,True,23000.0,23148.0,22,9
2016,72210L,True,25500.0,1305.0,27,2
2016,72213,True,35000.0,2349.0,7,0
2016,72214L,True,40000.0,1368.0,8,0
2016,72215,True,38000.0,5661.0,50,2
2016,72225,True,115000.0,5286.0,1,0
2016,72231L,True,65000.0,4278.0,0,0
2016,72234,True,29650.0,1262.0,0,0
2016,72301L,True,14270.0,2254.0,176,16
2016,72306L,True,14590.0,1458.0,179,16
2016,72308L,True,14590.0,3402.0,184,16
2016,72313L,True,14270.0,1969.0,184,16
2016,72315L,True,14500.0,1115.0,180,16
2016,72317L,True,14270.0,5402.0,183,16
2016,72318L,True,14270.0,2398.0,188,14
2016,72325L,True,26080.0,1895.0,128,7
2016,72328L,True,23350.0,1615.0,178,14
2016,72330L,True,30000.0,2207.0,181,15
2016,72336L,True,17360.0,17172.0,98,1
2016,72340,True,30000.0,1528.0,143,7
2016,72341L,True,36250.0,1597.0,114,3
2016,72342,True,39630.0,3210.0,102,3
2016,72350,True,54790.0,2596.0,2,2
2016,72351,True,56000.0,1929.0,19,3
2016,72353L,True,22950.0,15273.0,90,3
2016,72355,True,30750.0,3180.0,0,0
2016,72356,True,25000.0,4974.0,98,1
2016,72358L,True,27700.0,1826.0,135,5
2016,72403L,True,38000.0,2548.0,4,0
2016,72411L,True,35000.0,2974.0,0,0
2016,72416L,True,24710.0,3111.0,0,0
2016,72503L,True,44990.0,3459.0,0,0
2016,72508L,True,33000.0,2799.0,0,0
2016,72601,True,22650.0,20263.0,107,2
2016,72602L,True,30000.0,2162.0,164,13
2016,72604,True,28000.0,2891.0,169,13
2016,72605L,True,32670.0,3096.0,162,13
2016,72608L,True,28210.0,1335.0,170,14
2016,72611,True,26250.0,1904.0,169,14
2016,72614,True,29600.0,3048.0,161,13
2016,72615,True,34000.0,1946.0,21,0
2016,72616L,True,30000.0,3338.0,21,0
2016,72618,True,42800.0,2315.0,0,0
2016,72620,True,44000.0,1993.0,138,13
2016,72621L,True,24550.0,2770.0,169,14
2016,72623,True,16650.0,14568.0,143,13
2016,72624L,True,33500.0,4341.0,0,0
2016,72625L,True,26910.0,4880.0,30,9
2016,72627L,True,25630.0,4177.0,74,9
2016,72628,True,18490.0,14644.0,48,11
2016,72631,True,33750.0,1495.0,141,13
2016,72634,True,29550.0,6775.0,87,2
2016,72635,True,28660.0,1211.0,160,13
2016,72807,True,39720.0,1276.0,24,24
2016,72808L,True,34000.0,1761.0,1,0
2016,72813L,True,29990.0,4637.0,1,0
2016,72820L,True,34750.0,1310.0,1,0
2016,72823L,True,33840.0,3955.0,1,0
2016,72904L,True,55000.0,1364.0,0,0
2016,72917L,True,64750.0,1409.0,0,0
2016,72918,True,52000.0,1162.0,0,0
2016,72919L,True,55370.0,1663.0,1,0
2016,72925L,True,69700.0,1204.0,0,0
2016,72928L,True,35000.0,2264.0,2,0
2016,72930L,True,70650.0,2254.0,12,0
2016,72932L,True,61320.0,6346.0,7,0
2016,73101L,True,92750.0,1896.0,0,0
2016,73201L,True,48400.0,5579.0,0,0
2016,74105L,True,36000.0,1627.0,0,0
2016,74106L,True,36450.0,1772.0,2,0
2016,74108L,True,30000.0,2030.0,0,0
2016,74122,True,43500.0,1147.0,0,0
2016,75107L,True,35060.0,2357.0,27,0
2016,75302L,True,80500.0,2382.0,0,0
2016,75312,True,44350.0,5985.0,2,0
2016,75313,True,89210.0,13701.0,0,0
2016,75314,True,48000.0,1880.0,2,0
2016,75315L,True,90000.0,2145.0,4,4
2016,75334L,True,61290.0,1698.0,0,0
2016,75337L,True,63940.0,1429.0,4,0
2016,75347L,True,31590.0,8662.0,21,0
2016,75401,True,27000.0,1290.0,86,10
2016,75402L,True,15890.0,1884.0,81,12
2016,75407,True,23000.0,1098.0,87,10
2016,75409,True,35000.0,1280.0,79,10
2016,75410,True,34500.0,4337.0,85,10
2016,75411,True,30000.0,2147.0,86,10
2016,75413,True,17000.0,15586.0,66,10
2016,75416,True,44160.0,1174.0,71,10
2016,75417,True,17000.0,4547.0,13,6
2016,75430L,True,38250.0,1775.0,88,12
2016,75438,True,40000.0,9438.0,66,10
2016,75440L,True,13930.0,13165.0,45,9
2016,75442L,True,84800.0,1493.0,0,0
2016,75446,True,65300.0,2007.0,72,10
2016,75501L,True,17500.0,10178.0,52,13
2016,75504,True,17490.0,14167.0,34,6
2016,75506,True,13090.0,16151.0,38,6
2016,75507L,True,30100.0,2165.0,45,11
2016,75511L,True,25000.0,1937.0,87,52
2016,75513,True,27000.0,2550.0,91,52
2016,75514,True,30200.0,2842.0,47,11
2016,75515L,True,32000.0,1639.0,65,6
2016,75519L,True,53000.0,6301.0,19,6
2016,75523L,True,13940.0,10975.0,13,4
2016,75526,True,50000.0,1061.0,38,6
2016,75601L,True,60000.0,12370.0,11,10
2016,75603,True,13620.0,4891.0,34,11
2016,75604,True,74160.0,6430.0,7,0
2016,75610L,True,43200.0,1017.0,2,0
2016,75612L,True,21250.0,1934.0,23,0
2016,75614L,True,27740.0,1007.0,0,0
2016,75617L,True,37500.0,26492.0,54,10
2016,75618L,True,36000.0,15324.0,57,11
2016,75620,True,30000.0,6092.0,0,0
2016,75625,True,25000.0,13039.0,7,0
2016,75626,True,28810.0,8551.0,6,0
2016,75627,True,56160.0,2298.0,6,0
2016,75628,True,35400.0,1720.0,6,0
2016,75706L,True,23000.0,1379.0,0,0
2016,75708,True,30740.0,11244.0,17,0
2016,75710,True,15000.0,6124.0,7,0
2016,75711,True,44600.0,25660.0,18,0
2016,75712,True,67200.0,8595.0,8,0
2016,75713,True,26290.0,2790.0,9,0
2016,75714L,True,23750.0,17246.0,18,9
2016,75716,True,27460.0,25954.0,37,11
2016,75717L,True,27000.0,3221.0,49,22
2016,75719,True,25000.0,14260.0,0,0
2016,75720,True,41000.0,4736.0,49,22
2016,75721,True,30850.0,1498.0,50,22
2016,75722,True,49000.0,5557.0,50,22
2016,75723,True,54160.0,1674.0,49,22
2016,75724,True,56510.0,3045.0,49,22
2016,75725,True,36200.0,1752.0,0,0
2016,75726,True,62240.0,1779.0,0,0
2016,75727,True,49470.0,2587.0,49,22
2016,75728,True,47510.0,2440.0,0,0
2016,75730L,True,47000.0,1002.0,19,7
2016,75731,True,72900.0,3629.0,42,22
2016,75732L,True,29000.0,11920.0,36,18
2016,75733,True,27900.0,9496.0,2,0
2016,75736,True,23000.0,15128.0,18,1
2016,75737,True,55510.0,4215.0,0,0
2016,75738L,True,58000.0,12117.0,4,2
2016,75739,True,58750.0,5765.0,3,2
2016,75740,True,46500.0,2669.0,20,11
2016,75741,True,55000.0,2232.0,3,1
2016,75802L,True,44000.0,2628.0,9,0
2016,75804,True,26250.0,4294.0,0,0
2016,75805,True,30340.0,3529.0,115,54
2016,75807,True,15200.0,8227.0,3,0
2016,75810L,True,16670.0,22424.0,24,5
2016,75816L,True,22870.0,3316.0,85,45
2016,75824,True,28750.0,4126.0,112,50
2016,75901L,True,36000.0,1802.0,9,0
2016,75909,True,100210.0,2411.0,8,0
2016,75910,True,31000.0,4804.0,9,0
2016,75911L,True,95900.0,1823.0,7,0
2016,75913,True,55490.0,1701.0,11,0
2016,75914L,True,27000.0,3589.0,20,0
2016,75916,True,30000.0,6094.0,79,2
2016,75917,True,28250.0,1168.0,97,4
2016,75918,True,65000.0,14028.0,44,0
2016,75919L,True,15490.0,17651.0,95,4
2016,75921,True,30170.0,3326.0,13,0
2016,75923,True,32900.0,3908.0,65,3
2016,75927,True,15900.0,8972.0,12,0
2016,75929L,True,40000.0,4640.0,0,0
2016,75932L,True,53160.0,2343.0,131,47
2016,75938,True,23600.0,6010.0,21,0
2016,75939,True,14530.0,5462.0,28,1
2016,75940L,True,31250.0,2402.0,20,0
2016,75943,True,18000.0,13345.0,26,0
2016,75944,True,13000.0,1944.0,32,0
2016,75945,True,22580.0,19472.0,4,0
2016,75947,True,48750.0,1022.0,21,0
2016,81101L,True,41000.0,2006.0,0,0
2016,81201L,True,51780.0,1468.0,0,0
2016,82001L,True,43910.0,1254.0,1,0
2016,82006L,True,30810.0,1938.0,0,0
2016,82009,True,50240.0,1942.0,1,0
2016,82010L,True,40000.0,1309.0,0,0
2016,82101L,True,54200.0,1068.0,0,0
2016,82201L,True,46000.0,1514.0,0,0
2016,82209,True,35600.0,1756.0,58,0
2016,82210L,True,46200.0,1057.0,1,0
2016,82214L,True,36850.0,1930.0,0,0
2016,82301L,True,51160.0,1323.0,0,0
2016,82304L,True,55500.0,3062.0,0,0
2016,82502,True,45800.0,1547.0,59,0
2016,82503L,True,25410.0,2118.0,13,0
2016,82601L,True,23500.0,3111.0,59,0
2016,82602L,True,23000.0,3596.0,60,0
2016,82701L,True,25750.0,2916.0,31,0
2016,82901L,True,25000.0,1673.0,0,0
2016,82907L,True,42000.0,1053.0,1,0
2016,83102,True,97940.0,2484.0,0,0
2016,83105L,True,41500.0,1268.0,0,0
2016,83106,True,31000.0,2188.0,0,0
2016,83108L,True,64160.0,1780.0,0,0
2016,83110L,True,55600.0,1798.0,0,0
2016,83112,True,32000.0,2149.0,0,0
2016,83113L,True,43000.0,2122.0,0,0
2016,83121,True,36290.0,2331.0,2,0
2016,83122,True,70250.0,2026.0,0,0
2016,83125L,True,55900.0,1765.0,0,0
2016,83126,True,39300.0,2189.0,0,0
2016,83201L,True,74210.0,2032.0,0,0
2016,83208L,True,70300.0,1612.0,2,0
2016,83304L,True,33990.0,15882.0,31,13
2016,83305L,True,60000.0,15939.0,0,0
2016,83312,True,19100.0,20001.0,26,13
2016,83313,True,26140.0,15579.0,26,13
2016,83501,True,23940.0,18024.0,8,0
2016,83502L,True,33800.0,6331.0,0,0
2016,83601L,True,34460.0,1501.0,31,13
2016,83609L,True,45560.0,4628.0,35,13
2016,83613,True,22000.0,20467.0,0,0
2016,83614L,True,39000.0,7405.0,36,13
2016,83616L,True,33600.0,16812.0,19,0
2016,83618,True,42250.0,8832.0,34,13
2016,83619,True,26250.0,4649.0,34,13
2016,83620,True,49250.0,2129.0,34,13
2016,83622L,True,42150.0,4956.0,61,45
2016,83624,True,19580.0,16893.0,44,24
2016,83701L,True,35100.0,1177.0,55,34
2016,83705L,True,27650.0,7115.0,45,29
2016,83709,True,24990.0,13927.0,51,35
2016,83710,True,32400.0,6956.0,71,48
2016,83711,True,21250.0,7575.0,51,35
2016,83712,True,55150.0,13262.0,54,35
2016,83713L,True,25700.0,17787.0,51,35
2016,83715,True,47000.0,13439.0,33,32
2016,83801,True,23890.0,36892.0,0,0
2016,83802L,True,59630.0,5936.0,39,31
2016,83804,True,32750.0,6058.0,0,0
2016,83805,True,50000.0,12499.0,55,33
2016,83806L,True,54250.0,2969.0,38,20
2016,83808,True,32710.0,12845.0,1,0
2016,83809,True,50000.0,11994.0,4,4
2016,83810L,True,75000.0,2351.0,49,33
2016,83813L,True,20000.0,15092.0,25,17
2016,83901L,True,51250.0,4856.0,0,0
2016,83905L,True,57210.0,25721.0,0,0
2016,91101L,True,25200.0,1547.0,0,0
2016,91208L,True,21800.0,1724.0,0,0
2016,91211L,True,23500.0,1043.0,13,1
2016,91217,True,27000.0,1700.0,19,4
2016,92001L,True,18100.0,2607.0,17,0
2016,92004,True,20000.0,9617.0,70,0
2016,92005,True,21500.0,1801.0,71,0
2016,92006L,True,14160.0,1460.0,2,0
2016,92010,True,23250.0,1415.0,52,0
2016,92011L,True,20730.0,2102.0,59,0
2016,92013,True,23700.0,1954.0,71,0
2016,93101L,True,28100.0,1567.0,0,0
2016,93116L,True,24000.0,1577.0,0,0
2016,93201,True,23750.0,2014.0,0,0
2016,93202L,True,22750.0,1696.0,0,0
2016,94401L,True,10000.0,1957.0,30,1
2016,94411,True,12600.0,1326.0,12,1
2016,95001L,True,20640.0,2969.0,0,0
2016,95006L,True,20500.0,37273.0,21,10
2016,95014L,True,19000.0,1061.0,0,0
2016,95028,True,38750.0,45100.0,10,10
2016,96101L,True,20800.0,1523.0,0,0
2016,96201,True,19000.0,2997.0,12,0
2016,96202L,True,20330.0,2883.0,2,0
2016,97101L,True,57160.0,4395.0,0,0
2016,97106L,True,60000.0,7656.0,0,0
2016,97107,True,57000.0,8357.0,2,0
2016,97501,True,49000.0,13237.0,8,0
2016,97502L,True,40000.0,1775.0,8,0
2016,97601L,True,18380.0,2671.0,17,0
2016,97602L,True,16000.0,1787.0,17,0
2016,97608L,True,11000.0,1022.0,17,0
2021,11101L,True,51370.0,1555.0,0,0
2021,11103,True,55680.0,1531.0,141,54
2021,11104,True,50040.0,2009.0,187,62
2021,11105L,True,29040.0,2215.0,217,74
2021,11107L,True,47070.0,2541.0,167,56
2021,11109L,True,63280.0,2058.0,195,58
2021,11111,True,35670.0,2063.0,229,85
2021,11112L,True,32040.0,3621.0,253,107
2021,11114L,True,49140.0,1680.0,263,117
2021,11116L,True,84710.0,8820.0,321,168
2021,11118L,True,50200.0,2737.0,0,0
2021,11121,True,38000.0,1575.0,144,54
2021,11122,True,28840.0,5404.0,163,55
2021,11123,True,38550.0,1063.0,204,62
2021,11124,True,42490.0,1067.0,222,80
2021,11125,True,38500.0,1555.0,257,111
2021,11126,True,27240.0,8700.0,129,39
2021,11127L,True,43170.0,1803.0,168,56
2021,11129L,True,36170.0,1598.0,257,108
2021,11135L,True,55350.0,1466.0,89,28
2021,11139,True,58890.0,2063.0,270,121
2021,11144L,True,155860.0,1232.0,10,6
2021,11150,True,26130.0,2010.0,99,26
2021,11201L,True,37070.0,1266.0,318,191
2021,11202,True,32940.0,1317.0,346,209
2021,11203,True,36190.0,2650.0,348,209
2021,11204L,True,34880.0,1817.0,409,258
2021,11205,True,28140.0,2415.0,421,278
2021,11206,True,31580.0,2335.0,417,285
2021,11208,True,20040.0,3133.0,378,216
2021,11209,True,33000.0,5635.0,351,212
2021,11213L,True,30040.0,2090.0,478,339
2021,11217L,True,30000.0,1343.0,541,409
2021,11220L,True,30040.0,1060.0,571,440
2021,11221L,True,40040.0,2403.0,320,192
2021,11223,True,50000.0,1753.0,327,200
2021,11224,True,34810.0,1633.0,367,228
2021,11225L,True,61480.0,2413.0,360,223
2021,11226L,True,30140.0,1292.0,412,261
2021,11228,True,31250.0,1071.0,461,322
2021,11231,True,37980.0,1229.0,480,339
2021,11232,True,56000.0,1659.0,553,421
2021,11233L,True,34140.0,1361.0,354,216
2021,11235L,True,34070.0,2116.0,487,347
2021,11237,True,41000.0,1325.0,374,235
2021,11238,True,50000.0,1070.0,403,266
2021,11239,True,34070.0,1033.0,484,353
2021,11241L,True,26970.0,1395.0,349,203
2021,11244,True,44050.0,1839.0,409,271
2021,11245,True,53140.0,1625.0,441,309
2021,11302,True,53200.0,1173.0,818,709
2021,11303L,True,35300.0,2316.0,862,794
2021,11305,True,55720.0,4292.0,805,696
2021,11306L,True,40080.0,2034.0,879,808
2021,11309L,True,19790.0,1790.0,823,711
2021,11310L,True,31700.0,2046.0,882,806
2021,11315L,True,37830.0,1628.0,904,834
2021,11318L,True,32480.0,2643.0,522,390
2021,11320L,True,41300.0,2215.0,893,823
2021,11321,True,45900.0,1281.0,862,789
2021,11323,True,51540.0,1527.0,859,791
2021,11403L,True,42090.0,2404.0,790,759
2021,11419L,True,47630.0,2878.0,835,777
2021,11427,True,31540.0,1506.0,838,770
2021,11428,True,44580.0,1083.0,842,780
2021,11501L,True,21430.0,1908.0,588,509
2021,11601L,True,35840.0,2139.0,282,134
2021,11602,True,29870.0,1249.0,347,182
2021,11603,True,29860.0,5771.0,379,200
2021,11604L,True,30290.0,2683.0,389,205
2021,11606,True,30140.0,1082.0,360,191
2021,12102L,True,37040.0,2393.0,718,714
2021,12201L,True,55040.0,1925.0,806,771
2021,12222L,True,45040.0,1996.0,324,322
2021,13101L,True,34580.0,1324.0,644,451
2021,13108,True,30000.0,1056.0,849,655
2021,13109L,True,33150.0,1480.0,883,688
2021,13110L,True,30890.0,1153.0,622,456
2021,13112L,True,28020.0,1327.0,736,542
2021,13115L,True,20230.0,1320.0,638,444
2021,13117L,True,37750.0,1813.0,684,488
2021,13121,True,45850.0,1440.0,608,443
2021,13123L,True,30040.0,1532.0,626,441
2021,13125L,True,37620.0,2145.0,600,435
2021,13128L,True,67040.0,1974.0,571,417
2021,13131L,True,39790.0,1491.0,631,437
2021,13134L,True,35330.0,2135.0,769,570
2021,13144L,True,41050.0,1348.0,558,416
2021,13151L,True,68040.0,2007.0,535,402
2021,13159L,True,78650.0,1939.0,598,399
2021,13163L,True,40140.0,1411.0,618,419
2021,13201L,True,29400.0,1805.0,917,718
2021,13207,True,33610.0,1071.0,984,785
2021,13208L,True,29400.0,1385.0,965,760
2021,13210L,True,20140.0,1914.0,780,595
2021,13212L,True,36290.0,1562.0,876,677
2021,13217L,True,40040.0,2263.0,960,759
2021,13223L,True,55870.0,2417.0,893,694
2021,13233,True,56040.0,1955.0,694,495
2021,13236,True,25570.0,1556.0,984,780
2021,13304L,True,28000.0,1973.0,815,628
2021,13306L,True,23500.0,1222.0,982,781
2021,13308L,True,28040.0,2067.0,948,743
2021,13310L,True,27880.0,2008.0,928,729
2021,13312,True,23850.0,1234.0,983,779
2021,13314,True,20140.0,1176.0,895,691
2021,13402L,True,40100.0,1518.0,734,545
2021,14001L,True,88420.0,3121.0,247,137
2021,14002,True,100140.0,4560.0,584,389
2021,14101L,True,91500.0,1227.0,12,2
2021,14104L,True,36600.0,1038.0,314,191
2021,14106L,True,76630.0,2947.0,394,255
2021,14109,True,66290.0,2260.0,410,283
2021,14110L,True,165560.0,1126.0,610,498
2021,14111,True,71870.0,4412.0,544,412
2021,14112,True,77360.0,1939.0,491,362
2021,14114,True,91020.0,1091.0,316,210
2021,14115,True,100520.0,1736.0,123,106
2021,14117L,True,109630.0,2555.0,134,87
2021,14201,True,100000.0,1242.0,694,651
2021,14202,True,86480.0,1689.0,755,681
2021,14203,True,61330.0,1807.0,836,766
2021,14204L,True,128290.0,3528.0,1,0
2021,14205,True,106950.0,5176.0,750,712
2021,14206,True,137540.0,4303.0,761,716
2021,14207,True,55140.0,3120.0,753,722
2021,14208,True,85000.0,1163.0,755,726
2021,14209,True,55000.0,1381.0,711,685
2021,14210,True,70000.0,3786.0,649,635
2021,14212,True,71170.0,2279.0,651,635
2021,14213L,True,155170.0,2341.0,519,512
2021,14214L,True,290150.0,1727.0,43,40
2021,14219L,True,186710.0,2166.0,376,369
2021,14221,True,132190.0,2579.0,54,51
2021,14301L,True,95300.0,1999.0,440,434
2021,14303L,True,119500.0,3360.0,12,9
2021,14304,True,104750.0,1634.0,110,107
2021,14308L,True,204670.0,1740.0,61,58
2021,14311L,True,159170.0,1227.0,3,2
2021,14313,True,132950.0,1143.0,0,0
2021,14401L,True,55040.0,3636.0,0,0
2021,14402L,True,25000.0,1798.0,603,407
2021,14406L,True,93540.0,3144.0,572,488
2021,14413L,True,123870.0,2844.0,517,431
2021,14415L,True,135140.0,2852.0,250,244
2021,14418,True,62640.0,1655.0,483,400
2021,14424L,True,64820.0,1886.0,3,0
2021,14430L,True,58000.0,1242.0,49,24
2021,14432L,True,31090.0,1069.0,78,55
2021,14434L,True,65590.0,1685.0,39,19
2021,14435L,True,60150.0,1847.0,53,31
2021,14437L,True,30230.0,1482.0,43,21
2021,14444,True,71460.0,1021.0,0,0
2021,14445,True,90070.0,1353.0,39,19
2021,14446L,True,70090.0,1460.0,39,19
2021,14451L,True,80040.0,1140.0,39,19
2021,14456L,True,91070.0,2088.0,39,19
2021,14501L,True,55380.0,2450.0,0,0
2021,14521L,True,37930.0,1224.0,472,426
2021,14530,True,56730.0,1757.0,373,357
2021,14531L,True,106040.0,2975.0,165,150
2021,14538,True,102420.0,3426.0,100,85
2021,14601,True,33520.0,1417.0,830,672
2021,14602L,True,23020.0,1062.0,802,646
2021,14604L,True,47530.0,1988.0,764,643
2021,14607L,True,25200.0,1125.0,837,685
2021,14609,True,39100.0,1758.0,824,660
2021,14610L,True,30200.0,2137.0,716,651
2021,14615L,True,23750.0,1362.0,804,642
2021,14622L,True,34000.0,1810.0,773,620
2021,14631,True,27040.0,1422.0,711,610
2021,14632L,True,60040.0,1687.0,634,563
2021,14635,True,50040.0,1132.0,692,593
2021,14801L,True,17940.0,7130.0,81,66
2021,14803L,True,30040.0,2127.0,0,0
2021,14902L,True,137580.0,1452.0,0,0
2021,14919,True,155210.0,2143.0,6,3
2021,14920,True,120250.0,4354.0,3,0
2021,15102L,True,56480.0,1127.0,378,318
2021,15103,True,50000.0,2013.0,405,313
2021,15104L,True,28620.0,1754.0,373,275
2021,15107,True,48570.0,1432.0,414,330
2021,15108L,True,42740.0,1502.0,458,364
2021,15111,True,46840.0,2057.0,459,332
2021,15112L,True,22510.0,2482.0,424,295
2021,15115,True,33070.0,1646.0,449,308
2021,15117L,True,55070.0,1303.0,450,356
2021,15119,True,50290.0,7501.0,370,278
2021,15121,True,60110.0,3596.0,495,417
2021,15122L,True,25250.0,1604.0,479,399
2021,15125L,True,35850.0,1470.0,502,431
2021,15127L,True,35140.0,1175.0,530,465
2021,15129L,True,53360.0,1989.0,585,524
2021,15135,True,40860.0,1427.0,573,512
2021,15136L,True,75040.0,2275.0,519,465
2021,15141,True,54590.0,7317.0,418,290
2021,15142,True,90410.0,1892.0,656,598
2021,15201,True,80930.0,3484.0,402,294
2021,15202L,True,98790.0,3467.0,231,113
2021,15204,True,91480.0,4060.0,479,415
2021,15205L,True,84950.0,5237.0,237,176
2021,15208,True,80000.0,3108.0,6,0
2021,15303L,True,50640.0,2056.0,326,184
2021,15307L,True,28480.0,2801.0,436,289
2021,15309,True,22670.0,3527.0,421,263
2021,15310,True,31710.0,1283.0,379,222
2021,15312,True,25000.0,1236.0,363,219
2021,15315,True,22860.0,2565.0,456,304
2021,15316,True,28680.0,1837.0,440,269
2021,15317,True,22480.0,2968.0,394,228
2021,15318,True,16260.0,1275.0,336,194
2021,15321,True,32670.0,1681.0,463,304
2021,15322,True,25420.0,2827.0,462,297
2021,15327,True,29810.0,2039.0,385,234
2021,15328L,True,15000.0,1906.0,318,176
2021,15329,True,79590.0,1999.0,356,214
2021,15331,True,34320.0,2532.0,416,227
2021,15332,True,39000.0,1069.0,401,212
2021,15333,True,30040.0,1228.0,456,304
2021,15334,True,32540.0,2283.0,428,263
2021,15337,True,26390.0,2191.0,355,211
2021,15338,True,25070.0,2020.0,311,176
2021,15339,True,18820.0,1120.0,355,211
2021,15341L,True,59130.0,3919.0,233,100
2021,15342,True,50100.0,8084.0,262,126
2021,15343L,True,45870.0,1915.0,442,290
2021,15349,True,41180.0,1882.0,306,176
2021,15351L,True,50050.0,2310.0,429,293
2021,15353L,True,34550.0,1608.0,390,224
2021,15355,True,30130.0,2984.0,403,230
2021,15356,True,70040.0,4882.0,431,296
2021,15401L,True,54660.0,1244.0,353,167
2021,15409,True,31060.0,2406.0,0,0
2021,15411,True,27120.0,2270.0,345,156
2021,15413L,True,24950.0,1902.0,334,155
2021,15418L,True,25430.0,3309.0,6,0
2021,15501L,True,34760.0,2817.0,337,209
2021,15502L,True,25040.0,2162.0,227,124
2021,15503L,True,31820.0,2689.0,326,212
2021,15507,True,26040.0,5425.0,330,199
2021,15508L,True,61040.0,2372.0,394,217
2021,15514,True,30140.0,1084.0,325,202
2021,15515L,True,54390.0,2206.0,328,201
2021,15602,True,21160.0,7206.0,323,205
2021,15603,True,57590.0,2184.0,391,211
2021,15604,True,18830.0,1680.0,370,207
2021,15605L,True,35160.0,6621.0,439,226
2021,15606,True,101480.0,1294.0,370,207
2021,15607,True,37230.0,6882.0,300,200
2021,15608,True,22250.0,1524.0,274,194
2021,15609L,True,65090.0,2753.0,0,0
2021,15613,True,59080.0,9366.0,181,102
2021,15614,True,61110.0,8337.0,328,147
2021,15702,True,48850.0,1873.0,359,164
2021,15703,True,22480.0,1656.0,376,172
2021,15704,True,18580.0,1882.0,367,179
2021,15705L,True,100040.0,4107.0,299,143
2021,15708,True,66370.0,1406.0,257,116
2021,15709,True,46390.0,1420.0,284,119
2021,15710L,True,25170.0,2406.0,295,130
2021,15712L,True,67300.0,4862.0,317,141
2021,15715,True,47720.0,1894.0,412,189
2021,15716,True,41110.0,7032.0,330,162
2021,15717L,True,55000.0,4308.0,322,202
2021,15719,True,81420.0,3992.0,385,209
2021,15720,True,60040.0,4748.0,413,218
2021,15721,True,54610.0,4497.0,408,211
2021,15722,True,60040.0,1426.0,389,197
2021,15723,True,81980.0,3180.0,412,215
2021,16101,True,18980.0,4663.0,398,194
2021,16102,True,46970.0,2594.0,424,191
2021,16103L,True,29610.0,2185.0,343,112
2021,16107L,True,27000.0,1035.0,330,100
2021,16109L,True,36500.0,1523.0,314,99
2021,16111,True,43250.0,1108.0,301,98
2021,16113,True,41140.0,2072.0,289,94
2021,16114L,True,22140.0,1873.0,293,96
2021,16117,True,26000.0,1166.0,222,89
2021,16118,True,25570.0,3883.0,298,95
2021,16120L,True,23080.0,2951.0,380,186
2021,16126L,True,25530.0,1370.0,350,119
2021,16128L,True,15040.0,1148.0,342,112
2021,16129L,True,23920.0,1752.0,342,112
2021,16130,True,32300.0,1315.0,331,100
2021,16131L,True,40040.0,1808.0,339,150
2021,16143L,True,23040.0,1750.0,329,99
2021,16145,True,45080.0,2003.0,309,99
2021,16146,True,26250.0,2209.0,308,99
2021,16148L,True,24930.0,3538.0,191,77
2021,16151,True,15850.0,5299.0,179,77
2021,16152L,True,37990.0,5922.0,2,0
2021,16155L,True,49670.0,1654.0,197,80
2021,16159L,True,75610.0,2234.0,407,177
2021,16163,True,45540.0,2213.0,301,98
2021,16164L,True,23170.0,17073.0,312,100
2021,16181L,True,30210.0,1418.0,329,99
2021,16191,True,33940.0,4424.0,330,100
2021,16202L,True,53070.0,18774.0,10,0
2021,16305L,True,49680.0,3489.0,106,21
2021,16313L,True,24670.0,8747.0,115,21
2021,16315,True,36490.0,2911.0,82,21
2021,16316L,True,37290.0,6061.0,101,21
2021,16319,True,52020.0,4454.0,110,21
2021,16321L,True,63210.0,1769.0,110,21
2021,16332,True,21890.0,8069.0,141,18
2021,16333,True,25140.0,3821.0,113,21
2021,16336,True,28450.0,1573.0,110,21
2021,16402L,True,23890.0,6129.0,2,0
2021,16502,True,22070.0,7577.0,105,21
2021,16503L,True,22000.0,2889.0,99,21
2021,16504,True,21250.0,11585.0,109,21
2021,16508L,True,27340.0,2036.0,78,18
2021,16523,True,27050.0,1001.0,105,21
2021,16524,True,15040.0,8286.0,58,18
2021,16526,True,32710.0,1941.0,91,25
2021,16528,True,15700.0,3624.0,138,18
2021,16531,True,25140.0,5040.0,76,21
2021,16532,True,33330.0,4464.0,122,21
2021,16601L,True,25090.0,16972.0,205,36
2021,16603L,True,24100.0,7522.0,171,36
2021,16605L,True,27710.0,12140.0,96,38
2021,16701,True,64890.0,9073.0,86,0
2021,16702L,True,36830.0,6728.0,87,0
2021,16704,True,33210.0,5413.0,62,0
2021,16705,True,37040.0,9195.0,59,0
2021,16706,True,26280.0,15135.0,65,0
2021,16707,True,30570.0,1675.0,94,0
2021,16708L,True,23990.0,7216.0,0,0
2021,17113L,True,67580.0,1459.0,0,0
2021,17128L,True,86840.0,1204.0,10,3
2021,17134L,True,158290.0,2813.0,14,6
2021,17143L,True,106310.0,5875.0,10,0
2021,17152,True,103940.0,4059.0,8,6
2021,17154,True,136640.0,4807.0,18,6
2021,17201L,True,24800.0,1002.0,7,0
2021,17204,True,38810.0,12857.0,12,0
2021,17205L,True,43350.0,1051.0,18,0
2021,17206,True,25160.0,13309.0,20,0
2021,17208,True,21520.0,25224.0,14,0
2021,17210,True,24940.0,1298.0,10,0
2021,17302L,True,21820.0,11040.0,4,4
2021,17306L,True,31290.0,1342.0,117,45
2021,17312L,True,18660.0,1178.0,108,44
2021,17317,True,25170.0,3025.0,121,47
2021,17318L,True,20330.0,3850.0,0,0
2021,17320,True,20140.0,14942.0,95,44
2021,17321L,True,40000.0,1866.0,122,47
2021,17322L,True,30040.0,1414.0,123,47
2021,17326L,True,28460.0,2038.0,119,46
2021,17330L,True,29390.0,1555.0,64,26
2021,17333L,True,31670.0,1279.0,119,47
2021,17336,True,40400.0,8360.0,122,47
2021,17338L,True,28100.0,2067.0,123,47
2021,17344,True,39330.0,1771.0,110,45
2021,17376,True,26650.0,1712.0,117,45
2021,17379,True,23040.0,1162.0,117,45
2021,17402L,True,83300.0,1886.0,0,0
2021,17411,True,29500.0,5206.0,65,2
2021,17412,True,22390.0,19291.0,59,2
2021,17414L,True,64840.0,22461.0,77,25
2021,17415,True,63850.0,6897.0,82,25
2021,17417L,True,20040.0,12089.0,80,23
2021,17421,True,35170.0,2132.0,87,23
2021,17422L,True,31410.0,2375.0,99,28
2021,17423,True,32190.0,3287.0,91,23
2021,17424L,True,27040.0,1988.0,62,5
2021,17439,True,80000.0,2115.0,81,8
2021,17501L,True,90040.0,1117.0,19,7
2021,17502L,True,38460.0,7117.0,0,0
2021,17518,True,32040.0,3440.0,21,3
2021,18101L,True,209260.0,1503.0,19,0
2021,18206L,True,158400.0,2123.0,19,0
2021,18301L,True,125320.0,3501.0,0,0
2021,18405L,True,120090.0,1614.0,0,0
2021,19002L,True,185640.0,1492.0,0,0
2021,19103L,True,80890.0,2438.0,2,1
2021,19106L,True,169950.0,1724.0,1,0
2021,19205,True,233530.0,1208.0,5,3
2021,19206,True,110070.0,1869.0,10,8
2021,19207L,True,90000.0,2229.0,9,8
2021,19215L,True,126770.0,1328.0,7,7
2021,19218L,True,113890.0,1202.0,2,2
2021,19219,True,148540.0,3035.0,1,1
2021,19301L,True,201040.0,1592.0,0,0
2021,19502L,True,74000.0,1354.0,22,10
2021,19505L,True,62380.0,1557.0,22,10
2021,19513L,True,55680.0,4632.0,0,0
2021,19519L,True,28890.0,5777.0,20,8
2021,19603L,True,100560.0,1979.0,0,0
2021,19606,True,200050.0,1184.0,0,0
2021,19607,True,179370.0,1410.0,2,2
2021,19702L,True,47100.0,2790.0,0,0
2021,21105L,True,23750.0,1490.0,658,405
2021,21107L,True,20000.0,1716.0,891,595
2021,21108L,True,20000.0,1421.0,926,629
2021,21110,True,21070.0,1047.0,790,504
2021,21111L,True,20040.0,1223.0,851,564
2021,21112L,True,23240.0,1179.0,871,575
2021,21117L,True,45000.0,2575.0,844,671
2021,21119L,True,33000.0,1677.0,730,612
2021,21123L,True,25000.0,1336.0,710,630
2021,21201L,True,28210.0,1674.0,931,623
2021,21202L,True,41080.0,2152.0,681,413
2021,21205L,True,29630.0,2536.0,830,636
2021,21207L,True,20000.0,2012.0,791,601
2021,21212L,True,31120.0,1127.0,878,693
2021,21216L,True,32570.0,1126.0,849,681
2021,21217L,True,24660.0,1833.0,811,682
2021,21221,True,17310.0,2091.0,693,578
2021,21303L,True,65070.0,4475.0,422,205
2021,21304L,True,64920.0,7891.0,210,86
2021,21401L,True,22990.0,1354.0,714,641
2021,21405L,True,25040.0,1972.0,649,597
2021,21406L,True,33150.0,1544.0,726,636
2021,21501L,True,34340.0,2284.0,494,447
2021,21702,True,41740.0,1805.0,306,112
2021,21703,True,60790.0,1083.0,162,85
2021,22025L,True,21390.0,2157.0,1162,508
2021,22101,True,15100.0,1502.0,1117,430
2021,22102L,True,19170.0,1299.0,1227,478
2021,22104,True,20160.0,1293.0,1298,496
2021,22105L,True,20120.0,1584.0,1327,511
2021,22106L,True,18120.0,1260.0,1308,486
2021,22108L,True,39580.0,7921.0,620,330
2021,22109,True,64820.0,1061.0,1160,456
2021,22110L,True,23000.0,1537.0,1355,524
2021,22111,True,17930.0,1099.0,1344,523
2021,22113L,True,25060.0,1449.0,1485,637
2021,22114L,True,43070.0,1687.0,1246,516
2021,22115L,True,37540.0,1154.0,1260,525
2021,22117,True,26000.0,1440.0,1311,530
2021,22119,True,18040.0,1059.0,1392,562
2021,22121L,True,24170.0,1101.0,1122,519
2021,22125,True,21070.0,2149.0,1311,532
2021,22126,True,28000.0,1541.0,1479,668
2021,22128L,True,21040.0,1971.0,708,370
2021,22129L,True,19630.0,1617.0,825,432
2021,22131,True,18030.0,1434.0,1054,536
2021,22132,True,18480.0,1460.0,1025,523
2021,22135L,True,19000.0,1476.0,1274,594
2021,22137L,True,20400.0,1393.0,1434,714
2021,22142,True,24120.0,5717.0,980,502
2021,22143L,True,30140.0,1811.0,1095,522
2021,22146L,True,26060.0,1931.0,1181,570
2021,22150,True,22950.0,1388.0,1179,575
2021,22152L,True,28750.0,1696.0,1307,663
2021,22153L,True,20000.0,2153.0,1429,741
2021,22160L,True,23040.0,2059.0,833,405
2021,22167L,True,33120.0,1360.0,1212,625
2021,22170L,True,19540.0,1588.0,1400,754
2021,22173L,True,17070.0,2603.0,1462,769
2021,22177L,True,22050.0,4391.0,1054,525
2021,22179L,True,39750.0,1145.0,994,485
2021,22181L,True,16750.0,3044.0,1395,734
2021,22186L,True,30220.0,2506.0,784,357
2021,22190L,True,15720.0,2358.0,1449,748
2021,22197,True,20020.0,2174.0,901,443
2021,22198L,True,35070.0,2487.0,797,386
2021,22201L,True,23720.0,1760.0,1176,471
2021,22203L,True,27590.0,1579.0,1101,450
2021,22205L,True,29140.0,2099.0,779,361
2021,22206L,True,19640.0,1452.0,1383,662
2021,22212L,True,18040.0,1142.0,1364,700
2021,22215,True,18040.0,1977.0,1212,625
2021,22216L,True,25040.0,1585.0,853,387
2021,22219L,True,16570.0,3266.0,1417,749
2021,22221,True,11000.0,1284.0,1359,711
2021,22222,True,20150.0,1357.0,1059,531
2021,22226L,True,21290.0,1722.0,1203,602
2021,22506L,True,18540.0,2768.0,1122,512
2021,22507L,True,19850.0,2215.0,969,482
2021,22522L,True,14040.0,1301.0,700,336
2021,22534L,True,20040.0,1483.0,748,368
2021,22539L,True,21290.0,1439.0,864,471
2021,22541L,True,20040.0,1108.0,595,277
2021,22544L,True,22270.0,1031.0,789,419
2021,22548,True,30000.0,1213.0,577,273
2021,22549,True,18040.0,1614.0,620,297
2021,22550,True,27140.0,1446.0,549,258
2021,22551,True,18080.0,1560.0,611,294
2021,22552,True,23000.0,1180.0,518,229
2021,22553,True,13840.0,1479.0,588,284
2021,22554,True,21570.0,1190.0,520,234
2021,22555,True,21350.0,1357.0,570,277
2021,22556,True,24880.0,1252.0,636,331
2021,22557L,True,26850.0,1399.0,655,356
2021,22558L,True,22610.0,1333.0,697,378
2021,22562L,True,23830.0,1310.0,859,512
2021,22566L,True,23000.0,2377.0,717,404
2021,22570L,True,20540.0,1554.0,877,557
2021,22573L,True,18310.0,2389.0,758,447
2021,22584,True,29420.0,4170.0,903,464
2021,22587,True,35640.0,1686.0,1177,541
2021,22601L,True,36450.0,1301.0,945,380
2021,22604L,True,128620.0,3048.0,79,20
2021,22605L,True,69000.0,3005.0,504,246
2021,22610L,True,18310.0,1021.0,733,419
2021,22613L,True,20000.0,2265.0,600,344
2021,22702L,True,17500.0,1840.0,1254,623
2021,22704L,True,25050.0,2883.0,977,431
2021,22709L,True,15140.0,1643.0,1120,531
2021,22711L,True,19170.0,1901.0,982,437
2021,22713L,True,24040.0,1681.0,1149,540
2021,22721,True,29350.0,1916.0,1080,453
2021,22722,True,25040.0,1965.0,991,445
2021,22723,True,26710.0,2030.0,985,447
2021,22724,True,21560.0,1351.0,958,448
2021,22825,True,24540.0,4803.0,1148,500
2021,22826L,True,16780.0,1201.0,1245,543
2021,22828L,True,21130.0,1206.0,1190,504
2021,22830L,True,17040.0,1258.0,1209,531
2021,22834,True,16640.0,3516.0,964,469
2021,22835L,True,15250.0,1053.0,1157,519
2021,22837L,True,14170.0,1453.0,1158,498
2021,22901L,True,14040.0,1654.0,1410,721
2021,22904L,True,19000.0,1840.0,1382,697
2021,22907L,True,16000.0,1561.0,1336,684
2021,22908,True,20070.0,2371.0,1329,670
2021,22913,True,20140.0,3281.0,1284,612
2021,22917L,True,20000.0,1761.0,1260,570
2021,22918,True,20070.0,2031.0,1211,577
2021,22919L,True,22060.0,1343.0,1249,539
2021,23101L,True,68650.0,2197.0,472,178
2021,23102,True,79280.0,1636.0,246,120
2021,23103L,True,81550.0,2708.0,173,68
2021,23201L,True,85380.0,1193.0,681,338
2021,23207L,True,68000.0,2837.0,489,221
2021,23301L,True,83570.0,2292.0,215,87
2021,23303L,True,50140.0,1175.0,0,0
2021,23401L,True,74910.0,2819.0,240,57
2021,23412L,True,71810.0,1879.0,220,43
2021,23416,True,80920.0,1217.0,349,57
2021,23421,True,77690.0,3534.0,355,132
2021,23422,True,54610.0,1877.0,456,221
2021,23423L,True,56370.0,1395.0,450,219
2021,23425L,True,15410.0,1338.0,123,49
2021,23501,True,25540.0,2229.0,987,455
2021,23502L,True,28950.0,1668.0,952,434
2021,23504,True,58100.0,3073.0,812,381
2021,23505L,True,49000.0,3529.0,923,416
2021,23507,True,69320.0,2926.0,335,195
2021,23510L,True,117510.0,2627.0,539,264
2021,23608,True,22380.0,9322.0,391,181
2021,23609,True,20040.0,8195.0,53,20
2021,23610L,True,105000.0,2159.0,125,22
2021,23620L,True,48040.0,1152.0,464,172
2021,23623,True,35470.0,4936.0,71,35
2021,23624,True,60040.0,3570.0,182,66
2021,23701L,True,39940.0,6664.0,71,26
2021,23703L,True,21390.0,14805.0,60,13
2021,24101L,True,25110.0,2019.0,433,105
2021,24103L,True,23000.0,1758.0,442,105
2021,24104,True,19500.0,1025.0,459,105
2021,24106,True,27590.0,1149.0,448,93
2021,24107,True,23540.0,1000.0,437,92
2021,24108,True,49700.0,2922.0,429,88
2021,24109,True,31910.0,1177.0,376,75
2021,24110,True,33890.0,1114.0,467,119
2021,24111,True,37680.0,3649.0,311,48
2021,24112L,True,30340.0,2135.0,363,86
2021,24113,True,20730.0,9548.0,395,85
2021,24114L,True,31500.0,2067.0,403,86
2021,24115,True,27590.0,3675.0,365,88
2021,24117,True,33110.0,2055.0,417,85
2021,24119L,True,24210.0,1287.0,410,87
2021,24123,True,30100.0,1199.0,419,87
2021,24124L,True,32210.0,1011.0,463,94
2021,24126L,True,22900.0,2470.0,479,102
2021,24128L,True,22840.0,2062.0,592,141
2021,24201,True,52300.0,5884.0,413,105
2021,24202L,True,15890.0,3498.0,342,75
2021,24203,True,34480.0,2574.0,427,89
2021,24209L,True,19400.0,1498.0,298,49
2021,24211L,True,18830.0,1117.0,283,37
2021,24213L,True,20000.0,2092.0,281,33
2021,24228L,True,34040.0,7274.0,376,85
2021,24238,True,25040.0,1293.0,401,85
2021,24239,True,22020.0,1864.0,401,85
2021,24240,True,22000.0,2309.0,401,86
2021,24241L,True,20830.0,8527.0,401,86
2021,24243L,True,18210.0,1233.0,469,103
2021,24244L,True,20020.0,1182.0,527,125
2021,24246,True,17540.0,6666.0,407,92
2021,24250,True,26660.0,1742.0,510,123
2021,24301L,True,22540.0,1430.0,601,155
2021,24303L,True,21400.0,1469.0,548,136
2021,24304L,True,30320.0,1848.0,462,133
2021,24305L,True,39820.0,2442.0,534,135
2021,24310L,True,42040.0,2088.0,493,130
2021,24319L,True,22040.0,6663.0,486,152
2021,24324,True,19000.0,1330.0,347,142
2021,24325L,True,20040.0,1505.0,382,150
2021,24327L,True,20140.0,2383.0,440,181
2021,24330,True,23540.0,1941.0,429,189
2021,24331L,True,19000.0,1437.0,446,190
2021,24341L,True,21040.0,2126.0,448,167
2021,24346L,True,15380.0,7323.0,438,151
2021,24401L,True,22730.0,1130.0,517,119
2021,24402L,True,16000.0,1072.0,574,133
2021,24409L,True,31640.0,1917.0,534,136
2021,24416L,True,52570.0,1114.0,536,136
2021,24418L,True,60000.0,12758.0,480,131
2021,24421L,True,40200.0,1527.0,553,140
2021,24428,True,26840.0,2785.0,530,135
2021,24429,True,26320.0,1021.0,494,138
2021,24501L,True,22500.0,1147.0,454,201
2021,24506L,True,24710.0,3640.0,443,165
2021,24508,True,28490.0,2468.0,442,190
2021,24509,True,31140.0,4692.0,410,158
2021,24510,True,33000.0,4268.0,413,160
2021,24511,True,46140.0,3276.0,0,0
2021,24512,True,56360.0,4283.0,369,153
2021,24513,True,40000.0,4421.0,309,108
2021,24514,True,54000.0,2203.0,0,0
2021,24515,True,61420.0,4036.0,290,94
2021,24516,True,45390.0,3059.0,290,94
2021,24517,True,75550.0,1768.0,292,94
2021,24518,True,60700.0,5188.0,347,138
2021,24519,True,57000.0,1196.0,302,108
2021,24601L,True,84830.0,1586.0,309,105
2021,24603L,True,53360.0,1533.0,329,105
2021,24604L,True,14100.0,2774.0,295,105
2021,24610,True,84990.0,1871.0,318,57
2021,24611,True,11680.0,4942.0,421,92
2021,24612,True,71610.0,1168.0,322,42
2021,24613,True,72140.0,1668.0,321,105
2021,24615,True,35590.0,1243.0,301,105
2021,24703L,True,45950.0,4401.0,385,85
2021,24711L,True,18310.0,2004.0,270,34
2021,25101L,True,89420.0,15627.0,3,3
2021,25103L,True,73980.0,2716.0,0,0
2021,25203L,True,52040.0,1200.0,524,220
2021,25301L,True,70780.0,8566.0,516,308
2021,25303L,True,68370.0,2713.0,1212,589
2021,25305L,True,21990.0,9694.0,1115,544
2021,25306L,True,40100.0,3928.0,430,232
2021,25314,True,40560.0,7441.0,867,504
2021,25401L,True,75040.0,1770.0,158,95
2021,25409L,True,86240.0,7894.0,111,62
2021,25411L,True,89870.0,6332.0,255,186
2021,25413L,True,62140.0,1817.0,771,366
2021,25415L,True,85060.0,3378.0,460,277
2021,25501L,True,60190.0,19164.0,352,251
2021,25503L,True,52630.0,4569.0,393,266
2021,25506L,True,17640.0,19358.0,395,90
2021,25510,True,41670.0,1855.0,210,129
2021,25514,True,26040.0,16196.0,181,157
2021,25515,True,18420.0,3435.0,97,44
2021,25516,True,64670.0,5330.0,356,106
2021,26003L,True,46320.0,10547.0,184,165
2021,26004L,True,45410.0,1542.0,207,188
2021,26005,True,48940.0,1864.0,206,184
2021,26007L,True,49360.0,21794.0,114,95
2021,26008L,True,53090.0,6384.0,188,174
2021,26011L,True,35050.0,2070.0,81,60
2021,26101L,True,62070.0,1209.0,204,108
2021,26106L,True,25520.0,1440.0,408,267
2021,26116,True,14240.0,1031.0,467,244
2021,26117L,True,29140.0,1958.0,460,243
2021,26123,True,15240.0,3027.0,470,250
2021,26124,True,28380.0,1248.0,478,252
2021,26125,True,26270.0,1139.0,467,244
2021,26202,True,16800.0,18953.0,282,99
2021,26203L,True,19450.0,12521.0,50,6
2021,26206L,True,46600.0,3190.0,772,179
2021,26302L,True,13020.0,4719.0,452,73
2021,26310,True,18410.0,1463.0,759,211
2021,26311,True,14450.0,5659.0,709,219
2021,26312,True,15020.0,4540.0,439,169
2021,26313,True,17040.0,6021.0,691,206
2021,26314,True,16290.0,3844.0,561,216
2021,26315,True,19510.0,2567.0,394,187
2021,26316,True,19720.0,4349.0,844,270
2021,26317,True,29070.0,1107.0,589,156
2021,26318,True,15140.0,9143.0,508,108
2021,26319,True,19420.0,7809.0,160,55
2021,26320,True,75190.0,2155.0,6,0
2021,26321,True,75050.0,1515.0,0,0
2021,26401L,True,22100.0,1551.0,408,261
2021,26406,True,43070.0,1427.0,484,252
2021,26407,True,19300.0,1456.0,487,255
2021,26408,True,42070.0,1269.0,453,230
2021,26417L,True,14490.0,6692.0,613,259
2021,26420L,True,13730.0,15162.0,536,278
2021,26421,True,23480.0,1042.0,571,250
2021,26422L,True,33240.0,1801.0,485,236
2021,26424,True,30040.0,1369.0,550,215
2021,26425,True,11250.0,1537.0,503,192
2021,26428,True,17000.0,1291.0,656,178
2021,26429,True,23670.0,1200.0,614,157
2021,26433L,True,68290.0,1112.0,696,287
2021,26434,True,24860.0,10455.0,720,199
2021,26435L,True,14920.0,3429.0,739,201
2021,26437L,True,20310.0,4281.0,752,193
2021,26440,True,16040.0,1306.0,662,159
2021,26441L,True,30350.0,1956.0,771,190
2021,26443L,True,26040.0,1981.0,712,168
2021,26445,True,40040.0,1316.0,797,208
2021,26446,True,23170.0,1334.0,778,192
2021,26447L,True,28360.0,1773.0,776,192
2021,26449,True,18850.0,1402.0,836,224
2021,26450,True,19780.0,1247.0,842,227
2021,26451,True,35040.0,1073.0,820,212
2021,26452L,True,17620.0,1523.0,849,229
2021,26466,True,26910.0,1246.0,0,0
2021,26503L,True,20140.0,1665.0,829,227
2021,26508,True,18840.0,1436.0,840,230
2021,26509L,True,25320.0,2118.0,661,188
2021,26511,True,18600.0,1223.0,846,306
2021,26518L,True,31020.0,1887.0,839,230
2021,26520,True,13040.0,6283.0,0,0
2021,26521,True,18600.0,5625.0,811,244
2021,26601L,True,33580.0,1974.0,1038,392
2021,26602,True,18600.0,1270.0,952,321
2021,26603,True,27140.0,1628.0,948,304
2021,26604L,True,15500.0,2049.0,914,277
2021,26606,True,17390.0,1053.0,909,277
2021,26607,True,17580.0,1315.0,881,279
2021,26608,True,17630.0,1385.0,852,247
2021,26609,True,17440.0,1045.0,850,247
2021,26610,True,25750.0,1282.0,843,243
2021,26611,True,18570.0,1257.0,863,245
2021,26612,True,26470.0,1509.0,783,227
2021,26615L,True,15000.0,2373.0,1041,390
2021,26617L,True,19790.0,1496.0,978,335
2021,26619,True,14600.0,1404.0,955,303
2021,26620,True,15280.0,1100.0,916,265
2021,26621,True,15050.0,1147.0,908,273
2021,26622,True,16140.0,1201.0,908,273
2021,26623,True,18140.0,1039.0,857,247
2021,26624,True,18500.0,1058.0,875,249
2021,26625,True,17930.0,1161.0,862,243
2021,26626,True,13040.0,1091.0,874,247
2021,26628,True,12910.0,1040.0,1127,447
2021,26629,True,15150.0,1248.0,1174,457
2021,26630,True,14640.0,1706.0,1169,453
2021,26631,True,17430.0,1497.0,1005,351
2021,26632L,True,16000.0,1988.0,1003,352
2021,26634,True,16060.0,1541.0,972,318
2021,26635,True,16340.0,1776.0,961,307
2021,26636,True,17040.0,1668.0,926,284
2021,26637,True,16930.0,1433.0,907,284
2021,26638,True,20000.0,1014.0,904,284
2021,26639,True,22570.0,1445.0,839,250
2021,26640L,True,21990.0,4743.0,900,331
2021,26703,True,21440.0,1596.0,1177,436
2021,26704L,True,18220.0,2148.0,1146,417
2021,26706L,True,16640.0,2659.0,1017,339
2021,26709,True,17540.0,1829.0,1037,327
2021,26710,True,17050.0,1126.0,962,293
2021,26711,True,19180.0,1397.0,923,290
2021,26712L,True,15240.0,1322.0,867,277
2021,26715L,True,16040.0,2316.0,1235,489
2021,26717L,True,15140.0,1871.0,1142,425
2021,26719L,True,16970.0,1866.0,1096,375
2021,26721,True,17920.0,1250.0,1082,348
2021,26722,True,16950.0,1632.0,1017,309
2021,26723L,True,27040.0,1571.0,952,287
2021,26724,True,22040.0,2044.0,906,285
2021,26725L,True,19520.0,1553.0,1248,506
2021,26728L,True,17040.0,1882.0,1234,486
2021,26729,True,21250.0,1194.0,1109,357
2021,26730,True,16460.0,1508.0,1076,336
2021,26734,True,20000.0,1188.0,1236,452
2021,26735L,True,19520.0,1727.0,1119,366
2021,26737,True,31140.0,1680.0,992,300
2021,26738L,True,30000.0,1822.0,1273,456
2021,26802L,True,94460.0,2096.0,73,61
2021,26807,True,16040.0,2668.0,243,115
2021,26808L,True,92140.0,1656.0,249,129
2021,26812L,True,14620.0,2419.0,654,272
2021,26819L,True,82290.0,2345.0,336,177
2021,26832,True,74040.0,4043.0,87,60
2021,26833,True,15850.0,6389.0,122,66
2021,26834,True,82210.0,1777.0,74,59
2021,26835,True,106390.0,1829.0,57,42
2021,26901L,True,25190.0,10779.0,0,0
2021,27101L,True,91250.0,1540.0,0,0
2021,27102,True,65870.0,1054.0,42,35
2021,27104,True,107240.0,2197.0,48,41
2021,27105L,True,140110.0,1752.0,9,1
2021,27107L,True,88100.0,2204.0,53,40
2021,27132L,True,91450.0,1820.0,91,40
2021,27137L,True,98500.0,1522.0,208,75
2021,27140L,True,41190.0,1099.0,261,121
2021,27145,True,100500.0,1707.0,191,62
2021,27146L,True,68060.0,2016.0,251,90
2021,27201L,True,75500.0,1654.0,68,49
2021,27203,True,135250.0,1558.0,76,49
2021,27204,True,60420.0,1534.0,70,49
2021,27205L,True,32770.0,1241.0,111,84
2021,27207,True,89000.0,2168.0,70,49
2021,27208L,True,116670.0,1860.0,100,63
2021,28002L,True,13090.0,8977.0,223,130
2021,28009,True,21960.0,1662.0,245,171
2021,28010L,True,31880.0,14847.0,224,146
2021,28017L,True,47280.0,13362.0,408,234
2021,28102L,True,15950.0,3183.0,78,4
2021,28103L,True,22160.0,27674.0,81,33
2021,28105L,True,30240.0,10048.0,182,52
2021,28109,True,20840.0,8800.0,157,52
2021,28110,True,36310.0,1442.0,214,83
2021,28111,True,25310.0,13034.0,135,37
2021,28112L,True,17680.0,1925.0,265,88
2021,28113,True,24520.0,7253.0,308,116
2021,28116L,True,17890.0,12224.0,254,68
2021,28120,True,20000.0,1007.0,304,116
2021,28121,True,21820.0,1046.0,275,80
2021,28122,True,35020.0,4190.0,342,135
2021,28123L,True,65550.0,4473.0,399,116
2021,28128L,True,35420.0,9020.0,254,66
2021,28129L,True,37230.0,7576.0,43,3
2021,28130,True,20070.0,16079.0,278,104
2021,28131,True,27010.0,8550.0,0,0
2021,28132,True,62780.0,7235.0,222,74
2021,28135,True,16920.0,14349.0,217,52
2021,28136,True,29720.0,2035.0,139,4
2021,28137,True,22480.0,18115.0,92,4
2021,28139L,True,26650.0,4394.0,197,86
2021,28141,True,20050.0,3933.0,181,83
2021,28143,True,24600.0,2744.0,83,36
2021,28207,True,20170.0,3161.0,114,49
2021,28209,True,30010.0,3164.0,290,88
2021,28210,True,20300.0,4519.0,229,89
2021,28213L,True,30430.0,10099.0,1,0
2021,28215L,True,28770.0,7910.0,128,49
2021,28218L,True,20400.0,9711.0,152,49
2021,28220L,True,33830.0,1776.0,0,0
2021,28221,True,21970.0,3572.0,76,49
2021,28222,True,22170.0,4064.0,145,49
2021,28223L,True,21760.0,5746.0,151,64
2021,28302L,True,21820.0,7461.0,307,80
2021,28307L,True,17810.0,4741.0,0,0
2021,28317L,True,50020.0,1413.0,371,99
2021,28321,True,15620.0,4692.0,424,161
2021,28322,True,25050.0,1308.0,455,156
2021,28323,True,25000.0,4986.0,402,99
2021,28325,True,19260.0,6625.0,392,107
2021,28326,True,40190.0,3940.0,419,127
2021,28327,True,19770.0,7908.0,430,144
2021,28328L,True,19000.0,10555.0,428,156
2021,28329L,True,11420.0,2463.0,0,0
2021,28332L,True,10320.0,2441.0,383,116
2021,28335,True,20040.0,3113.0,372,121
2021,28401L,True,14510.0,1887.0,337,67
2021,28403L,True,16260.0,1952.0,387,103
2021,28407L,True,19000.0,2365.0,420,107
2021,28418L,True,25840.0,1574.0,391,114
2021,28420,True,31390.0,3139.0,384,107
2021,28421L,True,20000.0,1680.0,341,95
2021,28423,True,26030.0,1165.0,385,117
2021,28425L,True,31090.0,1763.0,0,0
2021,28427,True,70000.0,3264.0,357,125
2021,28502L,True,38170.0,1597.0,397,123
2021,28505L,True,23670.0,1724.0,329,133
2021,28508,True,23040.0,1021.0,370,90
2021,28509L,True,19130.0,1793.0,421,106
2021,28511,True,21290.0,1237.0,413,102
2021,28512,True,23770.0,1664.0,402,91
2021,28513L,True,21250.0,1137.0,374,91
2021,28516L,True,20180.0,2303.0,293,104
2021,28519L,True,23600.0,1474.0,295,104
2021,28521L,True,20060.0,1669.0,395,105
2021,28607L,True,15240.0,18864.0,0,0
2021,28613L,True,49300.0,1310.0,378,92
2021,28614L,True,15230.0,11985.0,63,37
2021,28627,True,66980.0,1739.0,167,36
2021,28628,True,58090.0,1490.0,161,15
2021,28629,True,65540.0,2116.0,128,19
2021,28630,True,40040.0,1103.0,129,10
2021,28631L,True,49300.0,1510.0,9,3
2021,28638,True,36040.0,2458.0,192,19
2021,28701,True,16800.0,17972.0,197,85
2021,28804L,True,64600.0,7270.0,0,0
2021,28806L,True,25040.0,4050.0,28,18
2021,28808,True,25440.0,4237.0,0,0
2021,28809,True,22670.0,12309.0,71,18
2021,28810,True,22420.0,10539.0,46,18
2021,28811L,True,42040.0,4837.0,66,37
2021,28813L,True,41460.0,1538.0,45,20
2021,28815,True,41180.0,5735.0,40,20
2021,28817,True,31550.0,1933.0,10,4
2021,28818,True,29340.0,4947.0,0,0
2021,28819,True,16750.0,5630.0,56,4
2021,28821,True,71480.0,1319.0,13,4
2021,29001L,True,62220.0,6341.0,158,132
2021,29003L,True,65070.0,4922.0,262,226
2021,29006,True,55040.0,13541.0,315,289
2021,29007L,True,22330.0,1757.0,30,30
2021,29009,True,60000.0,4255.0,293,267
2021,29014L,True,17550.0,21886.0,146,120
2021,29101,True,19250.0,12009.0,79,24
2021,29102L,True,38500.0,4303.0,14,14
2021,29105,True,17050.0,11661.0,208,81
2021,29106,True,32000.0,20433.0,265,133
2021,29107L,True,18500.0,14370.0,0,0
2021,29115,True,16000.0,11491.0,239,117
2021,29117,True,15400.0,13653.0,93,23
2021,29201,True,19960.0,24975.0,9,0
2021,29202L,True,17600.0,18254.0,20,0
2021,29209,True,16510.0,7195.0,18,0
2021,29210,True,19850.0,11998.0,16,0
2021,29211L,True,28290.0,3947.0,18,0
2021,29212,True,60560.0,7297.0,16,0
2021,29301,True,28070.0,19260.0,62,2
2021,29302,True,22020.0,8584.0,23,0
2021,29303,True,17630.0,16402.0,21,0
2021,29306,True,24070.0,22438.0,15,0
2021,29307,True,19030.0,14531.0,23,0
2021,29308L,True,16380.0,23640.0,0,0
2021,29401,True,36860.0,1238.0,157,10
2021,29403L,True,25020.0,2895.0,0,0
2021,29405,True,32180.0,4106.0,201,66
2021,29406,True,16730.0,1441.0,445,288
2021,29407L,True,18820.0,1101.0,481,323
2021,29408,True,17920.0,5912.0,422,204
2021,29409,True,31390.0,1353.0,271,136
2021,29410,True,20130.0,2464.0,432,292
2021,29411,True,15940.0,1114.0,500,349
2021,29412,True,20040.0,2493.0,485,333
2021,29414,True,14620.0,1183.0,484,329
2021,29415,True,15410.0,4318.0,398,256
2021,29416,True,23540.0,12249.0,396,249
2021,29419L,True,17220.0,20532.0,38,2
2021,29420L,True,27710.0,4656.0,483,273
2021,29422,True,18940.0,5915.0,565,415
2021,29423,False,18110.0,1038.0,0,0
2021,29424L,True,18240.0,2851.0,530,389
2021,29427L,True,18750.0,1852.0,525,373
2021,29432,True,32040.0,3197.0,490,341
2021,29433,True,19920.0,2175.0,553,397
2021,29434L,True,20130.0,2141.0,569,401
2021,29436L,True,17750.0,1403.0,514,362
2021,29439,True,30000.0,3845.0,539,375
2021,29440,True,25000.0,1005.0,531,390
2021,29441L,True,23120.0,4615.0,561,407
2021,29445L,True,27070.0,4936.0,602,429
2021,29448,True,20250.0,1378.0,509,351
2021,29449L,True,13850.0,16724.0,344,164
2021,29452,True,29670.0,3154.0,281,144
2021,29453,True,15070.0,22140.0,0,0
2021,29454L,True,28210.0,3204.0,239,27
2021,29455,True,34430.0,4436.0,217,77
2021,29456,True,12540.0,1702.0,0,0
2021,29457,True,58070.0,1812.0,164,11
2021,29458,True,23140.0,4143.0,353,200
2021,29702,True,37520.0,4867.0,0,0
2021,29703,True,61050.0,1490.0,394,291
2021,29705,True,36960.0,4928.0,316,265
2021,29706,True,21290.0,8613.0,94,71
2021,29707L,True,17540.0,7923.0,58,36
2021,29711,True,19450.0,6456.0,92,70
2021,29712L,True,20560.0,8476.0,96,70
2021,29717,True,50310.0,6063.0,0,0
2021,29719L,True,34170.0,7332.0,59,40
2021,29721,True,22090.0,10725.0,62,40
2021,29722L,True,20470.0,6488.0,0,0
2021,29723,True,30200.0,3904.0,64,30
2021,29725,True,32140.0,2236.0,115,70
2021,29726,True,30040.0,1377.0,91,68
2021,29727,True,14040.0,5221.0,62,40
2021,29728,True,33450.0,5035.0,92,70
2021,29729,True,20510.0,7318.0,10,10
2021,29802L,True,35630.0,21517.0,85,60
2021,29809,True,65270.0,2765.0,80,54
2021,29818L,True,32900.0,13218.0,83,58
2021,29822,True,20040.0,9692.0,80,54
2021,29823,True,32440.0,4676.0,75,58
2021,29824,True,22070.0,1574.0,80,54
2021,29825L,True,29040.0,2537.0,76,54
2021,31001L,True,18730.0,1662.0,2,2
2021,32001L,True,60020.0,7823.0,0,0
2021,32105L,True,29480.0,2474.0,3,0
2021,32108L,True,40580.0,2205.0,2,0
2021,32112,True,28870.0,1600.0,156,93
2021,32113,True,29020.0,1218.0,50,40
2021,32202L,True,45140.0,3399.0,24,24
2021,32303L,True,41680.0,8050.0,227,127
2021,32307L,True,50140.0,8989.0,562,251
2021,32319L,True,31900.0,19751.0,0,0
2021,32325,True,29040.0,2782.0,138,83
2021,32327L,True,37790.0,6826.0,96,67
2021,32330L,True,47070.0,12886.0,69,45
2021,32332L,True,57500.0,2139.0,120,91
2021,32333,True,50090.0,7631.0,52,35
2021,32334,True,57500.0,3982.0,22,10
2021,32335L,True,49110.0,2101.0,22,10
2021,32337L,True,40130.0,3197.0,0,0
2021,32404L,True,14630.0,1072.0,424,183
2021,32405,True,15570.0,7192.0,658,279
2021,32406,True,21140.0,4155.0,685,280
2021,32407,True,17500.0,1918.0,650,275
2021,32408L,True,13820.0,2147.0,676,293
2021,32410,True,18530.0,1864.0,679,271
2021,32411,True,32330.0,1206.0,676,268
2021,32412,True,18110.0,4869.0,681,281
2021,32415,True,28140.0,3533.0,535,165
2021,32417,True,21300.0,5680.0,663,295
2021,32418L,True,39130.0,1344.0,666,301
2021,32422,True,23520.0,9540.0,693,295
2021,32425L,True,36490.0,2374.0,535,168
2021,32433,True,33230.0,1244.0,603,239
2021,32434L,True,30150.0,3615.0,670,266
2021,32435,True,40040.0,10466.0,551,167
2021,32437,True,20900.0,1496.0,614,208
2021,32438L,True,19040.0,1172.0,641,237
2021,32440,True,18040.0,2238.0,619,215
2021,32441,True,28640.0,2696.0,622,220
2021,32443,True,42630.0,16509.0,194,85
2021,32444,True,44870.0,2521.0,529,174
2021,32445,True,61910.0,2298.0,9,0
2021,32446,True,20320.0,3533.0,582,245
2021,32447,True,70000.0,6218.0,494,188
2021,32451,True,17250.0,1989.0,613,209
2021,32452L,True,60500.0,3598.0,627,249
2021,32454,True,50170.0,7337.0,521,168
2021,32455,True,29730.0,2664.0,487,118
2021,32503L,True,22700.0,5159.0,12,0
2021,32505,True,19920.0,27893.0,30,0
2021,32508L,True,21940.0,1804.0,136,1
2021,32509L,True,46120.0,2374.0,178,66
2021,32511,True,49990.0,2433.0,165,4
2021,32516,True,17480.0,15874.0,302,92
2021,32601,True,23190.0,2461.0,477,142
2021,32602L,True,21630.0,11626.0,450,116
2021,32603,True,20040.0,5734.0,213,36
2021,32604,True,19910.0,6223.0,295,61
2021,32605,True,20500.0,13164.0,270,101
2021,32608,True,28510.0,8651.0,256,60
2021,32609,True,40090.0,2104.0,395,218
2021,32610,True,24890.0,6613.0,374,186
2021,32611,True,19040.0,39767.0,18,0
2021,32612L,True,40780.0,3617.0,309,216
2021,32613,True,26040.0,5285.0,315,222
2021,32615,True,20140.0,17190.0,1,0
2021,32617L,True,31870.0,1607.0,246,164
2021,32621,True,19050.0,22846.0,204,34
2021,32625,True,40440.0,4432.0,306,209
2021,32626,True,16350.0,2377.0,311,214
2021,32630,True,23280.0,3145.0,48,0
2021,32702L,True,23670.0,17372.0,31,0
2021,32704,True,22430.0,16322.0,229,35
2021,32706,True,23510.0,4415.0,231,59
2021,32707L,True,44320.0,6663.0,1,0
2021,32708,True,19110.0,17370.0,151,6
2021,32710,True,18990.0,14535.0,34,2
2021,32714L,True,20050.0,7006.0,272,57
2021,32716,True,49130.0,3709.0,266,54
2021,32717,True,21820.0,16160.0,147,0
2021,32718,True,15340.0,1943.0,161,6
2021,32722,True,28000.0,1317.0,5,4
2021,32802L,True,41040.0,2030.0,395,223
2021,32803,True,21620.0,8198.0,7,6
2021,32804L,True,50790.0,6891.0,0,0
2021,32805L,True,19320.0,6817.0,9,0
2021,32806,True,18500.0,11983.0,18,3
2021,32816,True,23170.0,1661.0,13,1
2021,32817L,True,13440.0,1890.0,38,19
2021,32820,True,31730.0,12019.0,72,53
2021,32824,True,0.0,1010.0,1,0
2021,32825,True,63040.0,1789.0,72,53
2021,33501L,True,29390.0,1766.0,20,0
2021,33503L,True,62150.0,10639.0,21,0
2021,33504,True,54780.0,3946.0,21,0
2021,33505,True,46560.0,3937.0,20,0
2021,33506L,True,47390.0,4525.0,19,0
2021,33601L,True,40040.0,1335.0,3,0
2021,33603L,True,37080.0,8861.0,0,0
2021,35001,True,21710.0,15019.0,57,29
2021,35002,True,29920.0,6334.0,24,7
2021,35003L,True,35070.0,2674.0,0,0
2021,35004L,True,40210.0,11379.0,44,14
2021,35007L,True,28250.0,2464.0,62,25
2021,35008L,True,45670.0,4342.0,95,60
2021,35009L,True,50050.0,4497.0,2,2
2021,35018L,True,37090.0,4915.0,23,16
2021,35038L,True,17660.0,20645.0,68,31
2021,35041,True,28170.0,1762.0,71,36
2021,35043L,True,23790.0,4895.0,123,57
2021,35045,True,21230.0,4309.0,49,18
2021,35046,True,44290.0,2747.0,96,62
2021,35050,True,32400.0,2362.0,93,61
2021,35051L,True,60560.0,3395.0,93,62
2021,35053,True,60250.0,9179.0,83,57
2021,35055,True,36060.0,5162.0,1,1
2021,35101L,True,62210.0,8299.0,95,44
2021,35103,True,23220.0,10094.0,0,0
2021,35104,True,23430.0,12377.0,0,0
2021,35105,True,34500.0,6010.0,88,46
2021,35106,True,22950.0,9498.0,89,46
2021,35107L,True,21600.0,11614.0,1,0
2021,35118,True,20850.0,12913.0,8,7
2021,35119L,True,52090.0,2696.0,0,0
2021,41101L,True,31910.0,1385.0,0,0
2021,42101L,True,40050.0,6422.0,0,0
2021,42203,True,15800.0,23906.0,94,11
2021,42204,True,21590.0,1936.0,94,11
2021,42205L,True,35070.0,12513.0,109,26
2021,42209,True,31990.0,9169.0,49,1
2021,42210L,True,30460.0,9240.0,74,17
2021,42224,True,20040.0,4652.0,103,11
2021,42225,True,45920.0,10280.0,94,11
2021,42226,True,22600.0,6193.0,94,11
2021,42303,True,28200.0,10959.0,49,1
2021,42304L,True,18040.0,1846.0,4,4
2021,42309L,True,44000.0,4418.0,218,50
2021,42317L,True,34980.0,9325.0,247,82
2021,42328,True,28850.0,4606.0,265,71
2021,42334L,True,17820.0,20846.0,0,0
2021,42336L,True,14350.0,19043.0,179,50
2021,42338,True,26540.0,10547.0,71,16
2021,42340L,True,32060.0,5894.0,222,47
2021,42341L,True,36960.0,1789.0,48,10
2021,42343,True,0.0,2473.0,72,16
2021,42344L,True,24770.0,11311.0,22,8
2021,42346L,True,23450.0,24811.0,35,0
2021,42349L,True,33340.0,1190.0,4,0
2021,42354,True,20270.0,3145.0,51,6
2021,42358,True,23140.0,14017.0,68,16
2021,42360L,True,9630.0,10896.0,37,2
2021,42362,True,35710.0,5588.0,100,16
2021,42363L,True,34150.0,2158.0,47,10
2021,42365,True,17040.0,13717.0,12,8
2021,42367L,True,37350.0,2297.0,37,2
2021,42404L,True,27860.0,2556.0,350,121
2021,42405L,True,22000.0,2805.0,340,102
2021,42411,True,17540.0,2202.0,348,122
2021,42412,True,27350.0,1919.0,310,111
2021,42413,True,26150.0,1880.0,353,124
2021,42415L,True,53040.0,5104.0,278,112
2021,42418,True,26930.0,3162.0,276,92
2021,42419L,True,21900.0,5939.0,209,65
2021,42421,True,33040.0,3320.0,160,55
2021,42422,True,16640.0,14818.0,204,70
2021,42423,True,20470.0,24464.0,167,55
2021,42424L,True,26450.0,8750.0,57,19
2021,42426L,True,45600.0,6258.0,57,20
2021,42430L,True,30560.0,11829.0,115,35
2021,42431,True,32480.0,8693.0,300,119
2021,42502,True,45250.0,1530.0,130,2
2021,42504L,True,21500.0,6007.0,66,0
2021,42505L,True,38070.0,1369.0,95,1
2021,42506L,True,27550.0,1805.0,36,0
2021,42507L,True,18100.0,1845.0,307,93
2021,42510L,True,46700.0,1860.0,135,55
2021,42511,True,37980.0,7501.0,168,63
2021,42512L,True,33650.0,1201.0,7,1
2021,42513,True,19400.0,4554.0,100,31
2021,42514,True,40040.0,4492.0,55,19
2021,42516L,True,60000.0,1004.0,7,1
2021,42520L,True,47770.0,2056.0,6,1
2021,42523,True,34040.0,1857.0,6,1
2021,42527L,True,25970.0,17042.0,0,0
2021,42529L,True,42190.0,4668.0,25,2
2021,42539,True,33040.0,4260.0,128,5
2021,42540,True,32200.0,7405.0,194,27
2021,42547,True,50040.0,2345.0,31,2
2021,42601L,True,46830.0,1831.0,11,10
2021,42606,True,45150.0,2342.0,1,0
2021,42609,True,32120.0,3228.0,11,10
2021,42610L,True,32170.0,1938.0,12,10
2021,42612,True,44450.0,1122.0,0,0
2021,42614L,True,60040.0,2266.0,2,0
2021,42617,True,37340.0,2048.0,1,0
2021,42621,True,43150.0,1688.0,1,1
2021,42623,True,47140.0,1688.0,2,0
2021,42625L,True,56700.0,1408.0,2,0
2021,42631,True,40170.0,4182.0,11,10
2021,42708L,True,31700.0,1000.0,0,0
2021,42715,True,25080.0,1835.0,1,0
2021,42718,True,65170.0,2238.0,0,0
2021,43101L,True,32660.0,2426.0,0,0
2021,44101,True,30150.0,4857.0,15,0
2021,44102L,True,20040.0,1269.0,15,0
2021,44104L,True,30260.0,5005.0,0,0
2021,44114L,True,38020.0,3848.0,29,2
2021,44116L,True,43140.0,1767.0,31,2
2021,44119L,True,38500.0,4510.0,31,0
2021,44203L,True,35000.0,5122.0,3,0
2021,44204L,True,32890.0,1387.0,14,0
2021,44206L,True,31580.0,1840.0,7,7
2021,51002L,True,22770.0,10815.0,32,30
2021,51004,True,23930.0,27148.0,128,49
2021,51005,True,34130.0,9041.0,154,43
2021,51006L,True,32810.0,18952.0,133,23
2021,51008,True,22590.0,29929.0,161,46
2021,51009L,True,38860.0,7416.0,135,49
2021,51010L,True,38480.0,4707.0,162,51
2021,51013,True,32040.0,3883.0,154,79
2021,51014,True,31250.0,17239.0,81,79
2021,51017L,True,20000.0,10368.0,119,32
2021,51021,True,33810.0,10309.0,71,61
2021,51022,True,34080.0,6295.0,70,64
2021,51023L,True,39950.0,6086.0,66,65
2021,51025,True,11820.0,10794.0,52,49
2021,51026,True,25170.0,26632.0,94,83
2021,51027,True,16390.0,9481.0,87,84
2021,51028,True,16500.0,6441.0,85,82
2021,51029L,True,22950.0,11405.0,58,47
2021,51031L,True,28540.0,11804.0,70,59
2021,51033L,True,30800.0,4030.0,91,80
2021,51037,True,27260.0,13831.0,64,53
2021,51038L,True,28920.0,21125.0,3,3
2021,51101,True,29110.0,1448.0,5,0
2021,51102,True,33570.0,1334.0,4,0
2021,51103L,True,31040.0,1304.0,80,14
2021,51105L,True,29430.0,1595.0,0,0
2021,51108L,True,32480.0,2140.0,3,0
2021,51111L,True,33790.0,1083.0,0,0
2021,51201L,True,30050.0,1964.0,27,0
2021,51203L,True,28090.0,2121.0,5,0
2021,51205,True,29850.0,1059.0,0,0
2021,51207,True,33790.0,1785.0,40,0
2021,51212,True,29040.0,2252.0,38,0
2021,51213L,True,30650.0,1216.0,32,0
2021,51217L,True,31490.0,2112.0,0,0
2021,51301L,True,22000.0,2281.0,0,0
2021,51402L,True,23540.0,2094.0,2,0
2021,51403L,True,25240.0,1687.0,0,0
2021,51414,True,19560.0,1274.0,0,0
2021,51501,True,15170.0,11851.0,39,0
2021,51502,True,38370.0,1907.0,40,0
2021,51503L,True,21690.0,2738.0,13,0
2021,51519,True,34400.0,6654.0,118,5
2021,51601L,True,25760.0,1857.0,0,0
2021,51603,True,19470.0,1747.0,1,0
2021,51701L,True,24770.0,1394.0,14,13
2021,51710L,True,20030.0,2283.0,122,5
2021,51711L,True,43370.0,2952.0,21,3
2021,51717,True,25500.0,1990.0,9,3
2021,51848L,True,28350.0,3205.0,1,0
2021,51901L,True,40070.0,3726.0,0,0
2021,51902L,True,34150.0,1968.0,9,3
2021,51904,True,45140.0,3948.0,39,0
2021,51905,True,50000.0,1667.0,9,3
2021,51910,True,45000.0,2182.0,39,0
2021,51911L,True,34840.0,1929.0,39,0
2021,52101L,True,25990.0,3516.0,5,4
2021,52106L,True,42170.0,1395.0,24,19
2021,52108,True,26380.0,1027.0,20,15
2021,52109,True,29570.0,1828.0,18,13
2021,52110L,True,20540.0,2141.0,21,17
2021,52113,True,50040.0,1707.0,18,13
2021,52201L,True,26840.0,1610.0,0,0
2021,52202,True,18130.0,1046.0,4,3
2021,52204L,True,28150.0,1201.0,0,0
2021,52205,True,42640.0,2009.0,3,2
2021,52206,True,31680.0,4075.0,3,2
2021,52207L,True,32700.0,1511.0,1,0
2021,52208,True,32200.0,4229.0,3,2
2021,52209,True,40170.0,1174.0,3,2
2021,52210L,True,31520.0,1507.0,4,3
2021,52211,True,27740.0,2595.0,3,2
2021,52212L,True,23380.0,2142.0,1,0
2021,52215,True,25330.0,1545.0,4,2
2021,52302,True,25140.0,1150.0,4,2
2021,52303,True,40170.0,1442.0,7,5
2021,52309,True,24140.0,2098.0,3,2
2021,52310L,True,36050.0,1642.0,0,0
2021,52313,True,15280.0,1424.0,0,0
2021,52314L,True,18820.0,1671.0,48,0
2021,52315,True,16710.0,3171.0,0,0
2021,52322,True,24290.0,1476.0,0,0
2021,52401L,True,21290.0,1662.0,682,222
2021,52402,True,32720.0,3789.0,721,239
2021,52403L,True,30670.0,1199.0,550,172
2021,52404,True,21000.0,3214.0,724,240
2021,52405,True,25040.0,3007.0,707,227
2021,52406,True,25120.0,1502.0,725,240
2021,52408,True,23040.0,1005.0,682,222
2021,52409,True,18500.0,1234.0,686,222
2021,52410,True,19140.0,1709.0,716,228
2021,52411L,True,25850.0,3779.0,649,226
2021,52412,True,23070.0,2098.0,681,208
2021,52413,True,25120.0,1914.0,678,226
2021,52415,True,20040.0,1598.0,586,218
2021,52417,True,25040.0,1439.0,630,216
2021,52418,True,25860.0,2635.0,638,219
2021,52419L,True,24040.0,3630.0,530,195
2021,52423L,True,24190.0,1157.0,659,195
2021,52425,True,18040.0,2041.0,655,192
2021,52426,True,50040.0,9994.0,334,70
2021,52427,True,23190.0,2873.0,667,215
2021,52428,True,55020.0,4560.0,344,51
2021,52429,True,34170.0,2562.0,457,133
2021,52430,True,30000.0,5520.0,183,43
2021,52431L,True,42880.0,4963.0,124,50
2021,52438,True,40040.0,2795.0,518,185
2021,52439,True,19220.0,2356.0,669,208
2021,52440,True,47500.0,1252.0,570,163
2021,52501L,True,26500.0,1678.0,2,0
2021,52601L,True,40270.0,6770.0,0,0
2021,52605,True,45270.0,2463.0,6,6
2021,52606L,True,23000.0,1410.0,1,0
2021,52701L,True,44140.0,1979.0,273,81
2021,52702,True,16400.0,5834.0,433,161
2021,52704,True,25230.0,2271.0,599,202
2021,52705L,True,22110.0,2674.0,629,211
2021,52707L,True,41750.0,1942.0,387,164
2021,52710,True,43520.0,4747.0,192,37
2021,52711,True,30040.0,2123.0,460,171
2021,52712L,True,21390.0,22782.0,365,110
2021,52713,True,24900.0,4719.0,532,185
2021,52714,True,30790.0,4821.0,600,193
2021,52716L,True,23700.0,1245.0,291,90
2021,52719L,True,45000.0,6165.0,197,105
2021,52722,True,30740.0,2471.0,532,175
2021,52723,True,43270.0,2717.0,383,168
2021,52801L,True,27620.0,5568.0,0,0
2021,52901,True,41240.0,8473.0,158,33
2021,52902L,True,32400.0,2148.0,539,189
2021,52903L,True,28280.0,1399.0,462,175
2021,52904,True,51120.0,4099.0,496,193
2021,52907,True,45150.0,4644.0,0,0
2021,52908,True,32850.0,1613.0,225,46
2021,53101L,True,26440.0,1558.0,0,0
2021,53102L,True,15800.0,1159.0,2,0
2021,53103L,True,28080.0,1088.0,4,1
2021,53104L,True,40000.0,3043.0,2,1
2021,53108,True,32540.0,1869.0,3,1
2021,53109,True,40100.0,1401.0,2,1
2021,53111L,True,32840.0,1928.0,0,0
2021,53114,True,34050.0,2241.0,2,1
2021,53119L,True,27750.0,1756.0,0,0
2021,53124L,True,39040.0,3359.0,2,0
2021,53201L,True,19750.0,1742.0,3,0
2021,53203,True,35340.0,1026.0,0,0
2021,53204,True,28140.0,1855.0,0,0
2021,53206L,True,19480.0,2662.0,3,0
2021,53207L,True,27280.0,2999.0,4,0
2021,53214L,True,43170.0,1603.0,0,0
2021,53216L,True,39000.0,1142.0,0,0
2021,53301L,True,32590.0,1062.0,0,0
2021,53303,True,39320.0,1101.0,4,0
2021,53304,True,22610.0,1569.0,2,0
2021,53305L,True,25400.0,1195.0,2,0
2021,53306L,True,31660.0,2069.0,0,0
2021,54101L,True,21720.0,1665.0,4,1
2021,54102L,True,30070.0,1396.0,1,0
2021,54104L,True,63390.0,14999.0,9,8
2021,54107,True,21380.0,1081.0,2,0
2021,54201L,True,19250.0,1562.0,0,0
2021,54205L,True,15640.0,1236.0,0,0
2021,54206L,True,20330.0,1732.0,0,0
2021,54208L,True,83980.0,4677.0,0,0
2021,54209,True,13830.0,2018.0,7,1
2021,54211L,True,14400.0,1262.0,7,1
2021,54301L,True,40100.0,1821.0,3,1
2021,54312L,True,60070.0,1516.0,0,0
2021,54401L,True,22040.0,2431.0,0,0
2021,54402,True,20950.0,1046.0,0,0
2021,54501L,True,17630.0,1486.0,1,0
2021,54701L,True,42770.0,1911.0,2,0
2021,54703,True,16830.0,2585.0,0,0
2021,54704,True,24040.0,4647.0,1,0
2021,54705L,True,24040.0,1670.0,0,0
2021,54709L,True,20080.0,1665.0,0,0
2021,54712L,True,42620.0,1819.0,0,0
2021,54801L,True,15540.0,1773.0,1,0
2021,61001L,True,35090.0,3307.0,0,0
2021,62114L,True,32900.0,1599.0,0,0
2021,62122,True,29800.0,1217.0,0,0
2021,62301L,True,17820.0,1919.0,3,0
2021,62303,True,25240.0,2502.0,3,0
2021,62401L,True,15000.0,1248.0,154,26
2021,62403L,True,18630.0,2294.0,154,26
2021,62408L,True,14580.0,1514.0,154,26
2021,62412L,True,15790.0,1375.0,153,24
2021,62419L,True,26140.0,1561.0,150,22
2021,62421,True,25630.0,3958.0,154,24
2021,62422L,True,30140.0,2133.0,152,25
2021,62424L,True,28880.0,2592.0,155,27
2021,62428,True,23180.0,16731.0,151,23
2021,62434L,True,20700.0,8420.0,19,4
2021,62435L,True,30290.0,5662.0,154,26
2021,62438L,True,31280.0,2534.0,6,0
2021,62439,True,65090.0,1536.0,0,0
2021,62441L,True,22800.0,2054.0,72,4
2021,62501L,True,18540.0,4129.0,136,52
2021,62511,True,34260.0,2910.0,173,56
2021,62513L,True,27140.0,5347.0,144,51
2021,62515L,True,19170.0,12811.0,160,56
2021,62521L,True,17140.0,1700.0,112,38
2021,62525,True,32650.0,4831.0,6,0
2021,62526L,True,24230.0,1417.0,156,55
2021,62527,True,41380.0,1254.0,121,40
2021,62528,True,37530.0,6633.0,120,39
2021,62529L,True,21930.0,2438.0,141,40
2021,62536L,True,15040.0,1117.0,123,39
2021,62539L,True,15040.0,2253.0,141,40
2021,62542,True,32050.0,3779.0,115,39
2021,62544L,True,40170.0,3968.0,120,39
2021,62548L,True,23420.0,1151.0,56,10
2021,62601L,True,21550.0,2833.0,2,0
2021,62603,True,18160.0,3152.0,149,23
2021,62604L,True,26240.0,3051.0,154,24
2021,62607,True,14850.0,11833.0,149,23
2021,62608,True,28250.0,4782.0,145,22
2021,62701L,True,20280.0,7571.0,115,23
2021,62702,True,45400.0,2899.0,125,27
2021,62704,True,22210.0,4010.0,0,0
2021,62705,True,17000.0,18505.0,7,0
2021,62801,True,38050.0,3647.0,29,25
2021,62802L,True,47380.0,1799.0,90,24
2021,62806,True,24700.0,6030.0,76,25
2021,62810,True,36390.0,9503.0,78,19
2021,62811,True,24180.0,6212.0,55,12
2021,62812,True,31970.0,6677.0,90,23
2021,62813,True,36480.0,6650.0,62,19
2021,62814,True,23150.0,14380.0,55,12
2021,62815,True,27780.0,11370.0,0,0
2021,62816,True,15750.0,2151.0,40,4
2021,62817L,True,22920.0,1295.0,46,4
2021,62822,True,30210.0,6650.0,52,26
2021,62823,True,26040.0,5196.0,91,23
2021,63101L,True,30210.0,1248.0,0,0
2021,63103,True,32530.0,3212.0,0,0
2021,63104,True,28250.0,1194.0,0,0
2021,63106L,True,27400.0,1889.0,0,0
2021,63108,True,45150.0,2107.0,0,0
2021,63109L,True,25000.0,3161.0,0,0
2021,63401L,True,20000.0,1540.0,0,0
2021,63402L,True,20000.0,1556.0,0,0
2021,63403L,True,24810.0,1599.0,27,15
2021,63407,True,24140.0,1520.0,6,6
2021,63414L,True,20070.0,3002.0,1,0
2021,63421,True,19500.0,1561.0,0,0
2021,63422L,True,27110.0,2079.0,0,0
2021,63428L,True,20250.0,1189.0,0,0
2021,63430L,True,27290.0,1557.0,0,0
2021,63434L,True,26140.0,1104.0,2,0
2021,63435,True,17040.0,1798.0,0,0
2021,64101L,True,20130.0,1297.0,0,0
2021,64105L,True,17240.0,1109.0,1,0
2021,64106L,True,26120.0,1980.0,0,0
2021,64201L,True,17000.0,1528.0,0,0
2021,64202L,True,23310.0,1903.0,0,0
2021,65101L,True,23820.0,2011.0,0,0
2021,65201L,True,20890.0,2776.0,3,0
2021,65212L,True,17000.0,1696.0,0,0
2021,65238,True,35040.0,2215.0,3,0
2021,71101L,True,30700.0,3929.0,0,0
2021,72001L,True,55220.0,4504.0,1,0
2021,72203L,True,50140.0,6005.0,0,0
2021,72206L,True,24700.0,21299.0,53,22
2021,72210L,True,20500.0,1950.0,71,10
2021,72213,True,42540.0,2857.0,15,0
2021,72214L,True,36420.0,1365.0,8,0
2021,72215,True,52040.0,6027.0,212,10
2021,72225,True,91290.0,4699.0,1,1
2021,72231L,True,60170.0,4419.0,0,0
2021,72234,True,20000.0,1256.0,0,0
2021,72301L,True,24230.0,1255.0,309,53
2021,72303L,True,19310.0,1661.0,315,53
2021,72306L,True,22540.0,1124.0,326,53
2021,72308L,True,15750.0,1293.0,329,53
2021,72310L,True,27070.0,1407.0,328,53
2021,72313L,True,12330.0,1474.0,328,53
2021,72315L,True,17000.0,1679.0,322,53
2021,72317L,True,19500.0,5263.0,328,53
2021,72319L,True,19320.0,1592.0,330,53
2021,72325L,True,31170.0,1766.0,252,43
2021,72328L,True,31670.0,1474.0,336,49
2021,72330L,True,30000.0,1930.0,341,53
2021,72336L,True,19820.0,16325.0,209,35
2021,72340,True,21510.0,1977.0,272,26
2021,72341L,True,31290.0,1713.0,9,0
2021,72342,True,41740.0,2998.0,168,21
2021,72350,True,57040.0,2450.0,12,8
2021,72351,True,82710.0,1653.0,36,8
2021,72353L,True,26710.0,14589.0,155,21
2021,72355,True,25170.0,3051.0,0,0
2021,72356,True,20490.0,4685.0,143,35
2021,72358L,True,33150.0,1953.0,246,22
2021,72403L,True,35270.0,1341.0,0,0
2021,72406,True,30230.0,1376.0,6,1
2021,72408,True,23040.0,1456.0,6,1
2021,72416L,True,20000.0,1696.0,5,0
2021,72420L,True,26120.0,2372.0,0,0
2021,72424L,True,19770.0,1716.0,1,0
2021,72503L,True,43090.0,3827.0,0,0
2021,72508L,True,58420.0,2240.0,0,0
2021,72518,True,52200.0,3406.0,9,8
2021,72601,True,21500.0,18480.0,244,19
2021,72602L,True,27040.0,1851.0,299,45
2021,72604,True,40170.0,2746.0,296,44
2021,72605,True,39880.0,1858.0,296,44
2021,72606L,True,31500.0,1222.0,313,44
2021,72611,True,35820.0,1830.0,320,45
2021,72614,True,30000.0,2986.0,301,45
2021,72615,True,39040.0,1544.0,17,0
2021,72616L,True,30360.0,3706.0,17,0
2021,72618,True,37020.0,2160.0,271,44
2021,72620,True,40020.0,1688.0,279,45
2021,72621,True,31590.0,1091.0,319,45
2021,72622,True,33670.0,1339.0,311,44
2021,72623,True,20650.0,13760.0,276,38
2021,72624L,True,35200.0,3874.0,238,44
2021,72625L,True,35400.0,5204.0,116,22
2021,72627L,True,31280.0,4258.0,128,29
2021,72628,True,20140.0,13322.0,117,22
2021,72631,True,35040.0,1533.0,269,35
2021,72632L,True,28340.0,1065.0,295,44
2021,72634,True,28330.0,6723.0,141,10
2021,72635,True,25100.0,1047.0,310,44
2021,72807,True,41380.0,1410.0,36,33
2021,72808L,True,32930.0,2340.0,36,33
2021,72813,True,19180.0,1274.0,34,33
2021,72814L,True,77270.0,3266.0,0,0
2021,72820L,True,22400.0,1956.0,4,0
2021,72823L,True,28310.0,2780.0,3,1
2021,72828,True,40250.0,1363.0,4,4
2021,72904L,True,60000.0,2070.0,0,0
2021,72908,True,24170.0,1475.0,0,0
2021,72917L,True,50070.0,1075.0,0,0
2021,72919L,True,32040.0,1429.0,8,6
2021,72925L,True,82890.0,1521.0,0,0
2021,72928L,True,50040.0,1734.0,9,0
2021,72930L,True,76250.0,2605.0,22,4
2021,72932L,True,60110.0,15705.0,21,0
2021,73101L,True,35440.0,2148.0,0,0
2021,73201L,True,73410.0,4429.0,0,0
2021,74105L,True,44150.0,2323.0,0,0
2021,74106L,True,45000.0,1892.0,2,0
2021,74108L,True,47070.0,3043.0,0,0
2021,74122,True,48000.0,1634.0,0,0
2021,75107L,True,74700.0,3984.0,0,0
2021,75302L,True,110140.0,1010.0,4,4
2021,75303,True,126980.0,1367.0,2,0
2021,75312,True,46370.0,5836.0,12,0
2021,75313,True,92170.0,11983.0,0,0
2021,75314,True,54000.0,1358.0,6,1
2021,75315L,True,52300.0,3372.0,11,11
2021,75322L,True,19460.0,1259.0,62,32
2021,75323L,True,24670.0,2018.0,62,32
2021,75326L,True,55500.0,2886.0,0,0
2021,75327L,True,15690.0,9892.0,62,32
2021,75334L,True,61980.0,1756.0,0,0
2021,75347L,True,30200.0,8619.0,62,32
2021,75401,True,19000.0,1299.0,146,45
2021,75402L,True,20000.0,1484.0,137,44
2021,75407,True,19000.0,1132.0,148,46
2021,75409,True,26940.0,1558.0,146,44
2021,75410,True,29700.0,3853.0,147,46
2021,75411,True,24470.0,1884.0,148,46
2021,75413,True,19040.0,15126.0,111,37
2021,75416,True,55110.0,1167.0,132,37
2021,75417,True,18760.0,4115.0,41,6
2021,75430L,True,31300.0,1632.0,110,50
2021,75438,True,40070.0,9273.0,111,37
2021,75440L,True,15850.0,13914.0,64,14
2021,75442L,True,64900.0,1980.0,0,0
2021,75446,True,120140.0,2027.0,171,122
2021,75501L,True,19950.0,10123.0,114,70
2021,75504,True,21300.0,14191.0,78,28
2021,75506,True,15540.0,15740.0,123,30
2021,75507L,True,27040.0,1626.0,69,26
2021,75509L,True,36000.0,1105.0,0,0
2021,75511L,True,36700.0,1912.0,121,29
2021,75513,True,26860.0,2758.0,140,29
2021,75514,True,31600.0,2656.0,90,26
2021,75515L,True,32740.0,1503.0,74,26
2021,75518L,True,46770.0,6053.0,89,28
2021,75523L,True,18100.0,29555.0,42,9
2021,75601,True,16160.0,8477.0,146,92
2021,75602L,True,70070.0,11507.0,4,4
2021,75603,True,14680.0,4861.0,146,92
2021,75604,True,54760.0,8251.0,69,44
2021,75610L,True,30270.0,2419.0,69,44
2021,75612L,True,40180.0,1914.0,0,0
2021,75614L,True,31540.0,1280.0,0,0
2021,75617L,True,38520.0,24223.0,121,63
2021,75618L,True,40010.0,15367.0,162,92
2021,75620L,True,36690.0,6335.0,127,57
2021,75625,True,22500.0,11716.0,14,0
2021,75626,True,31040.0,7960.0,12,0
2021,75627,True,55170.0,2155.0,12,0
2021,75706L,True,45020.0,1814.0,1,0
2021,75708,True,28640.0,10072.0,25,0
2021,75710,True,17140.0,6382.0,42,0
2021,75711,True,43950.0,25722.0,34,0
2021,75712,True,72260.0,8275.0,60,9
2021,75713,True,30040.0,2714.0,62,0
2021,75714L,True,20580.0,15908.0,63,0
2021,75716,True,30850.0,23777.0,61,9
2021,75717L,True,35700.0,3402.0,141,74
2021,75719,True,24010.0,13044.0,0,0
2021,75720,True,40950.0,4483.0,141,74
2021,75721,True,35850.0,1512.0,133,74
2021,75722,True,45760.0,5539.0,127,74
2021,75723,True,66520.0,1709.0,122,74
2021,75724,True,50070.0,3196.0,122,74
2021,75725,True,33070.0,1609.0,0,0
2021,75726,True,60040.0,1775.0,0,0
2021,75727,True,41920.0,2979.0,123,74
2021,75728,True,42540.0,2735.0,6,0
2021,75730L,True,40170.0,1251.0,26,8
2021,75731,True,69890.0,3193.0,126,74
2021,75732L,True,32220.0,12248.0,38,0
2021,75733,True,34040.0,9617.0,30,0
2021,75736,True,26110.0,14561.0,83,64
2021,75737,True,54040.0,3770.0,0,0
2021,75738L,True,67070.0,11526.0,19,7
2021,75739,True,70050.0,12596.0,20,8
2021,75740,True,45450.0,2591.0,53,0
2021,75741,True,72100.0,2356.0,2,1
2021,75802L,True,60070.0,2131.0,190,122
2021,75804,True,39040.0,4133.0,193,141
2021,75805,True,34320.0,3415.0,212,154
2021,75807,True,16610.0,7970.0,193,141
2021,75810L,True,23320.0,17602.0,92,3
2021,75815,True,13500.0,4386.0,139,87
2021,75816L,True,24600.0,1502.0,146,94
2021,75820L,True,36170.0,1840.0,0,0
2021,75824,True,39940.0,4495.0,159,97
2021,75901L,True,27170.0,1133.0,22,0
2021,75908L,True,34000.0,2270.0,66,9
2021,75909,True,79700.0,2192.0,20,8
2021,75910,True,35050.0,4706.0,26,2
2021,75911L,True,99360.0,1547.0,27,8
2021,75913,True,71440.0,1567.0,35,7
2021,75914L,True,28270.0,3541.0,48,9
2021,75916,True,25990.0,5422.0,149,40
2021,75917,True,49170.0,1632.0,158,46
2021,75918,True,80010.0,14583.0,87,17
2021,75919L,True,16990.0,17296.0,147,48
2021,75921,True,30040.0,3195.0,104,28
2021,75923,True,38000.0,3921.0,135,43
2021,75927,True,19240.0,9143.0,11,2
2021,75929L,True,26080.0,2050.0,2,0
2021,75931,True,65040.0,2724.0,66,31
2021,75932L,True,50200.0,2068.0,208,132
2021,75938,True,27730.0,5968.0,25,4
2021,75939,True,19050.0,5443.0,38,13
2021,75940L,True,36540.0,2390.0,61,21
2021,75943,True,22670.0,12320.0,70,9
2021,75944,True,15190.0,1836.0,83,15
2021,75945,True,25140.0,17492.0,11,0
2021,81101L,True,63820.0,2725.0,0,0
2021,82001L,True,51790.0,1137.0,2,0
2021,82006L,True,30000.0,2320.0,0,0
2021,82009,True,35190.0,1721.0,1,0
2021,82010L,True,40940.0,1888.0,0,0
2021,82101L,True,50480.0,1432.0,0,0
2021,82201L,True,65170.0,1485.0,2,0
2021,82204L,True,35270.0,1261.0,2,2
2021,82209,True,36670.0,2522.0,107,70
2021,82214L,True,41860.0,1935.0,0,0
2021,82301L,True,55000.0,1615.0,1,0
2021,82327,True,62940.0,2379.0,1,0
2021,82502,True,37460.0,1335.0,108,70
2021,82503L,True,30040.0,2444.0,63,28
2021,82601L,True,33130.0,4255.0,107,70
2021,82602,True,24000.0,1528.0,108,70
2021,82603,True,25040.0,2517.0,0,0
2021,82701L,True,40140.0,1628.0,109,70
2021,82703L,True,30240.0,2245.0,55,19
2021,82901L,True,31300.0,2343.0,0,0
2021,82907L,True,44100.0,1331.0,1,0
2021,83102L,True,80950.0,2393.0,0,0
2021,83106,True,45000.0,2337.0,4,2
2021,83107L,True,51000.0,1871.0,1,0
2021,83108L,True,36510.0,1503.0,1,0
2021,83109,True,65120.0,1312.0,0,0
2021,83112,True,36480.0,2369.0,0,0
2021,83113L,True,45090.0,2428.0,0,0
2021,83121,True,35020.0,2115.0,3,0
2021,83122,True,144670.0,2192.0,0,0
2021,83124,True,68000.0,2046.0,4,2
2021,83125L,True,31620.0,2271.0,0,0
2021,83127L,True,50350.0,1629.0,1,0
2021,83201L,True,47850.0,2208.0,0,0
2021,83208L,True,32540.0,1266.0,0,0
2021,83211,True,50390.0,1358.0,1,1
2021,83304L,True,39040.0,15295.0,100,59
2021,83305L,True,68930.0,14342.0,0,0
2021,83312,True,22080.0,19934.0,67,32
2021,83313,True,30470.0,14219.0,92,40
2021,83501,True,23480.0,16316.0,18,0
2021,83502L,True,30170.0,5889.0,0,0
2021,83601L,True,38210.0,1920.0,64,48
2021,83609L,True,47810.0,4617.0,106,80
2021,83613,True,22510.0,18923.0,0,0
2021,83614L,True,47340.0,7336.0,107,84
2021,83616L,True,38570.0,16097.0,27,27
2021,83618,True,50040.0,8900.0,101,84
2021,83619,True,30000.0,4742.0,101,84
2021,83620,True,43540.0,2348.0,104,84
2021,83622L,True,54980.0,4314.0,101,80
2021,83624,True,20040.0,15419.0,160,123
2021,83701L,True,28160.0,1386.0,76,57
2021,83705L,True,32640.0,7027.0,87,57
2021,83709,True,26590.0,13575.0,90,60
2021,83710,True,30200.0,6691.0,169,122
2021,83711,True,26300.0,7527.0,81,57
2021,83712,True,56550.0,11393.0,87,57
2021,83713L,True,29830.0,17053.0,80,57
2021,83715,True,52210.0,12289.0,95,65
2021,83801,True,30620.0,33336.0,132,87
2021,83802L,True,52250.0,5294.0,193,153
2021,83804,True,29380.0,6052.0,1,0
2021,83805,True,54190.0,11994.0,182,111
2021,83806L,True,87680.0,3088.0,149,92
2021,83808,True,38070.0,12077.0,7,0
2021,83809,True,49970.0,11767.0,9,9
2021,83810L,True,75100.0,2504.0,127,86
2021,83812,True,74320.0,11595.0,163,111
2021,83813,True,25910.0,14765.0,149,111
2021,83814,True,50210.0,9678.0,119,110
2021,83901L,True,49790.0,1151.0,0,0
2021,83905L,True,61240.0,39444.0,0,0
2021,83912,True,53470.0,7396.0,21,21
2021,91101L,True,32070.0,2400.0,0,0
2021,91208L,True,37150.0,1906.0,0,0
2021,91217,True,49530.0,2418.0,29,5
2021,92001L,True,23310.0,2989.0,35,34
2021,92004,True,23890.0,9243.0,122,118
2021,92005,True,25700.0,1515.0,124,121
2021,92006L,True,16040.0,1022.0,42,39
2021,92007L,True,26140.0,1937.0,95,94
2021,92010,True,18140.0,1283.0,119,116
2021,92013,True,21350.0,1780.0,122,119
2021,93101L,True,16180.0,1102.0,0,0
2021,93115,True,30020.0,1601.0,2,2
2021,93116L,True,26040.0,1542.0,0,0
2021,93201L,True,36230.0,2154.0,0,0
2021,94401L,True,20040.0,2169.0,42,0
2021,94411,True,12170.0,1509.0,43,0
2021,95001L,True,30470.0,3177.0,0,0
2021,95003L,True,30000.0,2252.0,22,5
2021,95006L,True,24040.0,38445.0,44,20
2021,95013L,True,17950.0,11116.0,21,4
2021,95014L,True,59200.0,1043.0,0,0
2021,95033,True,24140.0,17390.0,1,1
2021,95035,True,28170.0,12298.0,62,48
2021,95036,True,54720.0,30308.0,66,52
2021,96101L,True,26000.0,4446.0,0,0
2021,96201,True,20400.0,3143.0,22,0
2021,97101L,True,75340.0,4189.0,0,0
2021,97106L,True,66700.0,7401.0,0,0
2021,97107,True,78870.0,7762.0,4,3
2021,97501,True,56720.0,12388.0,10,10
2021,97502L,True,40280.0,2021.0,0,0
2021,97601L,True,21590.0,2026.0,25,0
2021,97602L,True,22570.0,2083.0,25,0
2021,97608L,True,20140.0,1633.0,25,0
2024,11101L,True,51370.0,1555.0,0,0
2024,11103,True,55680.0,1531.0,119,68
2024,11104,True,50040.0,2009.0,166,109
2024,11105L,True,29040.0,2215.0,195,124
2024,11107L,True,47070.0,2541.0,134,83
2024,11109L,True,63280.0,2058.0,180,123
2024,11111,True,35670.0,2063.0,204,128
2024,11112L,True,32040.0,3621.0,221,136
2024,11114L,True,49140.0,1680.0,227,141
2024,11116L,True,84710.0,8820.0,269,175
2024,11118L,True,50200.0,2737.0,0,0
2024,11121,True,38000.0,1575.0,119,68
2024,11122,True,28840.0,5404.0,138,83
2024,11123,True,38550.0,1063.0,187,124
2024,11124,True,42490.0,1067.0,199,127
2024,11125,True,38500.0,1555.0,227,142
2024,11126,True,27240.0,8700.0,93,53
2024,11127L,True,43170.0,1803.0,151,94
2024,11129L,True,36170.0,1598.0,225,140
2024,11135L,True,55350.0,1466.0,83,49
2024,11139,True,58890.0,2063.0,227,142
2024,11144L,True,155860.0,1232.0,4,0
2024,11150,True,26130.0,2010.0,91,53
2024,11201L,True,37070.0,1266.0,266,169
2024,11202,True,32940.0,1317.0,288,186
2024,11203,True,36190.0,2650.0,284,185
2024,11204L,True,34880.0,1817.0,332,234
2024,11205,True,28140.0,2415.0,347,254
2024,11206,True,31580.0,2335.0,405,321
2024,11208,True,20040.0,3133.0,313,204
2024,11209,True,33000.0,5635.0,288,189
2024,11213L,True,30040.0,2090.0,392,303
2024,11217L,True,30000.0,1343.0,448,367
2024,11220L,True,30040.0,1060.0,488,410
2024,11221L,True,40040.0,2403.0,292,187
2024,11223,True,50000.0,1753.0,262,170
2024,11224,True,34810.0,1633.0,298,199
2024,11225L,True,61480.0,2413.0,286,188
2024,11226L,True,30140.0,1292.0,345,247
2024,11228,True,31250.0,1071.0,370,283
2024,11231,True,37980.0,1229.0,352,263
2024,11232,True,56000.0,1659.0,453,372
2024,11233L,True,34140.0,1361.0,312,220
2024,11235L,True,34070.0,2116.0,385,296
2024,11237,True,41000.0,1325.0,6,6
2024,11238,True,50000.0,1070.0,335,243
2024,11239,True,34070.0,1033.0,327,243
2024,11241L,True,26970.0,1395.0,301,194
2024,11244,True,44050.0,1839.0,319,231
2024,11245,True,53140.0,1625.0,330,251
2024,11302,True,53200.0,1173.0,690,611
2024,11303L,True,35300.0,2316.0,692,654
2024,11305,True,55720.0,4292.0,678,597
2024,11306L,True,40080.0,2034.0,710,638
2024,11309L,True,19790.0,1790.0,529,446
2024,11310L,True,31700.0,2046.0,721,646
2024,11315L,True,37830.0,1628.0,718,657
2024,11318L,True,32480.0,2643.0,350,269
2024,11320L,True,41300.0,2215.0,729,676
2024,11321,True,45900.0,1281.0,698,637
2024,11323,True,51540.0,1527.0,736,697
2024,11403L,True,42090.0,2404.0,682,675
2024,11419L,True,47630.0,2878.0,723,689
2024,11427,True,31540.0,1506.0,720,669
2024,11428,True,44580.0,1083.0,708,668
2024,11501L,True,21430.0,1908.0,334,264
2024,11601L,True,35840.0,2139.0,240,154
2024,11602,True,29870.0,1249.0,283,178
2024,11603,True,29860.0,5771.0,327,199
2024,11604L,True,30290.0,2683.0,328,199
2024,11606,True,30140.0,1082.0,304,186
2024,12102L,True,37040.0,2393.0,595,592
2024,12201L,True,55040.0,1925.0,691,681
2024,12222L,True,45040.0,1996.0,397,396
2024,13101L,True,34580.0,1324.0,593,524
2024,13108,True,30000.0,1056.0,817,749
2024,13109L,True,33150.0,1480.0,868,800
2024,13110L,True,30890.0,1153.0,564,505
2024,13112L,True,28020.0,1327.0,727,659
2024,13115L,True,20230.0,1320.0,579,510
2024,13117L,True,37750.0,1813.0,652,583
2024,13121,True,45850.0,1440.0,559,500
2024,13123L,True,30040.0,1532.0,570,507
2024,13125L,True,37620.0,2145.0,549,490
2024,13128L,True,67040.0,1974.0,545,486
2024,13131L,True,39790.0,1491.0,636,567
2024,13134L,True,35330.0,2135.0,745,677
2024,13144L,True,41050.0,1348.0,522,476
2024,13151L,True,68040.0,2007.0,487,446
2024,13159L,True,78650.0,1939.0,553,484
2024,13163L,True,40140.0,1411.0,567,499
2024,13201L,True,29400.0,1805.0,867,799
2024,13207,True,33610.0,1071.0,930,862
2024,13208L,True,29400.0,1385.0,918,850
2024,13210L,True,20140.0,1914.0,781,712
2024,13212L,True,36290.0,1562.0,836,768
2024,13217L,True,40040.0,2263.0,918,850
2024,13223L,True,55870.0,2417.0,843,775
2024,13233,True,56040.0,1955.0,660,592
2024,13236,True,25570.0,1556.0,942,874
2024,13304L,True,28000.0,1973.0,775,707
2024,13306L,True,23500.0,1222.0,923,855
2024,13308L,True,28040.0,2067.0,905,837
2024,13310L,True,27880.0,2008.0,883,815
2024,13312,True,23850.0,1234.0,943,875
2024,13314,True,20140.0,1176.0,853,785
2024,13402L,True,40100.0,1518.0,708,640
2024,14001L,True,88420.0,3121.0,240,208
2024,14002,True,100140.0,4560.0,523,455
2024,14101L,True,91500.0,1227.0,10,2
2024,14104L,True,36600.0,1038.0,259,160
2024,14106L,True,76630.0,2947.0,297,208
2024,14109,True,66290.0,2260.0,282,201
2024,14110L,True,165560.0,1126.0,403,322
2024,14111,True,71870.0,4412.0,336,252
2024,14112,True,77360.0,1939.0,174,100
2024,14114,True,91020.0,1091.0,142,83
2024,14115,True,100520.0,1736.0,41,29
2024,14117L,True,109630.0,2555.0,2,2
2024,14201,True,100000.0,1242.0,501,466
2024,14202,True,86480.0,1689.0,546,492
2024,14203,True,61330.0,1807.0,710,656
2024,14204L,True,128290.0,3528.0,2,1
2024,14205,True,106950.0,5176.0,486,469
2024,14206,True,137540.0,4303.0,601,582
2024,14207,True,55140.0,3120.0,637,628
2024,14208,True,85000.0,1163.0,677,667
2024,14209,True,55000.0,1381.0,610,600
2024,14210,True,70000.0,3786.0,603,594
2024,14212,True,71170.0,2279.0,310,303
2024,14213L,True,155170.0,2341.0,262,255
2024,14214L,True,290150.0,1727.0,34,28
2024,14219L,True,186710.0,2166.0,330,323
2024,14221,True,132190.0,2579.0,82,75
2024,14301L,True,95300.0,1999.0,372,365
2024,14303L,True,119500.0,3360.0,30,29
2024,14304,True,104750.0,1634.0,99,94
2024,14308L,True,204670.0,1740.0,26,23
2024,14311L,True,159170.0,1227.0,0,0
2024,14313,True,132950.0,1143.0,20,19
2024,14401L,True,55040.0,3636.0,0,0
2024,14402L,True,25000.0,1798.0,579,512
2024,14406L,True,93540.0,3144.0,559,524
2024,14413L,True,123870.0,2844.0,407,396
2024,14415L,True,135140.0,2852.0,190,189
2024,14418,True,62640.0,1655.0,436,400
2024,14424L,True,64820.0,1886.0,26,18
2024,14430L,True,58000.0,1242.0,49,41
2024,14432L,True,31090.0,1069.0,62,54
2024,14434L,True,65590.0,1685.0,27,19
2024,14435L,True,60150.0,1847.0,31,23
2024,14437L,True,30230.0,1482.0,31,23
2024,14444,True,71460.0,1021.0,0,0
2024,14445,True,90070.0,1353.0,27,19
2024,14446L,True,70090.0,1460.0,27,19
2024,14451L,True,80040.0,1140.0,26,18
2024,14456L,True,91070.0,2088.0,1,1
2024,14501L,True,55380.0,2450.0,0,0
2024,14521L,True,37930.0,1224.0,460,432
2024,14530,True,56730.0,1757.0,386,363
2024,14531L,True,106040.0,2975.0,69,62
2024,14538,True,102420.0,3426.0,123,113
2024,14601,True,33520.0,1417.0,757,695
2024,14602L,True,23020.0,1062.0,744,673
2024,14604L,True,47530.0,1988.0,706,633
2024,14607L,True,25200.0,1125.0,786,718
2024,14609,True,39100.0,1758.0,709,643
2024,14610L,True,30200.0,2137.0,666,626
2024,14615L,True,23750.0,1362.0,717,654
2024,14622L,True,34000.0,1810.0,697,643
2024,14631,True,27040.0,1422.0,649,591
2024,14632L,True,60040.0,1687.0,584,535
2024,14635,True,50040.0,1132.0,639,581
2024,14801L,True,17940.0,7130.0,77,67
2024,14803L,True,30040.0,2127.0,391,355
2024,14902L,True,137580.0,1452.0,0,0
2024,14919,True,155210.0,2143.0,2,0
2024,14920,True,120250.0,4354.0,1,0
2024,15102L,True,56480.0,1127.0,335,276
2024,15103,True,50000.0,2013.0,337,252
2024,15104L,True,28620.0,1754.0,323,223
2024,15107,True,48570.0,1432.0,390,308
2024,15108L,True,42740.0,1502.0,413,328
2024,15111,True,46840.0,2057.0,388,278
2024,15112L,True,22510.0,2482.0,386,269
2024,15115,True,33070.0,1646.0,388,268
2024,15117L,True,55070.0,1303.0,400,304
2024,15119,True,50290.0,7501.0,322,215
2024,15121,True,60110.0,3596.0,420,344
2024,15122L,True,25250.0,1604.0,422,354
2024,15125L,True,35850.0,1470.0,451,388
2024,15127L,True,35140.0,1175.0,459,398
2024,15129L,True,53360.0,1989.0,557,497
2024,15135,True,40860.0,1427.0,530,470
2024,15136L,True,75040.0,2275.0,474,430
2024,15141,True,54590.0,7317.0,364,252
2024,15142,True,90410.0,1892.0,595,545
2024,15201,True,80930.0,3484.0,285,202
2024,15202L,True,98790.0,3467.0,203,78
2024,15204,True,91480.0,4060.0,421,366
2024,15205L,True,84950.0,5237.0,112,87
2024,15208,True,80000.0,3108.0,5,0
2024,15303L,True,50640.0,2056.0,307,184
2024,15307L,True,28480.0,2801.0,380,253
2024,15309,True,22670.0,3527.0,369,234
2024,15310,True,31710.0,1283.0,347,211
2024,15312,True,25000.0,1236.0,326,202
2024,15315,True,22860.0,2565.0,395,263
2024,15316,True,28680.0,1837.0,370,228
2024,15317,True,22480.0,2968.0,354,218
2024,15318,True,16260.0,1275.0,336,212
2024,15321,True,32670.0,1681.0,403,263
2024,15322,True,25420.0,2827.0,414,263
2024,15327,True,29810.0,2039.0,344,217
2024,15328L,True,15000.0,1906.0,298,175
2024,15329,True,79590.0,1999.0,330,207
2024,15331,True,34320.0,2532.0,360,236
2024,15332,True,39000.0,1069.0,356,232
2024,15333,True,30040.0,1228.0,397,263
2024,15334,True,32540.0,2283.0,378,237
2024,15337,True,26390.0,2191.0,320,197
2024,15338,True,25070.0,2020.0,328,201
2024,15339,True,18820.0,1120.0,323,197
2024,15341L,True,59130.0,3919.0,281,155
2024,15342,True,50100.0,8084.0,253,134
2024,15343L,True,45870.0,1915.0,384,250
2024,15349,True,41180.0,1882.0,289,171
2024,15351L,True,50050.0,2310.0,386,267
2024,15353L,True,34550.0,1608.0,359,221
2024,15355,True,30130.0,2984.0,366,226
2024,15356,True,70040.0,4882.0,365,240
2024,15401L,True,54660.0,1244.0,310,203
2024,15409,True,31060.0,2406.0,348,229
2024,15411,True,27120.0,2270.0,337,218
2024,15413L,True,24950.0,1902.0,307,191
2024,15418L,True,25430.0,3309.0,1,0
2024,15501L,True,34760.0,2817.0,309,228
2024,15502L,True,25040.0,2162.0,294,217
2024,15503L,True,31820.0,2689.0,310,229
2024,15507,True,26040.0,5425.0,302,220
2024,15508L,True,61040.0,2372.0,355,232
2024,15514,True,30140.0,1084.0,295,221
2024,15515L,True,54390.0,2206.0,302,221
2024,15602,True,21160.0,7206.0,275,218
2024,15603,True,57590.0,2184.0,352,224
2024,15604,True,18830.0,1680.0,342,227
2024,15605L,True,35160.0,6621.0,383,231
2024,15606,True,101480.0,1294.0,275,221
2024,15607,True,37230.0,6882.0,200,163
2024,15608,True,22250.0,1524.0,208,162
2024,15609L,True,65090.0,2753.0,0,0
2024,15613,True,59080.0,9366.0,188,139
2024,15614,True,61110.0,8337.0,295,168
2024,15702,True,48850.0,1873.0,318,152
2024,15703,True,22480.0,1656.0,335,161
2024,15704,True,18580.0,1882.0,349,181
2024,15705L,True,100040.0,4107.0,277,141
2024,15708,True,66370.0,1406.0,217,105
2024,15709,True,46390.0,1420.0,247,111
2024,15710L,True,25170.0,2406.0,0,0
2024,15712L,True,67300.0,4862.0,277,139
2024,15715,True,47720.0,1894.0,370,191
2024,15716,True,41110.0,7032.0,289,147
2024,15717L,True,55000.0,4308.0,350,222
2024,15719,True,81420.0,3992.0,344,222
2024,15720,True,60040.0,4748.0,357,229
2024,15721,True,54610.0,4497.0,355,230
2024,15722,True,60040.0,1426.0,334,202
2024,15723,True,81980.0,3180.0,355,230
2024,16101,True,18980.0,4663.0,353,183
2024,16102,True,46970.0,2594.0,370,193
2024,16103L,True,29610.0,2185.0,359,189
2024,16107L,True,27000.0,1035.0,277,110
2024,16109L,True,36500.0,1523.0,269,110
2024,16111,True,43250.0,1108.0,260,105
2024,16113,True,41140.0,2072.0,194,104
2024,16114L,True,22140.0,1873.0,254,105
2024,16117,True,26000.0,1166.0,193,103
2024,16118,True,25570.0,3883.0,256,104
2024,16120L,True,23080.0,2951.0,5,5
2024,16126L,True,25530.0,1370.0,286,119
2024,16128L,True,15040.0,1148.0,304,136
2024,16129L,True,23920.0,1752.0,288,119
2024,16130,True,32300.0,1315.0,279,111
2024,16131L,True,40040.0,1808.0,0,0
2024,16143L,True,23040.0,1750.0,277,110
2024,16145,True,45080.0,2003.0,267,108
2024,16146,True,26250.0,2209.0,266,107
2024,16148L,True,24930.0,3538.0,193,103
2024,16151,True,15850.0,5299.0,184,97
2024,16152L,True,37990.0,5922.0,0,0
2024,16155L,True,49670.0,1654.0,173,92
2024,16159L,True,75610.0,2234.0,362,192
2024,16163,True,45540.0,2213.0,257,105
2024,16164L,True,23170.0,17073.0,270,111
2024,16181L,True,30210.0,1418.0,277,110
2024,16191,True,33940.0,4424.0,280,111
2024,16202L,True,53070.0,18774.0,26,20
2024,16305L,True,49680.0,3489.0,86,14
2024,16313L,True,24670.0,8747.0,105,34
2024,16315,True,36490.0,2911.0,73,14
2024,16316L,True,37290.0,6061.0,83,14
2024,16319,True,52020.0,4454.0,86,14
2024,16321L,True,63210.0,1769.0,85,14
2024,16332,True,21890.0,8069.0,127,14
2024,16333,True,25140.0,3821.0,86,14
2024,16336,True,28450.0,1573.0,86,14
2024,16402L,True,23890.0,6129.0,1,0
2024,16502,True,22070.0,7577.0,84,14
2024,16503L,True,22000.0,2889.0,79,14
2024,16504,True,21250.0,11585.0,83,14
2024,16508L,True,27340.0,2036.0,82,14
2024,16523,True,27050.0,1001.0,84,14
2024,16524,True,15040.0,8286.0,50,14
2024,16526,True,32710.0,1941.0,36,15
2024,16528,True,15700.0,3624.0,126,14
2024,16531,True,25140.0,5040.0,46,14
2024,16532,True,33330.0,4464.0,91,14
2024,16601L,True,25090.0,16972.0,153,34
2024,16603L,True,24100.0,7522.0,46,14
2024,16605L,True,27710.0,12140.0,115,40
2024,16701,True,64890.0,9073.0,70,0
2024,16702L,True,36830.0,6728.0,79,0
2024,16704,True,33210.0,5413.0,58,0
2024,16705,True,37040.0,9195.0,57,0
2024,16706,True,26280.0,15135.0,70,0
2024,16707,True,30570.0,1675.0,85,0
2024,16708L,True,23990.0,7216.0,0,0
2024,17113L,True,67580.0,1459.0,1,1
2024,17128L,True,86840.0,1204.0,5,4
2024,17134L,True,158290.0,2813.0,8,7
2024,17143L,True,106310.0,5875.0,11,3
2024,17152,True,103940.0,4059.0,8,8
2024,17154,True,136640.0,4807.0,33,16
2024,17201L,True,24800.0,1002.0,8,0
2024,17204,True,38810.0,12857.0,13,3
2024,17205L,True,43350.0,1051.0,22,7
2024,17206,True,25160.0,13309.0,16,6
2024,17208,True,21520.0,25224.0,16,6
2024,17210,True,24940.0,1298.0,11,3
2024,17302L,True,21820.0,11040.0,0,0
2024,17306L,True,31290.0,1342.0,80,29
2024,17312L,True,18660.0,1178.0,71,27
2024,17317,True,25170.0,3025.0,77,28
2024,17318L,True,20330.0,3850.0,0,0
2024,17320,True,20140.0,14942.0,46,16
2024,17321L,True,40000.0,1866.0,78,28
2024,17322L,True,30040.0,1414.0,79,28
2024,17326L,True,28460.0,2038.0,101,54
2024,17330L,True,29390.0,1555.0,53,18
2024,17333L,True,31670.0,1279.0,83,28
2024,17336,True,40400.0,8360.0,13,13
2024,17338L,True,28100.0,2067.0,10,0
2024,17344,True,39330.0,1771.0,80,48
2024,17376,True,26650.0,1712.0,60,20
2024,17379,True,23040.0,1162.0,48,18
2024,17402L,True,83300.0,1886.0,0,0
2024,17411,True,29500.0,5206.0,43,0
2024,17412,True,22390.0,19291.0,48,3
2024,17414L,True,64840.0,22461.0,30,23
2024,17415,True,63850.0,6897.0,58,23
2024,17417L,True,20040.0,12089.0,68,23
2024,17421,True,35170.0,2132.0,65,20
2024,17422L,True,31410.0,2375.0,54,0
2024,17423,True,32190.0,3287.0,65,20
2024,17424L,True,27040.0,1988.0,52,1
2024,17439,True,80000.0,2115.0,54,0
2024,17501L,True,90040.0,1117.0,29,26
2024,17502L,True,38460.0,7117.0,6,6
2024,17518,True,32040.0,3440.0,28,28
2024,18101L,True,209260.0,1503.0,13,0
2024,18206L,True,158400.0,2123.0,13,0
2024,18301L,True,125320.0,3501.0,0,0
2024,18405L,True,120090.0,1614.0,0,0
2024,19002L,True,185640.0,1492.0,0,0
2024,19103L,True,80890.0,2438.0,0,0
2024,19106L,True,169950.0,1724.0,0,0
2024,19205,True,233530.0,1208.0,9,7
2024,19206,True,110070.0,1869.0,9,7
2024,19207L,True,90000.0,2229.0,8,7
2024,19215L,True,126770.0,1328.0,4,4
2024,19218L,True,113890.0,1202.0,1,1
2024,19219,True,148540.0,3035.0,0,0
2024,19301L,True,201040.0,1592.0,0,0
2024,19502L,True,74000.0,1354.0,17,17
2024,19505L,True,62380.0,1557.0,17,17
2024,19513L,True,55680.0,4632.0,0,0
2024,19519L,True,28890.0,5777.0,14,14
2024,19603L,True,100560.0,1979.0,0,0
2024,19606,True,200050.0,1184.0,0,0
2024,19607,True,179370.0,1410.0,0,0
2024,19702L,True,47100.0,2790.0,0,0
2024,21105L,True,23750.0,1490.0,672,473
2024,21107L,True,20000.0,1716.0,882,668
2024,21108L,True,20000.0,1421.0,928,714
2024,21110,True,21070.0,1047.0,803,591
2024,21111L,True,20040.0,1223.0,861,649
2024,21112L,True,23240.0,1179.0,866,650
2024,21117L,True,45000.0,2575.0,858,725
2024,21119L,True,33000.0,1677.0,729,631
2024,21123L,True,25000.0,1336.0,740,649
2024,21201L,True,28210.0,1674.0,956,732
2024,21202L,True,41080.0,2152.0,713,518
2024,21205L,True,29630.0,2536.0,848,708
2024,21207L,True,20000.0,2012.0,800,671
2024,21212L,True,31120.0,1127.0,856,720
2024,21216L,True,32570.0,1126.0,849,720
2024,21217L,True,24660.0,1833.0,836,713
2024,21221,True,17310.0,2091.0,499,393
2024,21303L,True,65070.0,4475.0,389,204
2024,21304L,True,64920.0,7891.0,252,126
2024,21401L,True,22990.0,1354.0,698,630
2024,21405L,True,25040.0,1972.0,681,616
2024,21406L,True,33150.0,1544.0,760,661
2024,21501L,True,34340.0,2284.0,590,527
2024,21702,True,41740.0,1805.0,246,124
2024,21703,True,60790.0,1083.0,166,105
2024,22025L,True,21390.0,2157.0,1031,649
2024,22101,True,15100.0,1502.0,853,438
2024,22102L,True,19170.0,1299.0,931,503
2024,22104,True,20160.0,1293.0,922,501
2024,22105L,True,20120.0,1584.0,1048,597
2024,22106L,True,18120.0,1260.0,1047,602
2024,22108L,True,39580.0,7921.0,311,191
2024,22109,True,64820.0,1061.0,898,495
2024,22110L,True,23000.0,1537.0,1041,596
2024,22111,True,17930.0,1099.0,5,0
2024,22113L,True,25060.0,1449.0,1124,682
2024,22114L,True,43070.0,1687.0,0,0
2024,22115L,True,37540.0,1154.0,891,485
2024,22117,True,26000.0,1440.0,1010,570
2024,22119,True,18040.0,1059.0,985,563
2024,22121L,True,24170.0,1101.0,877,475
2024,22125,True,21070.0,2149.0,1123,680
2024,22126,True,28000.0,1541.0,1088,669
2024,22128L,True,21040.0,1971.0,532,318
2024,22129L,True,19630.0,1617.0,610,350
2024,22131,True,18030.0,1434.0,14,0
2024,22132,True,18480.0,1460.0,14,0
2024,22135L,True,19000.0,1476.0,982,590
2024,22137L,True,20400.0,1393.0,1182,753
2024,22142,True,24120.0,5717.0,16,16
2024,22143L,True,30140.0,1811.0,5,5
2024,22146L,True,26060.0,1931.0,763,465
2024,22150,True,22950.0,1388.0,3,0
2024,22152L,True,28750.0,1696.0,997,665
2024,22153L,True,20000.0,2153.0,1145,792
2024,22160L,True,23040.0,2059.0,385,234
2024,22167L,True,33120.0,1360.0,965,617
2024,22170L,True,19540.0,1588.0,1185,803
2024,22173L,True,17070.0,2603.0,1248,834
2024,22177L,True,22050.0,4391.0,847,535
2024,22179L,True,39750.0,1145.0,1018,683
2024,22181L,True,16750.0,3044.0,1183,776
2024,22186L,True,30220.0,2506.0,627,402
2024,22190L,True,15720.0,2358.0,1251,808
2024,22197,True,20020.0,2174.0,32,0
2024,22198L,True,35070.0,2487.0,597,379
2024,22201L,True,23720.0,1760.0,952,518
2024,22203L,True,27590.0,1579.0,851,468
2024,22205L,True,29140.0,2099.0,641,406
2024,22206L,True,19640.0,1452.0,1086,669
2024,22212L,True,18040.0,1142.0,1157,748
2024,22215,True,18040.0,1977.0,1029,688
2024,22216L,True,25040.0,1585.0,803,524
2024,22219L,True,16570.0,3266.0,1141,772
2024,22221,True,11000.0,1284.0,1110,764
2024,22222,True,20150.0,1357.0,1052,724
2024,22226L,True,21290.0,1722.0,1036,709
2024,22506L,True,18540.0,2768.0,1071,721
2024,22507L,True,19850.0,2215.0,942,615
2024,22522L,True,14040.0,1301.0,621,413
2024,22534L,True,20040.0,1483.0,658,441
2024,22539L,True,21290.0,1439.0,769,526
2024,22541L,True,20040.0,1108.0,672,449
2024,22544L,True,22270.0,1031.0,721,505
2024,22548,True,30000.0,1213.0,533,318
2024,22549,True,18040.0,1614.0,583,365
2024,22550,True,27140.0,1446.0,529,314
2024,22551,True,18080.0,1560.0,569,359
2024,22552,True,23000.0,1180.0,520,306
2024,22553,True,13840.0,1479.0,560,354
2024,22554,True,21570.0,1190.0,513,307
2024,22555,True,21350.0,1357.0,535,331
2024,22556,True,24880.0,1252.0,611,402
2024,22557L,True,26850.0,1399.0,627,429
2024,22558L,True,22610.0,1333.0,646,434
2024,22562L,True,23830.0,1310.0,9,0
2024,22566L,True,23000.0,2377.0,657,440
2024,22570L,True,20540.0,1554.0,851,624
2024,22573L,True,18310.0,2389.0,723,495
2024,22584,True,29420.0,4170.0,843,528
2024,22587,True,35640.0,1686.0,1128,763
2024,22601L,True,36450.0,1301.0,873,583
2024,22604L,True,128620.0,3048.0,0,0
2024,22605L,True,69000.0,3005.0,460,290
2024,22610L,True,18310.0,1021.0,795,560
2024,22613L,True,20000.0,2265.0,579,404
2024,22702L,True,17500.0,1840.0,1092,726
2024,22704L,True,25050.0,2883.0,910,603
2024,22709L,True,15140.0,1643.0,1015,672
2024,22711L,True,19170.0,1901.0,899,591
2024,22713L,True,24040.0,1681.0,1060,688
2024,22721,True,29350.0,1916.0,937,610
2024,22722,True,25040.0,1965.0,878,574
2024,22723,True,26710.0,2030.0,884,585
2024,22724,True,21560.0,1351.0,889,597
2024,22825,True,24540.0,4803.0,937,664
2024,22826L,True,16780.0,1201.0,1136,750
2024,22828L,True,21130.0,1206.0,1098,701
2024,22830L,True,17040.0,1258.0,1095,728
2024,22834,True,16640.0,3516.0,908,628
2024,22835L,True,15250.0,1053.0,1092,742
2024,22837L,True,14170.0,1453.0,1084,701
2024,22901L,True,14040.0,1654.0,1220,777
2024,22904L,True,19000.0,1840.0,1178,777
2024,22907L,True,16000.0,1561.0,1185,789
2024,22908,True,20070.0,2371.0,1,0
2024,22913,True,20140.0,3281.0,990,654
2024,22917L,True,20000.0,1761.0,1140,748
2024,22918,True,20070.0,2031.0,1046,708
2024,22919L,True,22060.0,1343.0,1121,730
2024,23101L,True,68650.0,2197.0,410,251
2024,23102,True,79280.0,1636.0,196,97
2024,23103L,True,81550.0,2708.0,127,92
2024,23201L,True,85380.0,1193.0,224,124
2024,23207L,True,68000.0,2837.0,404,286
2024,23301L,True,83570.0,2292.0,156,121
2024,23303L,True,50140.0,1175.0,0,0
2024,23401L,True,74910.0,2819.0,204,108
2024,23412L,True,71810.0,1879.0,174,80
2024,23416,True,80920.0,1217.0,303,133
2024,23421,True,77690.0,3534.0,399,299
2024,23422,True,54610.0,1877.0,481,373
2024,23423L,True,56370.0,1395.0,427,332
2024,23425L,True,15410.0,1338.0,170,93
2024,23501,True,25540.0,2229.0,923,609
2024,23502L,True,28950.0,1668.0,880,592
2024,23504,True,58100.0,3073.0,763,557
2024,23505L,True,49000.0,3529.0,851,588
2024,23507,True,69320.0,2926.0,285,203
2024,23510L,True,117510.0,2627.0,546,418
2024,23608,True,22380.0,9322.0,306,166
2024,23609,True,20040.0,8195.0,110,31
2024,23610L,True,105000.0,2159.0,319,123
2024,23620L,True,48040.0,1152.0,449,196
2024,23623,True,35470.0,4936.0,68,42
2024,23624,True,60040.0,3570.0,179,88
2024,23701L,True,39940.0,6664.0,145,47
2024,23703L,True,21390.0,14805.0,65,28
2024,24101L,True,25110.0,2019.0,348,198
2024,24103L,True,23000.0,1758.0,360,198
2024,24104,True,19500.0,1025.0,370,198
2024,24106,True,27590.0,1149.0,377,205
2024,24107,True,23540.0,1000.0,373,204
2024,24108,True,49700.0,2922.0,349,185
2024,24109,True,31910.0,1177.0,328,172
2024,24110,True,33890.0,1114.0,380,197
2024,24111,True,37680.0,3649.0,379,188
2024,24112L,True,30340.0,2135.0,319,128
2024,24113,True,20730.0,9548.0,375,131
2024,24114L,True,31500.0,2067.0,373,132
2024,24115,True,27590.0,3675.0,323,132
2024,24117,True,33110.0,2055.0,375,131
2024,24119L,True,24210.0,1287.0,364,131
2024,24123,True,30100.0,1199.0,384,140
2024,24124L,True,32210.0,1011.0,411,144
2024,24126L,True,22900.0,2470.0,437,137
2024,24128L,True,22840.0,2062.0,530,204
2024,24201,True,52300.0,5884.0,334,193
2024,24202L,True,15890.0,3498.0,306,174
2024,24203,True,34480.0,2574.0,355,187
2024,24209L,True,19400.0,1498.0,271,123
2024,24211L,True,18830.0,1117.0,256,108
2024,24213L,True,20000.0,2092.0,251,97
2024,24228L,True,34040.0,7274.0,321,128
2024,24238,True,25040.0,1293.0,364,131
2024,24239,True,22020.0,1864.0,361,131
2024,24240,True,22000.0,2309.0,364,131
2024,24241L,True,20830.0,8527.0,360,131
2024,24243L,True,18210.0,1233.0,414,147
2024,24244L,True,20020.0,1182.0,463,165
2024,24246,True,17540.0,6666.0,372,139
2024,24250,True,26660.0,1742.0,443,159
2024,24301L,True,22540.0,1430.0,523,197
2024,24303L,True,21400.0,1469.0,493,190
2024,24304L,True,30320.0,1848.0,448,179
2024,24305L,True,39820.0,2442.0,469,171
2024,24310L,True,42040.0,2088.0,419,165
2024,24319L,True,22040.0,6663.0,434,182
2024,24324,True,19000.0,1330.0,369,172
2024,24325L,True,20040.0,1505.0,384,175
2024,24327L,True,20140.0,2383.0,404,177
2024,24330,True,23540.0,1941.0,401,195
2024,24331L,True,19000.0,1437.0,406,195
2024,24341L,True,21040.0,2126.0,401,171
2024,24346L,True,15380.0,7323.0,373,139
2024,24401L,True,22730.0,1130.0,477,163
2024,24402L,True,16000.0,1072.0,499,175
2024,24409L,True,31640.0,1917.0,478,180
2024,24416L,True,52570.0,1114.0,474,180
2024,24418L,True,60000.0,12758.0,407,166
2024,24421L,True,40200.0,1527.0,481,181
2024,24428,True,26840.0,2785.0,461,181
2024,24429,True,26320.0,1021.0,410,162
2024,24501L,True,22500.0,1147.0,403,197
2024,24506L,True,24710.0,3640.0,389,161
2024,24508,True,28490.0,2468.0,373,172
2024,24509,True,31140.0,4692.0,349,143
2024,24510,True,33000.0,4268.0,355,150
2024,24511,True,46140.0,3276.0,0,0
2024,24512,True,56360.0,4283.0,304,121
2024,24513,True,40000.0,4421.0,297,119
2024,24514,True,54000.0,2203.0,0,0
2024,24515,True,61420.0,4036.0,227,100
2024,24516,True,45390.0,3059.0,227,100
2024,24517,True,75550.0,1768.0,291,118
2024,24518,True,60700.0,5188.0,0,0
2024,24519,True,57000.0,1196.0,249,101
2024,24601L,True,84830.0,1586.0,239,143
2024,24603L,True,53360.0,1533.0,249,147
2024,24604L,True,14100.0,2774.0,266,156
2024,24610,True,84990.0,1871.0,231,124
2024,24611,True,11680.0,4942.0,345,190
2024,24612,True,71610.0,1168.0,298,123
2024,24613,True,72140.0,1668.0,245,144
2024,24615,True,35590.0,1243.0,232,139
2024,24703L,True,45950.0,4401.0,330,122
2024,24711L,True,18310.0,2004.0,242,96
2024,25101L,True,89420.0,15627.0,132,115
2024,25103L,True,73980.0,2716.0,0,0
2024,25203L,True,52040.0,1200.0,528,311
2024,25301L,True,70780.0,8566.0,469,313
2024,25303L,True,68370.0,2713.0,891,615
2024,25305L,True,21990.0,9694.0,968,682
2024,25306L,True,40100.0,3928.0,349,215
2024,25314,True,40560.0,7441.0,719,499
2024,25401L,True,75040.0,1770.0,122,62
2024,25409L,True,86240.0,7894.0,160,132
2024,25411L,True,89870.0,6332.0,217,142
2024,25413L,True,62140.0,1817.0,586,362
2024,25415L,True,85060.0,3378.0,335,218
2024,25501L,True,60190.0,19164.0,291,207
2024,25503L,True,52630.0,4569.0,334,235
2024,25506L,True,17640.0,19358.0,400,193
2024,25510,True,41670.0,1855.0,201,100
2024,25514,True,26040.0,16196.0,167,110
2024,25515,True,18420.0,3435.0,187,110
2024,25516,True,64670.0,5330.0,242,130
2024,26003L,True,46320.0,10547.0,153,118
2024,26004L,True,45410.0,1542.0,169,127
2024,26005,True,48940.0,1864.0,159,118
2024,26007L,True,49360.0,21794.0,98,64
2024,26008L,True,53090.0,6384.0,168,112
2024,26011L,True,35050.0,2070.0,0,0
2024,26101L,True,62070.0,1209.0,148,113
2024,26106L,True,25520.0,1440.0,329,218
2024,26116,True,14240.0,1031.0,5,5
2024,26117L,True,29140.0,1958.0,1,0
2024,26123,True,15240.0,3027.0,373,234
2024,26124,True,28380.0,1248.0,366,234
2024,26125,True,26270.0,1139.0,12,12
2024,26202,True,16800.0,18953.0,210,115
2024,26203L,True,19450.0,12521.0,118,47
2024,26206L,True,46600.0,3190.0,614,291
2024,26302L,True,13020.0,4719.0,370,174
2024,26310,True,18410.0,1463.0,626,295
2024,26311,True,14450.0,5659.0,560,291
2024,26312,True,15020.0,4540.0,359,165
2024,26313,True,17040.0,6021.0,575,288
2024,26314,True,16290.0,3844.0,472,230
2024,26315,True,19510.0,2567.0,294,138
2024,26316,True,19720.0,4349.0,694,321
2024,26317,True,29070.0,1107.0,514,249
2024,26318,True,15140.0,9143.0,446,224
2024,26319,True,19420.0,7809.0,178,71
2024,26320,True,75190.0,2155.0,1,0
2024,26321,True,75050.0,1515.0,0,0
2024,26401L,True,22100.0,1551.0,338,219
2024,26406,True,43070.0,1427.0,401,236
2024,26407,True,19300.0,1456.0,394,234
2024,26408,True,42070.0,1269.0,340,198
2024,26417L,True,14490.0,6692.0,578,339
2024,26420L,True,13730.0,15162.0,444,261
2024,26421,True,23480.0,1042.0,446,271
2024,26422L,True,33240.0,1801.0,389,229
2024,26424,True,30040.0,1369.0,410,225
2024,26425,True,11250.0,1537.0,374,205
2024,26428,True,17000.0,1291.0,5,5
2024,26429,True,23670.0,1200.0,347,175
2024,26433L,True,68290.0,1112.0,613,370
2024,26434,True,24860.0,10455.0,688,390
2024,26435L,True,14920.0,3429.0,623,343
2024,26437L,True,20310.0,4281.0,573,284
2024,26440,True,16040.0,1306.0,505,248
2024,26441L,True,30350.0,1956.0,622,298
2024,26443L,True,26040.0,1981.0,559,276
2024,26445,True,40040.0,1316.0,656,328
2024,26446,True,23170.0,1334.0,643,318
2024,26447L,True,28360.0,1773.0,602,287
2024,26449,True,18850.0,1402.0,647,315
2024,26450,True,19780.0,1247.0,636,304
2024,26451,True,35040.0,1073.0,624,298
2024,26452L,True,17620.0,1523.0,683,336
2024,26466,True,26910.0,1246.0,255,128
2024,26503L,True,20140.0,1665.0,644,320
2024,26508,True,18840.0,1436.0,659,327
2024,26509L,True,25320.0,2118.0,560,274
2024,26511,True,18600.0,1223.0,605,292
2024,26518L,True,31020.0,1887.0,655,324
2024,26520,True,13040.0,6283.0,0,0
2024,26521,True,18600.0,5625.0,632,309
2024,26601L,True,33580.0,1974.0,791,409
2024,26602,True,18600.0,1270.0,647,312
2024,26603,True,27140.0,1628.0,744,346
2024,26604L,True,15500.0,2049.0,745,357
2024,26606,True,17390.0,1053.0,744,365
2024,26607,True,17580.0,1315.0,722,366
2024,26608,True,17630.0,1385.0,694,332
2024,26609,True,17440.0,1045.0,690,333
2024,26610,True,25750.0,1282.0,682,336
2024,26611,True,18570.0,1257.0,686,338
2024,26612,True,26470.0,1509.0,702,348
2024,26615L,True,15000.0,2373.0,719,345
2024,26617L,True,19790.0,1496.0,747,353
2024,26619,True,14600.0,1404.0,681,316
2024,26620,True,15280.0,1100.0,712,329
2024,26621,True,15050.0,1147.0,730,329
2024,26622,True,16140.0,1201.0,730,329
2024,26623,True,18140.0,1039.0,27,0
2024,26624,True,18500.0,1058.0,17,0
2024,26625,True,17930.0,1161.0,570,288
2024,26626,True,13040.0,1091.0,686,329
2024,26628,True,12910.0,1040.0,846,417
2024,26629,True,15150.0,1248.0,916,469
2024,26630,True,14640.0,1706.0,911,463
2024,26631,True,17430.0,1497.0,758,346
2024,26632L,True,16000.0,1988.0,749,323
2024,26634,True,16060.0,1541.0,767,329
2024,26635,True,16340.0,1776.0,766,329
2024,26636,True,17040.0,1668.0,720,322
2024,26637,True,16930.0,1433.0,711,322
2024,26638,True,20000.0,1014.0,711,322
2024,26639,True,22570.0,1445.0,687,322
2024,26640L,True,21990.0,4743.0,689,357
2024,26703,True,21440.0,1596.0,908,459
2024,26704L,True,18220.0,2148.0,844,416
2024,26706L,True,16640.0,2659.0,776,351
2024,26709,True,17540.0,1829.0,790,350
2024,26710,True,17050.0,1126.0,749,321
2024,26711,True,19180.0,1397.0,750,338
2024,26712L,True,15240.0,1322.0,706,322
2024,26715L,True,16040.0,2316.0,929,507
2024,26717L,True,15140.0,1871.0,934,499
2024,26719L,True,16970.0,1866.0,808,377
2024,26721,True,17920.0,1250.0,828,378
2024,26722,True,16950.0,1632.0,0,0
2024,26723L,True,27040.0,1571.0,783,359
2024,26724,True,22040.0,2044.0,739,350
2024,26725L,True,19520.0,1553.0,946,520
2024,26728L,True,17040.0,1882.0,924,498
2024,26729,True,21250.0,1194.0,882,450
2024,26730,True,16460.0,1508.0,815,425
2024,26734,True,20000.0,1188.0,948,501
2024,26735L,True,19520.0,1727.0,897,457
2024,26737,True,31140.0,1680.0,863,445
2024,26738L,True,30000.0,1822.0,1020,555
2024,26802L,True,94460.0,2096.0,68,51
2024,26807,True,16040.0,2668.0,199,98
2024,26808L,True,92140.0,1656.0,0,0
2024,26812L,True,14620.0,2419.0,488,211
2024,26819L,True,82290.0,2345.0,245,112
2024,26832,True,74040.0,4043.0,78,51
2024,26833,True,15850.0,6389.0,144,78
2024,26834,True,82210.0,1777.0,68,50
2024,26835,True,106390.0,1829.0,40,32
2024,26901L,True,25190.0,10779.0,0,0
2024,27101L,True,91250.0,1540.0,0,0
2024,27102,True,65870.0,1054.0,36,29
2024,27104,True,107240.0,2197.0,39,32
2024,27105L,True,140110.0,1752.0,37,29
2024,27107L,True,88100.0,2204.0,44,32
2024,27132L,True,91450.0,1820.0,67,48
2024,27137L,True,98500.0,1522.0,145,114
2024,27140L,True,41190.0,1099.0,193,158
2024,27145,True,100500.0,1707.0,132,107
2024,27146L,True,68060.0,2016.0,185,131
2024,27201L,True,75500.0,1654.0,62,48
2024,27203,True,135250.0,1558.0,65,50
2024,27204,True,60420.0,1534.0,64,49
2024,27205L,True,32770.0,1241.0,65,50
2024,27207,True,89000.0,2168.0,64,49
2024,27208L,True,116670.0,1860.0,83,61
2024,28002L,True,13090.0,8977.0,218,107
2024,28009,True,21960.0,1662.0,299,133
2024,28010L,True,31880.0,14847.0,197,133
2024,28017L,True,47280.0,13362.0,358,199
2024,28102L,True,15950.0,3183.0,26,1
2024,28103L,True,22160.0,27674.0,103,4
2024,28105L,True,30240.0,10048.0,113,1
2024,28109,True,20840.0,8800.0,133,21
2024,28110,True,36310.0,1442.0,133,21
2024,28111,True,25310.0,13034.0,106,5
2024,28112L,True,17680.0,1925.0,232,89
2024,28113,True,24520.0,7253.0,271,112
2024,28116L,True,17890.0,12224.0,235,105
2024,28120,True,20000.0,1007.0,260,98
2024,28121,True,21820.0,1046.0,305,128
2024,28122,True,35020.0,4190.0,319,132
2024,28123L,True,65550.0,4473.0,373,199
2024,28128L,True,35420.0,9020.0,343,195
2024,28129L,True,37230.0,7576.0,35,5
2024,28130,True,20070.0,16079.0,235,109
2024,28131,True,27010.0,8550.0,0,0
2024,28132,True,62780.0,7235.0,291,139
2024,28135,True,16920.0,14349.0,214,70
2024,28136,True,29720.0,2035.0,118,52
2024,28137,True,22480.0,18115.0,115,50
2024,28139L,True,26650.0,4394.0,135,25
2024,28141,True,20050.0,3933.0,216,90
2024,28143,True,24600.0,2744.0,135,25
2024,28207,True,20170.0,3161.0,183,116
2024,28209,True,30010.0,3164.0,296,179
2024,28210,True,20300.0,4519.0,180,133
2024,28213L,True,30430.0,10099.0,3,0
2024,28215L,True,28770.0,7910.0,128,98
2024,28218L,True,20400.0,9711.0,144,99
2024,28220L,True,33830.0,1776.0,0,0
2024,28221,True,21970.0,3572.0,69,53
2024,28222,True,22170.0,4064.0,115,99
2024,28223L,True,21760.0,5746.0,204,136
2024,28302L,True,21820.0,7461.0,308,193
2024,28307L,True,17810.0,4741.0,407,276
2024,28317L,True,50020.0,1413.0,368,248
2024,28321,True,15620.0,4692.0,383,210
2024,28322,True,25050.0,1308.0,429,245
2024,28323,True,25000.0,4986.0,413,234
2024,28325,True,19260.0,6625.0,362,201
2024,28326,True,40190.0,3940.0,453,300
2024,28327,True,19770.0,7908.0,455,313
2024,28328L,True,19000.0,10555.0,419,301
2024,28329L,True,11420.0,2463.0,0,0
2024,28332L,True,10320.0,2441.0,407,268
2024,28335,True,20040.0,3113.0,327,214
2024,28401L,True,14510.0,1887.0,384,223
2024,28403L,True,16260.0,1952.0,395,239
2024,28407L,True,19000.0,2365.0,446,296
2024,28418L,True,25840.0,1574.0,434,288
2024,28420,True,31390.0,3139.0,422,275
2024,28421L,True,20000.0,1680.0,404,266
2024,28423,True,26030.0,1165.0,412,272
2024,28425L,True,31090.0,1763.0,325,192
2024,28427,True,70000.0,3264.0,376,240
2024,28502L,True,38170.0,1597.0,342,227
2024,28505L,True,23670.0,1724.0,288,214
2024,28508,True,23040.0,1021.0,389,232
2024,28509L,True,19130.0,1793.0,396,239
2024,28511,True,21290.0,1237.0,386,239
2024,28512,True,23770.0,1664.0,397,254
2024,28513L,True,21250.0,1137.0,398,261
2024,28516L,True,20180.0,2303.0,269,181
2024,28519L,True,23600.0,1474.0,246,154
2024,28521L,True,20060.0,1669.0,346,201
2024,28607L,True,15240.0,18864.0,0,0
2024,28613L,True,49300.0,1310.0,335,227
2024,28614L,True,15230.0,11985.0,265,169
2024,28627,True,66980.0,1739.0,221,126
2024,28628,True,58090.0,1490.0,234,119
2024,28629,True,65540.0,2116.0,196,111
2024,28630,True,40040.0,1103.0,0,0
2024,28631L,True,49300.0,1510.0,123,77
2024,28638,True,36040.0,2458.0,243,137
2024,28701,True,16800.0,17972.0,244,137
2024,28804L,True,64600.0,7270.0,0,0
2024,28806L,True,25040.0,4050.0,22,2
2024,28808,True,25440.0,4237.0,27,2
2024,28809,True,22670.0,12309.0,75,2
2024,28810,True,22420.0,10539.0,52,5
2024,28811L,True,42040.0,4837.0,45,23
2024,28813L,True,41460.0,1538.0,24,7
2024,28815,True,41180.0,5735.0,21,5
2024,28817,True,31550.0,1933.0,11,5
2024,28818,True,29340.0,4947.0,0,0
2024,28819,True,16750.0,5630.0,0,0
2024,28821,True,71480.0,1319.0,13,5
2024,29001L,True,62220.0,6341.0,223,209
2024,29003L,True,65070.0,4922.0,319,293
2024,29006,True,55040.0,13541.0,275,264
2024,29007L,True,22330.0,1757.0,0,0
2024,29009,True,60000.0,4255.0,302,291
2024,29014L,True,17550.0,21886.0,124,101
2024,29101,True,19250.0,12009.0,82,20
2024,29102L,True,38500.0,4303.0,42,0
2024,29105,True,17050.0,11661.0,224,83
2024,29106,True,32000.0,20433.0,250,109
2024,29107L,True,18500.0,14370.0,0,0
2024,29115,True,16000.0,11491.0,322,195
2024,29117,True,15400.0,13653.0,123,30
2024,29201,True,19960.0,24975.0,27,0
2024,29202L,True,17600.0,18254.0,0,0
2024,29209,True,16510.0,7195.0,29,0
2024,29210,True,19850.0,11998.0,29,0
2024,29211L,True,28290.0,3947.0,29,0
2024,29212,True,60560.0,7297.0,32,0
2024,29301,True,28070.0,19260.0,112,32
2024,29302,True,22020.0,8584.0,56,0
2024,29303,True,17630.0,16402.0,30,0
2024,29306,True,24070.0,22438.0,28,0
2024,29307,True,19030.0,14531.0,43,0
2024,29308L,True,16380.0,23640.0,0,0
2024,29401,True,36860.0,1238.0,214,90
2024,29403L,True,25020.0,2895.0,124,33
2024,29405,True,32180.0,4106.0,108,38
2024,29406,True,16730.0,1441.0,446,322
2024,29407L,True,18820.0,1101.0,437,313
2024,29408,True,17920.0,5912.0,435,258
2024,29409,True,31390.0,1353.0,327,230
2024,29410,True,20130.0,2464.0,449,343
2024,29411,True,15940.0,1114.0,481,368
2024,29412,True,20040.0,2493.0,409,307
2024,29414,True,14620.0,1183.0,489,366
2024,29415,True,15410.0,4318.0,437,322
2024,29416,True,23540.0,12249.0,399,285
2024,29419L,True,17220.0,20532.0,48,4
2024,29420L,True,27710.0,4656.0,525,351
2024,29422,True,18940.0,5915.0,528,413
2024,29423,True,18110.0,1038.0,517,407
2024,29424L,True,18240.0,2851.0,513,393
2024,29427L,True,18750.0,1852.0,504,390
2024,29432,True,32040.0,3197.0,502,399
2024,29433,True,19920.0,2175.0,534,414
2024,29434L,True,20130.0,2141.0,530,417
2024,29436L,True,17750.0,1403.0,500,389
2024,29439,True,30000.0,3845.0,541,438
2024,29440,True,25000.0,1005.0,526,427
2024,29441L,True,23120.0,4615.0,517,423
2024,29445L,True,27070.0,4936.0,556,455
2024,29448,True,20250.0,1378.0,509,385
2024,29449L,True,13850.0,16724.0,386,211
2024,29452,True,29670.0,3154.0,244,113
2024,29453,True,15070.0,22140.0,0,0
2024,29454L,True,28210.0,3204.0,204,38
2024,29455,True,34430.0,4436.0,320,228
2024,29456,True,12540.0,1702.0,0,0
2024,29457,True,58070.0,1812.0,139,38
2024,29458,True,23140.0,4143.0,325,204
2024,29702,True,37520.0,4867.0,100,73
2024,29703,True,61050.0,1490.0,388,338
2024,29705,True,36960.0,4928.0,343,311
2024,29706,True,21290.0,8613.0,102,74
2024,29707L,True,17540.0,7923.0,78,53
2024,29711,True,19450.0,6456.0,95,68
2024,29712L,True,20560.0,8476.0,95,68
2024,29717,True,50310.0,6063.0,0,0
2024,29719L,True,34170.0,7332.0,54,27
2024,29721,True,22090.0,10725.0,54,27
2024,29722L,True,20470.0,6488.0,0,0
2024,29723,True,30200.0,3904.0,57,27
2024,29725,True,32140.0,2236.0,101,73
2024,29726,True,30040.0,1377.0,100,73
2024,29727,True,14040.0,5221.0,54,27
2024,29728,True,33450.0,5035.0,80,53
2024,29729,True,20510.0,7318.0,72,46
2024,29802L,True,35630.0,21517.0,69,48
2024,29809,True,65270.0,2765.0,67,48
2024,29818L,True,32900.0,13218.0,67,48
2024,29822,True,20040.0,9692.0,67,48
2024,29823,True,32440.0,4676.0,64,48
2024,29824,True,22070.0,1574.0,67,48
2024,29825L,True,29040.0,2537.0,67,48
2024,31001L,True,18730.0,1662.0,2,0
2024,32001L,True,60020.0,7823.0,0,0
2024,32105L,True,29480.0,2474.0,3,0
2024,32108L,True,40580.0,2205.0,2,0
2024,32112,True,28870.0,1600.0,199,94
2024,32113,True,29020.0,1218.0,96,26
2024,32202L,True,45140.0,3399.0,26,26
2024,32303L,True,41680.0,8050.0,226,194
2024,32307L,True,50140.0,8989.0,507,362
2024,32319L,True,31900.0,19751.0,0,0
2024,32325,True,29040.0,2782.0,124,102
2024,32327L,True,37790.0,6826.0,91,83
2024,32330L,True,47070.0,12886.0,45,36
2024,32332L,True,57500.0,2139.0,102,91
2024,32333,True,50090.0,7631.0,60,51
2024,32334,True,57500.0,3982.0,21,13
2024,32335L,True,49110.0,2101.0,17,9
2024,32337L,True,40130.0,3197.0,0,0
2024,32404L,True,14630.0,1072.0,397,337
2024,32405,True,15570.0,7192.0,619,436
2024,32406,True,21140.0,4155.0,654,433
2024,32407,True,17500.0,1918.0,614,436
2024,32408L,True,13820.0,2147.0,640,439
2024,32410,True,18530.0,1864.0,650,423
2024,32411,True,32330.0,1206.0,639,408
2024,32412,True,18110.0,4869.0,5,0
2024,32415,True,28140.0,3533.0,468,254
2024,32417,True,21300.0,5680.0,625,442
2024,32418L,True,39130.0,1344.0,618,433
2024,32422,True,23520.0,9540.0,610,399
2024,32425L,True,36490.0,2374.0,557,339
2024,32433,True,33230.0,1244.0,594,381
2024,32434L,True,30150.0,3615.0,646,418
2024,32435,True,40040.0,10466.0,536,313
2024,32437,True,20900.0,1496.0,550,320
2024,32438L,True,19040.0,1172.0,566,337
2024,32440,True,18040.0,2238.0,631,398
2024,32441,True,28640.0,2696.0,602,359
2024,32443,True,42630.0,16509.0,281,196
2024,32444,True,44870.0,2521.0,531,341
2024,32445,True,61910.0,2298.0,587,422
2024,32446,True,20320.0,3533.0,558,424
2024,32447,True,70000.0,6218.0,449,347
2024,32451,True,17250.0,1989.0,600,366
2024,32452L,True,60500.0,3598.0,625,405
2024,32454,True,50170.0,7337.0,557,339
2024,32455,True,29730.0,2664.0,477,272
2024,32503L,True,22700.0,5159.0,11,0
2024,32505,True,19920.0,27893.0,23,0
2024,32508L,True,21940.0,1804.0,83,3
2024,32509L,True,46120.0,2374.0,227,48
2024,32511,True,49990.0,2433.0,167,47
2024,32516,True,17480.0,15874.0,314,140
2024,32601,True,23190.0,2461.0,429,220
2024,32602L,True,21630.0,11626.0,315,120
2024,32603,True,20040.0,5734.0,144,49
2024,32604,True,19910.0,6223.0,220,74
2024,32605,True,20500.0,13164.0,174,37
2024,32608,True,28510.0,8651.0,202,73
2024,32609,True,40090.0,2104.0,321,222
2024,32610,True,24890.0,6613.0,281,179
2024,32611,True,19040.0,39767.0,23,8
2024,32612L,True,40780.0,3617.0,254,209
2024,32613,True,26040.0,5285.0,0,0
2024,32615,True,20140.0,17190.0,286,224
2024,32617L,True,31870.0,1607.0,199,154
2024,32621,True,19050.0,22846.0,193,35
2024,32625,True,40440.0,4432.0,237,190
2024,32626,True,16350.0,2377.0,252,206
2024,32630,True,23280.0,3145.0,44,1
2024,32702L,True,23670.0,17372.0,18,0
2024,32704,True,22430.0,16322.0,131,9
2024,32706,True,23510.0,4415.0,170,59
2024,32707L,True,44320.0,6663.0,1,0
2024,32708,True,19110.0,17370.0,95,0
2024,32710,True,18990.0,14535.0,0,0
2024,32714L,True,20050.0,7006.0,210,72
2024,32716,True,49130.0,3709.0,201,68
2024,32717,True,21820.0,16160.0,94,0
2024,32718,True,15340.0,1943.0,109,3
2024,32722,True,28000.0,1317.0,3,3
2024,32802L,True,41040.0,2030.0,293,225
2024,32803,True,21620.0,8198.0,3,3
2024,32804L,True,50790.0,6891.0,0,0
2024,32805L,True,19320.0,6817.0,10,0
2024,32806,True,18500.0,11983.0,22,7
2024,32816,True,23170.0,1661.0,15,2
2024,32817L,True,13440.0,1890.0,20,13
2024,32820,True,31730.0,12019.0,53,16
2024,32824,True,0.0,1010.0,0,0
2024,32825,True,63040.0,1789.0,50,16
2024,33501L,True,29390.0,1766.0,14,10
2024,33503L,True,62150.0,10639.0,15,10
2024,33504,True,54780.0,3946.0,15,10
2024,33505,True,46560.0,3937.0,14,10
2024,33506L,True,47390.0,4525.0,13,10
2024,33601L,True,40040.0,1335.0,3,0
2024,33603L,True,37080.0,8861.0,0,0
2024,35001,True,21710.0,15019.0,45,25
2024,35002,True,29920.0,6334.0,13,0
2024,35003L,True,35070.0,2674.0,0,0
2024,35004L,True,40210.0,11379.0,35,10
2024,35007L,True,28250.0,2464.0,41,10
2024,35008L,True,45670.0,4342.0,94,10
2024,35009L,True,50050.0,4497.0,16,16
2024,35018L,True,37090.0,4915.0,25,16
2024,35038L,True,17660.0,20645.0,53,23
2024,35041,True,28170.0,1762.0,46,22
2024,35043L,True,23790.0,4895.0,104,0
2024,35045,True,21230.0,4309.0,90,10
2024,35046,True,44290.0,2747.0,94,10
2024,35050,True,32400.0,2362.0,91,10
2024,35051L,True,60560.0,3395.0,92,10
2024,35053,True,60250.0,9179.0,81,10
2024,35055,True,36060.0,5162.0,0,0
2024,35101L,True,62210.0,8299.0,82,0
2024,35103,True,23220.0,10094.0,89,0
2024,35104,True,23430.0,12377.0,85,0
2024,35105,True,34500.0,6010.0,84,0
2024,35106,True,22950.0,9498.0,84,0
2024,35107L,True,21600.0,11614.0,0,0
2024,35118,True,20850.0,12913.0,5,0
2024,35119L,True,52090.0,2696.0,0,0
2024,41101L,True,31910.0,1385.0,0,0
2024,42101L,True,40050.0,6422.0,0,0
2024,42203,True,15800.0,23906.0,66,35
2024,42204,True,21590.0,1936.0,66,35
2024,42205L,True,35070.0,12513.0,83,53
2024,42209,True,31990.0,9169.0,53,34
2024,42210L,True,30460.0,9240.0,107,64
2024,42224,True,20040.0,4652.0,102,53
2024,42225,True,45920.0,10280.0,66,35
2024,42226,True,22600.0,6193.0,75,35
2024,42303,True,28200.0,10959.0,61,42
2024,42304L,True,18040.0,1846.0,2,0
2024,42309L,True,44000.0,4418.0,225,123
2024,42317L,True,34980.0,9325.0,295,93
2024,42328,True,28850.0,4606.0,273,120
2024,42334L,True,17820.0,20846.0,67,13
2024,42336L,True,14350.0,19043.0,191,95
2024,42338,True,26540.0,10547.0,102,29
2024,42340L,True,32060.0,5894.0,178,104
2024,42341L,True,36960.0,1789.0,83,47
2024,42343,True,0.0,2473.0,62,17
2024,42344L,True,24770.0,11311.0,16,7
2024,42346L,True,23450.0,24811.0,30,0
2024,42349L,True,33340.0,1190.0,2,0
2024,42354,True,20270.0,3145.0,38,24
2024,42358,True,23140.0,14017.0,90,16
2024,42360L,True,9630.0,10896.0,50,16
2024,42362,True,35710.0,5588.0,106,29
2024,42363L,True,34150.0,2158.0,44,10
2024,42365,True,17040.0,13717.0,13,11
2024,42367L,True,37350.0,2297.0,37,3
2024,42404L,True,27860.0,2556.0,322,120
2024,42405L,True,22000.0,2805.0,337,134
2024,42411,True,17540.0,2202.0,336,134
2024,42412,True,27350.0,1919.0,328,107
2024,42413,True,26150.0,1880.0,334,132
2024,42415L,True,53040.0,5104.0,294,63
2024,42418,True,26930.0,3162.0,301,69
2024,42419L,True,21900.0,5939.0,235,27
2024,42421,True,33040.0,3320.0,5,0
2024,42422,True,16640.0,14818.0,198,29
2024,42423,True,20470.0,24464.0,215,62
2024,42424L,True,26450.0,8750.0,93,41
2024,42426L,True,45600.0,6258.0,93,43
2024,42430L,True,30560.0,11829.0,100,19
2024,42431,True,32480.0,8693.0,327,88
2024,42502,True,45250.0,1530.0,92,71
2024,42504L,True,21500.0,6007.0,96,72
2024,42505L,True,38070.0,1369.0,92,71
2024,42506L,True,27550.0,1805.0,32,27
2024,42507L,True,18100.0,1845.0,323,134
2024,42510L,True,46700.0,1860.0,153,27
2024,42511,True,37980.0,7501.0,142,27
2024,42512L,True,33650.0,1201.0,5,0
2024,42513,True,19400.0,4554.0,97,19
2024,42514,True,40040.0,4492.0,99,19
2024,42516L,True,60000.0,1004.0,5,0
2024,42520L,True,47770.0,2056.0,5,0
2024,42523,True,34040.0,1857.0,5,0
2024,42527L,True,25970.0,17042.0,0,0
2024,42529L,True,42190.0,4668.0,26,7
2024,42539,True,33040.0,4260.0,121,88
2024,42540,True,32200.0,7405.0,168,91
2024,42547,True,50040.0,2345.0,28,9
2024,42601L,True,46830.0,1831.0,7,7
2024,42606,True,45150.0,2342.0,0,0
2024,42609,True,32120.0,3228.0,0,0
2024,42610L,True,32170.0,1938.0,8,7
2024,42612,True,44450.0,1122.0,0,0
2024,42614L,True,60040.0,2266.0,0,0
2024,42617,True,37340.0,2048.0,2,0
2024,42621,True,43150.0,1688.0,0,0
2024,42623,True,47140.0,1688.0,0,0
2024,42625L,True,56700.0,1408.0,0,0
2024,42631,True,40170.0,4182.0,7,7
2024,42708L,True,31700.0,1000.0,1,0
2024,42715,True,25080.0,1835.0,2,0
2024,42718,True,65170.0,2238.0,0,0
2024,43101L,True,32660.0,2426.0,0,0
2024,44101,True,30150.0,4857.0,13,10
2024,44102L,True,20040.0,1269.0,12,10
2024,44104L,True,30260.0,5005.0,0,0
2024,44114L,True,38020.0,3848.0,14,11
2024,44116L,True,43140.0,1767.0,29,11
2024,44119L,True,38500.0,4510.0,31,11
2024,44203L,True,35000.0,5122.0,3,2
2024,44204L,True,32890.0,1387.0,11,10
2024,44206L,True,31580.0,1840.0,1,0
2024,51002L,True,22770.0,10815.0,44,12
2024,51004,True,23930.0,27148.0,132,54
2024,51005,True,34130.0,9041.0,137,54
2024,51006L,True,32810.0,18952.0,107,24
2024,51008,True,22590.0,29929.0,126,53
2024,51009L,True,38860.0,7416.0,161,78
2024,51010L,True,38480.0,4707.0,141,57
2024,51013,True,32040.0,3883.0,126,49
2024,51014,True,31250.0,17239.0,97,65
2024,51017L,True,20000.0,10368.0,110,55
2024,51021,True,33810.0,10309.0,81,72
2024,51022,True,34080.0,6295.0,114,75
2024,51023L,True,39950.0,6086.0,94,72
2024,51025,True,11820.0,10794.0,45,27
2024,51026,True,25170.0,26632.0,70,45
2024,51027,True,16390.0,9481.0,99,80
2024,51028,True,16500.0,6441.0,98,79
2024,51029L,True,22950.0,11405.0,51,26
2024,51031L,True,28540.0,11804.0,67,42
2024,51033L,True,30800.0,4030.0,97,78
2024,51037,True,27260.0,13831.0,46,38
2024,51038L,True,28920.0,21125.0,8,8
2024,51101,True,29110.0,1448.0,2,0
2024,51102,True,33570.0,1334.0,1,0
2024,51103L,True,31040.0,1304.0,12,0
2024,51105L,True,29430.0,1595.0,0,0
2024,51108L,True,32480.0,2140.0,1,0
2024,51111L,True,33790.0,1083.0,0,0
2024,51201L,True,30050.0,1964.0,24,11
2024,51203L,True,28090.0,2121.0,1,0
2024,51205,True,29850.0,1059.0,1,0
2024,51207,True,33790.0,1785.0,37,11
2024,51212,True,29040.0,2252.0,37,11
2024,51213L,True,30650.0,1216.0,32,11
2024,51217L,True,31490.0,2112.0,0,0
2024,51301L,True,22000.0,2281.0,0,0
2024,51402L,True,23540.0,2094.0,1,0
2024,51403L,True,25240.0,1687.0,0,0
2024,51414,True,19560.0,1274.0,0,0
2024,51501,True,15170.0,11851.0,35,11
2024,51502,True,38370.0,1907.0,37,11
2024,51503L,True,21690.0,2738.0,11,0
2024,51519,True,34400.0,6654.0,87,19
2024,51601L,True,25760.0,1857.0,0,0
2024,51603,True,19470.0,1747.0,0,0
2024,51701L,True,24770.0,1394.0,7,0
2024,51710L,True,20030.0,2283.0,88,19
2024,51711L,True,43370.0,2952.0,14,6
2024,51717,True,25500.0,1990.0,7,6
2024,51848L,True,28350.0,3205.0,3,2
2024,51901L,True,40070.0,3726.0,0,0
2024,51902L,True,34150.0,1968.0,0,0
2024,51904,True,45140.0,3948.0,36,11
2024,51905,True,50000.0,1667.0,7,6
2024,51910,True,45000.0,2182.0,35,11
2024,51911L,True,34840.0,1929.0,36,11
2024,52101L,True,25990.0,3516.0,2,2
2024,52106L,True,42170.0,1395.0,21,18
2024,52108,True,26380.0,1027.0,20,16
2024,52109,True,29570.0,1828.0,19,15
2024,52110L,True,20540.0,2141.0,20,15
2024,52113,True,50040.0,1707.0,19,15
2024,52201L,True,26840.0,1610.0,0,0
2024,52202,True,18130.0,1046.0,3,1
2024,52204L,True,28150.0,1201.0,0,0
2024,52205,True,42640.0,2009.0,3,1
2024,52206,True,31680.0,4075.0,4,1
2024,52207L,True,32700.0,1511.0,1,0
2024,52208,True,32200.0,4229.0,3,0
2024,52209,True,40170.0,1174.0,3,0
2024,52210L,True,31520.0,1507.0,3,1
2024,52211,True,27740.0,2595.0,3,0
2024,52212L,True,23380.0,2142.0,2,0
2024,52215,True,25330.0,1545.0,4,1
2024,52302,True,25140.0,1150.0,5,1
2024,52303,True,40170.0,1442.0,7,0
2024,52309,True,24140.0,2098.0,2,0
2024,52310L,True,36050.0,1642.0,0,0
2024,52313,True,15280.0,1424.0,0,0
2024,52314L,True,18820.0,1671.0,12,11
2024,52315,True,16710.0,3171.0,0,0
2024,52322,True,24290.0,1476.0,1,0
2024,52401L,True,21290.0,1662.0,613,297
2024,52402,True,32720.0,3789.0,660,341
2024,52403L,True,30670.0,1199.0,504,218
2024,52404,True,21000.0,3214.0,664,343
2024,52405,True,25040.0,3007.0,655,343
2024,52406,True,25120.0,1502.0,665,343
2024,52408,True,23040.0,1005.0,613,297
2024,52409,True,18500.0,1234.0,627,310
2024,52410,True,19140.0,1709.0,663,345
2024,52411L,True,25850.0,3779.0,604,332
2024,52412,True,23070.0,2098.0,640,326
2024,52413,True,25120.0,1914.0,634,343
2024,52415,True,20040.0,1598.0,574,310
2024,52417,True,25040.0,1439.0,600,330
2024,52418,True,25860.0,2635.0,599,331
2024,52419L,True,24040.0,3630.0,476,233
2024,52423L,True,24190.0,1157.0,586,298
2024,52425,True,18040.0,2041.0,581,293
2024,52426,True,50040.0,9994.0,312,139
2024,52427,True,23190.0,2873.0,620,328
2024,52428,True,55020.0,4560.0,331,134
2024,52429,True,34170.0,2562.0,504,260
2024,52430,True,30000.0,5520.0,88,49
2024,52431L,True,42880.0,4963.0,158,65
2024,52438,True,40040.0,2795.0,366,170
2024,52439,True,19220.0,2356.0,615,309
2024,52440,True,47500.0,1252.0,555,273
2024,52501L,True,26500.0,1678.0,9,0
2024,52601L,True,40270.0,6770.0,0,0
2024,52605,True,45270.0,2463.0,0,0
2024,52606L,True,23000.0,1410.0,0,0
2024,52701L,True,44140.0,1979.0,257,136
2024,52702,True,16400.0,5834.0,394,205
2024,52704,True,25230.0,2271.0,493,229
2024,52705L,True,22110.0,2674.0,556,261
2024,52707L,True,41750.0,1942.0,171,97
2024,52710,True,43520.0,4747.0,159,85
2024,52711,True,30040.0,2123.0,421,223
2024,52712L,True,21390.0,22782.0,315,149
2024,52713,True,24900.0,4719.0,482,231
2024,52714,True,30790.0,4821.0,514,229
2024,52716L,True,23700.0,1245.0,266,139
2024,52719L,True,45000.0,6165.0,171,98
2024,52722,True,30740.0,2471.0,465,217
2024,52723,True,43270.0,2717.0,320,180
2024,52801L,True,27620.0,5568.0,0,0
2024,52901,True,41240.0,8473.0,205,100
2024,52902L,True,32400.0,2148.0,514,276
2024,52903L,True,28280.0,1399.0,377,178
2024,52904,True,51120.0,4099.0,452,230
2024,52907,True,45150.0,4644.0,455,226
2024,52908,True,32850.0,1613.0,195,91
2024,53101L,True,26440.0,1558.0,0,0
2024,53102L,True,15800.0,1159.0,1,0
2024,53103L,True,28080.0,1088.0,3,0
2024,53104L,True,40000.0,3043.0,2,0
2024,53108,True,32540.0,1869.0,2,0
2024,53109,True,40100.0,1401.0,1,0
2024,53111L,True,32840.0,1928.0,0,0
2024,53114,True,34050.0,2241.0,2,0
2024,53119L,True,27750.0,1756.0,0,0
2024,53124L,True,39040.0,3359.0,1,0
2024,53201L,True,19750.0,1742.0,0,0
2024,53203,True,35340.0,1026.0,0,0
2024,53204,True,28140.0,1855.0,1,0
2024,53206L,True,19480.0,2662.0,2,0
2024,53207L,True,27280.0,2999.0,2,0
2024,53214L,True,43170.0,1603.0,0,0
2024,53216L,True,39000.0,1142.0,0,0
2024,53301L,True,32590.0,1062.0,0,0
2024,53303,True,39320.0,1101.0,2,0
2024,53304,True,22610.0,1569.0,1,0
2024,53305L,True,25400.0,1195.0,1,0
2024,53306L,True,31660.0,2069.0,0,0
2024,54101L,True,21720.0,1665.0,1,1
2024,54102L,True,30070.0,1396.0,1,1
2024,54104L,True,63390.0,14999.0,3,3
2024,54107,True,21380.0,1081.0,1,1
2024,54201L,True,19250.0,1562.0,0,0
2024,54205L,True,15640.0,1236.0,0,0
2024,54206L,True,20330.0,1732.0,0,0
2024,54208L,True,83980.0,4677.0,0,0
2024,54209,True,13830.0,2018.0,1,0
2024,54211L,True,14400.0,1262.0,1,0
2024,54301L,True,40100.0,1821.0,0,0
2024,54312L,True,60070.0,1516.0,0,0
2024,54401L,True,22040.0,2431.0,0,0
2024,54402,True,20950.0,1046.0,0,0
2024,54501L,True,17630.0,1486.0,0,0
2024,54701L,True,42770.0,1911.0,1,0
2024,54703,True,16830.0,2585.0,0,0
2024,54704,True,24040.0,4647.0,0,0
2024,54705L,True,24040.0,1670.0,0,0
2024,54709L,True,20080.0,1665.0,0,0
2024,54712L,True,42620.0,1819.0,0,0
2024,54801L,True,15540.0,1773.0,0,0
2024,61001L,True,35090.0,3307.0,0,0
2024,62114L,True,32900.0,1599.0,0,0
2024,62122,True,29800.0,1217.0,0,0
2024,62301L,True,17820.0,1919.0,1,0
2024,62303,True,25240.0,2502.0,1,0
2024,62401L,True,15000.0,1248.0,165,28
2024,62403L,True,18630.0,2294.0,165,28
2024,62408L,True,14580.0,1514.0,166,29
2024,62412L,True,15790.0,1375.0,168,29
2024,62419L,True,26140.0,1561.0,166,29
2024,62421,True,25630.0,3958.0,174,30
2024,62422L,True,30140.0,2133.0,168,31
2024,62424L,True,28880.0,2592.0,171,33
2024,62428,True,23180.0,16731.0,166,30
2024,62434L,True,20700.0,8420.0,14,0
2024,62435L,True,30290.0,5662.0,165,28
2024,62438L,True,31280.0,2534.0,74,0
2024,62439,True,65090.0,1536.0,0,0
2024,62441L,True,22800.0,2054.0,0,0
2024,62501L,True,18540.0,4129.0,155,79
2024,62511,True,34260.0,2910.0,152,84
2024,62513L,True,27140.0,5347.0,132,67
2024,62515L,True,19170.0,12811.0,142,92
2024,62521L,True,17140.0,1700.0,108,65
2024,62525,True,32650.0,4831.0,3,0
2024,62526L,True,24230.0,1417.0,137,84
2024,62527,True,41380.0,1254.0,120,68
2024,62528,True,37530.0,6633.0,118,66
2024,62529L,True,21930.0,2438.0,135,83
2024,62536L,True,15040.0,1117.0,118,66
2024,62539L,True,15040.0,2253.0,136,84
2024,62542,True,32050.0,3779.0,111,67
2024,62544L,True,40170.0,3968.0,118,66
2024,62548L,True,23420.0,1151.0,0,0
2024,62601L,True,21550.0,2833.0,2,0
2024,62603,True,18160.0,3152.0,162,28
2024,62604L,True,26240.0,3051.0,173,30
2024,62607,True,14850.0,11833.0,162,28
2024,62608,True,28250.0,4782.0,159,28
2024,62701L,True,20280.0,7571.0,126,28
2024,62702,True,45400.0,2899.0,142,32
2024,62704,True,22210.0,4010.0,159,28
2024,62705,True,17000.0,18505.0,49,26
2024,62801,True,38050.0,3647.0,12,5
2024,62802L,True,47380.0,1799.0,77,36
2024,62806,True,24700.0,6030.0,60,27
2024,62810,True,36390.0,9503.0,64,31
2024,62811,True,24180.0,6212.0,48,15
2024,62812,True,31970.0,6677.0,76,35
2024,62813,True,36480.0,6650.0,48,15
2024,62814,True,23150.0,14380.0,48,15
2024,62815,True,27780.0,11370.0,40,15
2024,62816,True,15750.0,2151.0,39,15
2024,62817L,True,22920.0,1295.0,45,15
2024,62822,True,30210.0,6650.0,58,43
2024,62823,True,26040.0,5196.0,76,35
2024,63101L,True,30210.0,1248.0,0,0
2024,63103,True,32530.0,3212.0,0,0
2024,63104,True,28250.0,1194.0,0,0
2024,63106L,True,27400.0,1889.0,0,0
2024,63108,True,45150.0,2107.0,0,0
2024,63109L,True,25000.0,3161.0,0,0
2024,63401L,True,20000.0,1540.0,0,0
2024,63402L,True,20000.0,1556.0,0,0
2024,63403L,True,24810.0,1599.0,9,0
2024,63407,True,24140.0,1520.0,7,0
2024,63414L,True,20070.0,3002.0,1,0
2024,63421,True,19500.0,1561.0,0,0
2024,63422L,True,27110.0,2079.0,0,0
2024,63428L,True,20250.0,1189.0,0,0
2024,63430L,True,27290.0,1557.0,7,0
2024,63434L,True,26140.0,1104.0,2,0
2024,63435,True,17040.0,1798.0,0,0
2024,64101L,True,20130.0,1297.0,0,0
2024,64105L,True,17240.0,1109.0,1,1
2024,64106L,True,26120.0,1980.0,0,0
2024,64201L,True,17000.0,1528.0,0,0
2024,64202L,True,23310.0,1903.0,0,0
2024,65101L,True,23820.0,2011.0,0,0
2024,65201L,True,20890.0,2776.0,3,0
2024,65212L,True,17000.0,1696.0,0,0
2024,65238,True,35040.0,2215.0,3,0
2024,71101L,True,30700.0,3929.0,0,0
2024,72001L,True,55220.0,4504.0,1,0
2024,72203L,True,50140.0,6005.0,0,0
2024,72206L,True,24700.0,21299.0,50,24
2024,72210L,True,20500.0,1950.0,66,0
2024,72213,True,42540.0,2857.0,19,0
2024,72214L,True,36420.0,1365.0,6,3
2024,72215,True,52040.0,6027.0,198,29
2024,72225,True,91290.0,4699.0,0,0
2024,72231L,True,60170.0,4419.0,0,0
2024,72234,True,20000.0,1256.0,0,0
2024,72301L,True,24230.0,1255.0,279,78
2024,72303L,True,19310.0,1661.0,304,78
2024,72306L,True,22540.0,1124.0,311,78
2024,72308L,True,15750.0,1293.0,314,78
2024,72310L,True,27070.0,1407.0,314,78
2024,72313L,True,12330.0,1474.0,311,78
2024,72315L,True,17000.0,1679.0,306,78
2024,72317L,True,19500.0,5263.0,309,78
2024,72319L,True,19320.0,1592.0,315,78
2024,72325L,True,31170.0,1766.0,229,64
2024,72328L,True,31670.0,1474.0,321,75
2024,72330L,True,30000.0,1930.0,316,78
2024,72336L,True,19820.0,16325.0,210,58
2024,72340,True,21510.0,1977.0,236,51
2024,72341L,True,31290.0,1713.0,7,0
2024,72342,True,41740.0,2998.0,145,40
2024,72350,True,57040.0,2450.0,117,40
2024,72351,True,82710.0,1653.0,38,25
2024,72353L,True,26710.0,14589.0,135,40
2024,72355,True,25170.0,3051.0,140,40
2024,72356,True,20490.0,4685.0,131,46
2024,72358L,True,33150.0,1953.0,218,29
2024,72403L,True,35270.0,1341.0,0,0
2024,72406,True,30230.0,1376.0,3,3
2024,72408,True,23040.0,1456.0,3,3
2024,72416L,True,20000.0,1696.0,3,3
2024,72420L,True,26120.0,2372.0,0,0
2024,72424L,True,19770.0,1716.0,1,0
2024,72503L,True,43090.0,3827.0,0,0
2024,72508L,True,58420.0,2240.0,0,0
2024,72518,True,52200.0,3406.0,6,5
2024,72601,True,21500.0,18480.0,275,53
2024,72602L,True,27040.0,1851.0,282,53
2024,72604,True,40170.0,2746.0,289,53
2024,72605,True,39880.0,1858.0,279,53
2024,72606L,True,31500.0,1222.0,296,53
2024,72611,True,35820.0,1830.0,306,53
2024,72614,True,30000.0,2986.0,286,53
2024,72615,True,39040.0,1544.0,285,53
2024,72616L,True,30360.0,3706.0,283,53
2024,72618,True,37020.0,2160.0,277,52
2024,72620,True,40020.0,1688.0,263,52
2024,72621,True,31590.0,1091.0,295,53
2024,72622,True,33670.0,1339.0,296,53
2024,72623,True,20650.0,13760.0,237,52
2024,72624L,True,35200.0,3874.0,225,28
2024,72625L,True,35400.0,5204.0,126,28
2024,72627L,True,31280.0,4258.0,179,28
2024,72628,True,20140.0,13322.0,135,28
2024,72631,True,35040.0,1533.0,253,53
2024,72632L,True,28340.0,1065.0,278,53
2024,72634,True,28330.0,6723.0,123,29
2024,72635,True,25100.0,1047.0,288,53
2024,72807,True,41380.0,1410.0,41,38
2024,72808L,True,32930.0,2340.0,41,38
2024,72813,True,19180.0,1274.0,39,38
2024,72814L,True,77270.0,3266.0,0,0
2024,72820L,True,22400.0,1956.0,4,0
2024,72823L,True,28310.0,2780.0,3,1
2024,72828,True,40250.0,1363.0,4,4
2024,72904L,True,60000.0,2070.0,0,0
2024,72908,True,24170.0,1475.0,0,0
2024,72917L,True,50070.0,1075.0,0,0
2024,72919L,True,32040.0,1429.0,5,5
2024,72925L,True,82890.0,1521.0,0,0
2024,72928L,True,50040.0,1734.0,8,0
2024,72930L,True,76250.0,2605.0,24,22
2024,72932L,True,60110.0,15705.0,13,13
2024,73101L,True,35440.0,2148.0,0,0
2024,73201L,True,73410.0,4429.0,0,0
2024,74105L,True,44150.0,2323.0,0,0
2024,74106L,True,45000.0,1892.0,2,0
2024,74108L,True,47070.0,3043.0,0,0
2024,74122,True,48000.0,1634.0,0,0
2024,75107L,True,74700.0,3984.0,4,0
2024,75302L,True,110140.0,1010.0,2,0
2024,75303,True,126980.0,1367.0,1,0
2024,75312,True,46370.0,5836.0,16,0
2024,75313,True,92170.0,11983.0,0,0
2024,75314,True,54000.0,1358.0,8,1
2024,75315L,True,52300.0,3372.0,9,0
2024,75322L,True,19460.0,1259.0,35,14
2024,75323L,True,24670.0,2018.0,34,14
2024,75326L,True,55500.0,2886.0,6,0
2024,75327L,True,15690.0,9892.0,34,14
2024,75334L,True,61980.0,1756.0,0,0
2024,75347L,True,30200.0,8619.0,39,14
2024,75401,True,19000.0,1299.0,147,77
2024,75402L,True,20000.0,1484.0,158,82
2024,75407,True,19000.0,1132.0,155,80
2024,75409,True,26940.0,1558.0,150,80
2024,75410,True,29700.0,3853.0,156,80
2024,75411,True,24470.0,1884.0,155,79
2024,75413,True,19040.0,15126.0,124,70
2024,75416,True,55110.0,1167.0,149,80
2024,75417,True,18760.0,4115.0,37,10
2024,75430L,True,31300.0,1632.0,177,123
2024,75438,True,40070.0,9273.0,113,59
2024,75440L,True,15850.0,13914.0,58,19
2024,75442L,True,64900.0,1980.0,0,0
2024,75446,True,120140.0,2027.0,95,56
2024,75501L,True,19950.0,10123.0,144,71
2024,75504,True,21300.0,14191.0,66,20
2024,75506,True,15540.0,15740.0,177,76
2024,75507L,True,27040.0,1626.0,67,20
2024,75509L,True,36000.0,1105.0,0,0
2024,75511L,True,36700.0,1912.0,173,72
2024,75513,True,26860.0,2758.0,171,70
2024,75514,True,31600.0,2656.0,102,19
2024,75515L,True,32740.0,1503.0,57,19
2024,75518L,True,46770.0,6053.0,70,40
2024,75523L,True,18100.0,29555.0,44,20
2024,75601,True,16160.0,8477.0,127,113
2024,75602L,True,70070.0,11507.0,65,65
2024,75603,True,14680.0,4861.0,123,109
2024,75604,True,54760.0,8251.0,67,42
2024,75610L,True,30270.0,2419.0,28,3
2024,75612L,True,40180.0,1914.0,14,1
2024,75614L,True,31540.0,1280.0,0,0
2024,75617L,True,38520.0,24223.0,69,53
2024,75618L,True,40010.0,15367.0,137,114
2024,75620L,True,36690.0,6335.0,103,52
2024,75625,True,22500.0,11716.0,17,3
2024,75626,True,31040.0,7960.0,13,1
2024,75627,True,55170.0,2155.0,13,1
2024,75706L,True,45020.0,1814.0,1,1
2024,75708,True,28640.0,10072.0,26,5
2024,75710,True,17140.0,6382.0,47,6
2024,75711,True,43950.0,25722.0,34,5
2024,75712,True,72260.0,8275.0,65,16
2024,75713,True,30040.0,2714.0,61,11
2024,75714L,True,20580.0,15908.0,117,64
2024,75716,True,30850.0,23777.0,80,32
2024,75717L,True,35700.0,3402.0,128,81
2024,75719,True,24010.0,13044.0,0,0
2024,75720,True,40950.0,4483.0,128,81
2024,75721,True,35850.0,1512.0,117,81
2024,75722,True,45760.0,5539.0,111,81
2024,75723,True,66520.0,1709.0,110,81
2024,75724,True,50070.0,3196.0,110,81
2024,75725,True,33070.0,1609.0,110,81
2024,75726,True,60040.0,1775.0,110,81
2024,75727,True,41920.0,2979.0,111,81
2024,75728,True,42540.0,2735.0,4,0
2024,75730L,True,40170.0,1251.0,22,6
2024,75731,True,69890.0,3193.0,118,79
2024,75732L,True,32220.0,12248.0,104,68
2024,75733,True,34040.0,9617.0,27,0
2024,75736,True,26110.0,14561.0,93,75
2024,75737,True,54040.0,3770.0,0,0
2024,75738L,True,67070.0,11526.0,17,7
2024,75739,True,70050.0,12596.0,17,7
2024,75740,True,45450.0,2591.0,121,74
2024,75741,True,72100.0,2356.0,1,1
2024,75802L,True,60070.0,2131.0,210,103
2024,75804,True,39040.0,4133.0,201,118
2024,75805,True,34320.0,3415.0,223,119
2024,75807,True,16610.0,7970.0,199,118
2024,75810L,True,23320.0,17602.0,95,29
2024,75815,True,13500.0,4386.0,171,106
2024,75816L,True,24600.0,1502.0,153,83
2024,75820L,True,36170.0,1840.0,0,0
2024,75824,True,39940.0,4495.0,192,113
2024,75901L,True,27170.0,1133.0,11,0
2024,75908L,True,34000.0,2270.0,39,0
2024,75909,True,79700.0,2192.0,25,0
2024,75910,True,35050.0,4706.0,18,0
2024,75911L,True,99360.0,1547.0,26,0
2024,75913,True,71440.0,1567.0,30,9
2024,75914L,True,28270.0,3541.0,43,21
2024,75916,True,25990.0,5422.0,131,51
2024,75917,True,49170.0,1632.0,151,69
2024,75918,True,80010.0,14583.0,15,0
2024,75919L,True,16990.0,17296.0,152,76
2024,75921,True,30040.0,3195.0,109,50
2024,75923,True,38000.0,3921.0,147,72
2024,75927,True,19240.0,9143.0,11,3
2024,75929L,True,26080.0,2050.0,8,0
2024,75931,True,65040.0,2724.0,114,67
2024,75932L,True,50200.0,2068.0,233,150
2024,75938,True,27730.0,5968.0,33,20
2024,75939,True,19050.0,5443.0,94,61
2024,75940L,True,36540.0,2390.0,81,49
2024,75943,True,22670.0,12320.0,69,31
2024,75944,True,15190.0,1836.0,86,36
2024,75945,True,25140.0,17492.0,5,0
2024,81101L,True,63820.0,2725.0,0,0
2024,82001L,True,51790.0,1137.0,3,2
2024,82006L,True,30000.0,2320.0,0,0
2024,82009,True,35190.0,1721.0,1,1
2024,82010L,True,40940.0,1888.0,0,0
2024,82101L,True,50480.0,1432.0,0,0
2024,82201L,True,65170.0,1485.0,0,0
2024,82204L,True,35270.0,1261.0,0,0
2024,82209,True,36670.0,2522.0,90,90
2024,82214L,True,41860.0,1935.0,0,0
2024,82301L,True,55000.0,1615.0,0,0
2024,82327,True,62940.0,2379.0,3,2
2024,82502,True,37460.0,1335.0,90,90
2024,82503L,True,30040.0,2444.0,59,59
2024,82601L,True,33130.0,4255.0,90,90
2024,82602,True,24000.0,1528.0,90,90
2024,82603,True,25040.0,2517.0,0,0
2024,82701L,True,40140.0,1628.0,90,89
2024,82703L,True,30240.0,2245.0,53,53
2024,82901L,True,31300.0,2343.0,0,0
2024,82907L,True,44100.0,1331.0,2,1
2024,83102L,True,80950.0,2393.0,0,0
2024,83106,True,45000.0,2337.0,0,0
2024,83107L,True,51000.0,1871.0,0,0
2024,83108L,True,36510.0,1503.0,0,0
2024,83109,True,65120.0,1312.0,0,0
2024,83112,True,36480.0,2369.0,0,0
2024,83113L,True,45090.0,2428.0,0,0
2024,83121,True,35020.0,2115.0,0,0
2024,83122,True,144670.0,2192.0,0,0
2024,83124,True,68000.0,2046.0,0,0
2024,83125L,True,31620.0,2271.0,0,0
2024,83127L,True,50350.0,1629.0,0,0
2024,83201L,True,47850.0,2208.0,0,0
2024,83208L,True,32540.0,1266.0,0,0
2024,83211,True,50390.0,1358.0,0,0
2024,83304L,True,39040.0,15295.0,122,61
2024,83305L,True,68930.0,14342.0,0,0
2024,83312,True,22080.0,19934.0,65,38
2024,83313,True,30470.0,14219.0,119,54
2024,83501,True,23480.0,16316.0,11,0
2024,83502L,True,30170.0,5889.0,1,0
2024,83601L,True,38210.0,1920.0,79,64
2024,83609L,True,47810.0,4617.0,129,110
2024,83613,True,22510.0,18923.0,0,0
2024,83614L,True,47340.0,7336.0,132,117
2024,83616L,True,38570.0,16097.0,129,117
2024,83618,True,50040.0,8900.0,129,117
2024,83619,True,30000.0,4742.0,129,117
2024,83620,True,43540.0,2348.0,132,120
2024,83622L,True,54980.0,4314.0,220,157
2024,83624,True,20040.0,15419.0,232,165
2024,83701L,True,28160.0,1386.0,109,47
2024,83705L,True,32640.0,7027.0,119,57
2024,83709,True,26590.0,13575.0,139,78
2024,83710,True,30200.0,6691.0,289,160
2024,83711,True,26300.0,7527.0,113,50
2024,83712,True,56550.0,11393.0,141,59
2024,83713L,True,29830.0,17053.0,111,50
2024,83715,True,52210.0,12289.0,196,70
2024,83801,True,30620.0,33336.0,214,76
2024,83802L,True,52250.0,5294.0,252,123
2024,83804,True,29380.0,6052.0,169,70
2024,83805,True,54190.0,11994.0,175,76
2024,83806L,True,87680.0,3088.0,192,94
2024,83808,True,38070.0,12077.0,254,130
2024,83809,True,49970.0,11767.0,237,99
2024,83810L,True,75100.0,2504.0,180,87
2024,83812,True,74320.0,11595.0,171,87
2024,83813,True,25910.0,14765.0,159,86
2024,83814,True,50210.0,9678.0,143,87
2024,83901L,True,49790.0,1151.0,0,0
2024,83905L,True,61240.0,39444.0,1,1
2024,83912,True,53470.0,7396.0,1,1
2024,91101L,True,32070.0,2400.0,0,0
2024,91208L,True,37150.0,1906.0,0,0
2024,91217,True,49530.0,2418.0,26,25
2024,92001L,True,23310.0,2989.0,25,25
2024,92004,True,23890.0,9243.0,108,108
2024,92005,True,25700.0,1515.0,111,111
2024,92006L,True,16040.0,1022.0,35,35
2024,92007L,True,26140.0,1937.0,89,89
2024,92010,True,18140.0,1283.0,105,105
2024,92013,True,21350.0,1780.0,109,109
2024,93101L,True,16180.0,1102.0,0,0
2024,93115,True,30020.0,1601.0,1,0
2024,93116L,True,26040.0,1542.0,0,0
2024,93201L,True,36230.0,2154.0,0,0
2024,94401L,True,20040.0,2169.0,28,0
2024,94411,True,12170.0,1509.0,28,0
2024,95001L,True,30470.0,3177.0,0,0
2024,95003L,True,30000.0,2252.0,16,1
2024,95006L,True,24040.0,38445.0,28,7
2024,95013L,True,17950.0,11116.0,16,1
2024,95014L,True,59200.0,1043.0,0,0
2024,95033,True,24140.0,17390.0,1,0
2024,95035,True,28170.0,12298.0,54,37
2024,95036,True,54720.0,30308.0,57,35
2024,96101L,True,26000.0,4446.0,0,0
2024,96201,True,20400.0,3143.0,21,1
2024,97101L,True,75340.0,4189.0,0,0
2024,97106L,True,66700.0,7401.0,0,0
2024,97107,True,78870.0,7762.0,2,2
2024,97501,True,56720.0,12388.0,8,0
2024,97502L,True,40280.0,2021.0,0,0
2024,97601L,True,21590.0,2026.0,21,21
2024,97602L,True,22570.0,2083.0,21,21
2024,97608L,True,20140.0,1633.0,21,21
